Workbook
Name \T: #REF!
Name __dao1: #REF!
Name __dao2: #REF!
Name __dap2: #REF!
Name __day1: #REF!
Name __day2: #REF!
Name __dbu1: #REF!
Name __dbu2: #REF!
Name __doi3: #REF!
Name __E99999: #REF!
Name __Jan02: #REF!
Name __lap1: #REF!
Name __lap2: #REF!
Name __vc1: #REF!
Name __vc2: #REF!
Name __vc3: #REF!
Name _01_01_99: #REF!
Name _01_02_99: #REF!
Name _01_03_99: #REF!
Name _01_04_99: #REF!
Name _01_05_99: #REF!
Name _01_06_99: #REF!
Name _01_07_99: #REF!
Name _01_08_1999: #REF!
Name _1CAP002: #REF!
Name _2STREO7: #REF!
Name _4GOIC01: #REF!
Name _4OSLCTT: #REF!
Name _6BNTTTH: #REF!
Name _6DCTTBO: #REF!
Name _6DD24TT: #REF!
Name _6FCOTBU: #REF!
Name _6LATUBU: #REF!
Name _6SDTT24: #REF!
Name _6TBUDTT: #REF!
Name _6TDDDTT: #REF!
Name _6TLTTTH: #REF!
Name _6TUBUTT: #REF!
Name _6UCLVIS: #REF!
Name _7DNCABC: #REF!
Name _7HDCTBU: #REF!
Name _7PKTUBU: #REF!
Name _7TBHT20: #REF!
Name _7TBHT30: #REF!
Name _7TDCABC: #REF!
Name _dao1: #REF!
Name _dao2: #REF!
Name _dap2: #REF!
Name _day1: #REF!
Name _day2: #REF!
Name _dbu1: #REF!
Name _dbu2: #REF!
Name _doi3: #REF!
Name _E99999: #REF!
Name _Jan02: #REF!
Name _lap1: #REF!
Name _lap2: #REF!
Name _vc1: #REF!
Name _vc2: #REF!
Name _vc3: #REF!

Sheet 1. 2020-2025
D1: DANH MỤC TÀI SẢN CỐ ĐỊNH | G1: MMTB chính | H1: =SUMIF($C$9:$C$500,$G$1,$S$9:$S$500) -> 0 | S1: Hết khấu hao
D2: 45961 | G2: MMTB phụ | K2: 323120 | L2: 273154 | M2: =K2-L2 -> 49966
G3: TSCĐ vô hình | H3: =SUMIF($C$9:$C$500,$G$3,$S$9:$S$500) -> 0 | K3: =26000 -> 26000 | L3: =26000 -> 26000 | M3: =K3-L3 -> 0
K4: =K2*K3 -> 8401120000 | L4: =L2*L3 -> 7102004000 | M4: =K4-L4 -> 1299116000 | CL4: 2025
S5: =S8+S42 -> 1.4016614e+09 | T5: 2020 | AH5: 2021 | AV5: 2022 | BJ5: 2023 | BX5: 2024 | CL5: =SUM(CL7,CL86,CL159,CL280) -> 7.6952557e+09 | CM5: =SUM(CM7,CM86,CM159,CM280) -> 7.7199311e+09 | CN5: =SUM(CN7,CN86,CN159,CN280) -> 7.9127276e+09 | CO5: =SUM(CO7,CO86,CO159,CO280) -> 8.0468246e+09 | CP5: =SUM(CP7,CP86,CP159,CP280) -> 8.0692514e+09 | CQ5: =SUM(CQ7,CQ86,CQ159,CQ280) -> 8.0638617e+09 | CR5: =SUM(CR7,CR86,CR159,CR280) -> 8.0704204e+09 | CS5: =SUM(CS7,CS86,CS159,CS280) -> 8.0769039e+09 | ... CY5: =SUM(CY7,CY86,CY159,CY280) -> 4.0789988e+11
A6: Phân loại | B6: Phân nhóm SP | C6: Công đoạn | D6: Nhóm tài sản | E6: Mã tài sản | F6: Diễn giải tài sản 1 | G6: Ngày ghi nhận TS | H6: Ngày bắt đầu KH | I6: T/G Khấu hao | J6: Cost center | L6: Work center | M6: Nhóm TK | N6: Tài khoản KH | O6: Tài khoản KH KTQT xác định | P6: Nguyên giá đầu kỳ (ngoại tệ) | Q6: Loại ngoại tê | R6: Nguyên giá đầu kỳ (VNĐ) | S6: Gía trị khấu hao 1 tháng | T6: 1 | U6: =+T6+1 -> 2 | V6: =+U6+1 -> 3 | W6: =+V6+1 -> 4 | X6: =+W6+1 -> 5 | Y6: =+X6+1 -> 6 | Z6: =+Y6+1 -> 7 | AA6: =+Z6+1 -> 8 | AB6: =+AA6+1 -> 9 | ... AE6: =+AD6+1 -> 12 | AF6: Số tiền khấu hao năm 2020 | AG6: Giá trị còn lại năm 2020 | AH6: 1 | AI6: 2 | AJ6: 3 | AK6: 4 | AL6: 5 | AM6: 6 | AN6: 7 | AO6: 8 | AP6: 9 | AQ6: 10 | AR6: 11 | AS6: 12 | AT6: Số tiền khấu hao năm 2021 | AU6: Giá trị còn lại năm 2021 | AV6: 1 | AW6: 2 | AX6: 3 | AY6: 4 | AZ6: 5 | BA6: 6 | BB6: 7 | BC6: 8 | BD6: 9 | BE6: 10 | BF6: 11 | BG6: 12 | BH6: Số tiền khấu hao năm 2022 | BI6: Giá trị còn lại năm 2022 | BJ6: 1 | BK6: 2 | BL6: 3 | BM6: 4 | BN6: 5 | BO6: 6 | BP6: 7 | BQ6: 8 | BR6: 9 | BS6: 10 | BT6: 11 | BU6: 12 | BV6: Số tiền khấu hao năm 2023 | BW6: Giá trị còn lại năm 2023 | BX6: 1 | BY6: 2 | BZ6: 3 | CA6: 4 | CB6: 5 | CC6: 6 | CD6: 7 | CE6: 8 | CF6: 9 | CG6: 10 | CH6: 11 | CI6: 12 | CJ6: Số tiền khấu hao năm 2024 | CK6: Giá trị còn lại năm 2024 | CL6: 1 | CM6: 2 | CN6: 3 | CO6: 4 | CP6: 5 | CQ6: 6 | CR6: 7 | CS6: 8 | CT6: 9 | CU6: 10 | CV6: 11 | CW6: 12 | CX6: Số tiền khấu hao năm 2025 | CY6: Giá trị còn lại năm 2025
E7: 1 | F7: DANH MỤC TSCĐ NHÀ XƯỞNG | S7: =+S8+S42 -> 1.4016614e+09 | T7: =+T8+T42 -> 41638573 | U7: =+U8+U42 -> 41638573 | V7: =+V8+V42 -> 41638573 | W7: =+W8+W42 -> 41638573 | X7: =+X8+X42 -> 41638573 | Y7: =+Y8+Y42 -> 41638573 | Z7: =+Z8+Z42 -> 41638573 | ... CY7: =+CY8+CY42 -> 1.6787466e+11
E8: 1.1 | F8: DTR SỞ HỮU | S8: =SUM(S9:S41) -> 1.6186341e+08 | T8: =SUM(T9:T41) -> 0 | U8: =SUM(U9:U41) -> 0 | V8: =SUM(V9:V41) -> 0 | W8: =SUM(W9:W41) -> 0 | X8: =SUM(X9:X41) -> 0 | Y8: =SUM(Y9:Y41) -> 0 | Z8: =SUM(Z9:Z41) -> 0 | ... CY8: =SUM(CY9:CY41) -> 3.8966693e+09
B9: Chung | C9: =_xlfn.XLOOKUP(E9,'[1]TH_CC (3)'!$E:$E,'[1]TH_CC (3)'!$E:$E) -> #N/A | D9: Z21150A | E9: 113000001 | F9: Thi công hồ cá | G9: 44896 | H9: 44896 | I9: 36 | J9: 1001202000 | K9: Hành chánh nhân sự | M9: =+LEFT(N9,4) -> 6424 | N9: 6424001901 | O9: 6274001901 | R9: 322740000 | S9: 8965000 | T9: =+IF(YEAR($H9)<$T$5,$S9,IF(AND(YEAR($H9)=$T$5,MONTH($H9)<=T$6),$S9,0)) -> 0 | U9: =+IF(YEAR($H9)<$T$5,$S9,IF(AND(YEAR($H9)=$T$5,MONTH($H9)<=U$6),$S9,0)) -> 0 | V9: =+IF(YEAR($H9)<$T$5,$S9,IF(AND(YEAR($H9)=$T$5,MONTH($H9)<=V$6),$S9,0)) -> 0 | W9: =+IF(YEAR($H9)<$T$5,$S9,IF(AND(YEAR($H9)=$T$5,MONTH($H9)<=W$6),$S9,0)) -> 0 | X9: =+IF(YEAR($H9)<$T$5,$S9,IF(AND(YEAR($H9)=$T$5,MONTH($H9)<=X$6),$S9,0)) -> 0 | Y9: =+IF(YEAR($H9)<$T$5,$S9,IF(AND(YEAR($H9)=$T$5,MONTH($H9)<=Y$6),$S9,0)) -> 0 | Z9: =+IF(YEAR($H9)<$T$5,$S9,IF(AND(YEAR($H9)=$T$5,MONTH($H9)<=Z$6),$S9,0)) -> 0 | AA9: =+IF(YEAR($H9)<$T$5,$S9,IF(AND(YEAR($H9)=$T$5,MONTH($H9)<=AA$6),$S9,0)) -> 0 | ... AE9: =+IF(YEAR($H9)<$T$5,$S9,IF(AND(YEAR($H9)=$T$5,MONTH($H9)<=AE$6),$S9,0)) -> 0 | AF9: =+SUM(T9:AE9) -> 0 | AG9: 0 | AH9: =+IF(YEAR($H9)<$AH$5,$S9,IF(AND(YEAR($H9)=$AH$5,MONTH($H9)<=AH$6),$S9,0)) -> 0 | AI9: =+IF(YEAR($H9)<$AH$5,$S9,IF(AND(YEAR($H9)=$AH$5,MONTH($H9)<=AI$6),$S9,0)) -> 0 | AJ9: =+IF(YEAR($H9)<$AH$5,$S9,IF(AND(YEAR($H9)=$AH$5,MONTH($H9)<=AJ$6),$S9,0)) -> 0 | AK9: =+IF(YEAR($H9)<$AH$5,$S9,IF(AND(YEAR($H9)=$AH$5,MONTH($H9)<=AK$6),$S9,0)) -> 0 | AL9: =+IF(YEAR($H9)<$AH$5,$S9,IF(AND(YEAR($H9)=$AH$5,MONTH($H9)<=AL$6),$S9,0)) -> 0 | AM9: =+IF(YEAR($H9)<$AH$5,$S9,IF(AND(YEAR($H9)=$AH$5,MONTH($H9)<=AM$6),$S9,0)) -> 0 | AN9: =+IF(YEAR($H9)<$AH$5,$S9,IF(AND(YEAR($H9)=$AH$5,MONTH($H9)<=AN$6),$S9,0)) -> 0 | AO9: =+IF(YEAR($H9)<$AH$5,$S9,IF(AND(YEAR($H9)=$AH$5,MONTH($H9)<=AO$6),$S9,0)) -> 0 | ... AS9: =+IF(YEAR($H9)<$AH$5,$S9,IF(AND(YEAR($H9)=$AH$5,MONTH($H9)<=AS$6),$S9,0)) -> 0 | AT9: =+SUM(AH9:AS9) -> 0 | AU9: 0 | AV9: =+IF(YEAR($H9)<$AV$5,$S9,IF(AND(YEAR($H9)=$AV$5,MONTH($H9)<=AV$6),$S9,0)) -> 0 | AW9: =+IF(YEAR($H9)<$AV$5,$S9,IF(AND(YEAR($H9)=$AV$5,MONTH($H9)<=AW$6),$S9,0)) -> 0 | AX9: =+IF(YEAR($H9)<$AV$5,$S9,IF(AND(YEAR($H9)=$AV$5,MONTH($H9)<=AX$6),$S9,0)) -> 0 | AY9: =+IF(YEAR($H9)<$AV$5,$S9,IF(AND(YEAR($H9)=$AV$5,MONTH($H9)<=AY$6),$S9,0)) -> 0 | AZ9: =+IF(YEAR($H9)<$AV$5,$S9,IF(AND(YEAR($H9)=$AV$5,MONTH($H9)<=AZ$6),$S9,0)) -> 0 | BA9: =+IF(YEAR($H9)<$AV$5,$S9,IF(AND(YEAR($H9)=$AV$5,MONTH($H9)<=BA$6),$S9,0)) -> 0 | BB9: =+IF(YEAR($H9)<$AV$5,$S9,IF(AND(YEAR($H9)=$AV$5,MONTH($H9)<=BB$6),$S9,0)) -> 0 | BC9: =+IF(YEAR($H9)<$AV$5,$S9,IF(AND(YEAR($H9)=$AV$5,MONTH($H9)<=BC$6),$S9,0)) -> 0 | ... BG9: =+IF(YEAR($H9)<$AV$5,$S9,IF(AND(YEAR($H9)=$AV$5,MONTH($H9)<=BG$6),$S9,0)) -> 8965000 | BH9: =+SUM(AV9:BG9) -> 8965000 | BI9: =+R9-BH9 -> 313775000 | BJ9: =+IF(YEAR($H9)<$BJ$5,$S9,IF(AND(YEAR($H9)=$BJ$5,MONTH($H9)<=BJ$6),$S9,0)) -> 8965000 | BK9: =+IF(YEAR($H9)<$BJ$5,$S9,IF(AND(YEAR($H9)=$BJ$5,MONTH($H9)<=BK$6),$S9,0)) -> 8965000 | BL9: =+IF(YEAR($H9)<$BJ$5,$S9,IF(AND(YEAR($H9)=$BJ$5,MONTH($H9)<=BL$6),$S9,0)) -> 8965000 | BM9: =+IF(YEAR($H9)<$BJ$5,$S9,IF(AND(YEAR($H9)=$BJ$5,MONTH($H9)<=BM$6),$S9,0)) -> 8965000 | BN9: =+IF(YEAR($H9)<$BJ$5,$S9,IF(AND(YEAR($H9)=$BJ$5,MONTH($H9)<=BN$6),$S9,0)) -> 8965000 | BO9: =+IF(YEAR($H9)<$BJ$5,$S9,IF(AND(YEAR($H9)=$BJ$5,MONTH($H9)<=BO$6),$S9,0)) -> 8965000 | BP9: =+IF(YEAR($H9)<$BJ$5,$S9,IF(AND(YEAR($H9)=$BJ$5,MONTH($H9)<=BP$6),$S9,0)) -> 8965000 | BQ9: =+IF(YEAR($H9)<$BJ$5,$S9,IF(AND(YEAR($H9)=$BJ$5,MONTH($H9)<=BQ$6),$S9,0)) -> 8965000 | ... BU9: =+IF(YEAR($H9)<$BJ$5,$S9,IF(AND(YEAR($H9)=$BJ$5,MONTH($H9)<=BU$6),$S9,0)) -> 8965000 | BV9: =+SUM(BJ9:BU9) -> 107580000 | BW9: =+BI9-BV9 -> 206195000 | BX9: =+$S9 -> 8965000 | BY9: =+$S9 -> 8965000 | BZ9: =+$S9 -> 8965000 | CA9: =+$S9 -> 8965000 | CB9: =+$S9 -> 8965000 | CC9: =+$S9 -> 8965000 | CD9: =+$S9 -> 8965000 | CE9: =+$S9 -> 8965000 | ... CI9: =+$S9 -> 8965000 | CJ9: =+SUM(BX9:CI9) -> 107580000 | CK9: =+BW9-CJ9 -> 98615000 | CL9: =+IF(YEAR($H9)<$CL$4,$S9,IF(AND(YEAR($H9)=$CL$4,MONTH($H9)<=CL$6),$S9,0)) -> 8965000 | CM9: =+IF(YEAR($H9)<$CL$4,$S9,IF(AND(YEAR($H9)=$CL$4,MONTH($H9)<=CM$6),$S9,0)) -> 8965000 | CN9: =+IF(YEAR($H9)<$CL$4,$S9,IF(AND(YEAR($H9)=$CL$4,MONTH($H9)<=CN$6),$S9,0)) -> 8965000 | CO9: =+IF(YEAR($H9)<$CL$4,$S9,IF(AND(YEAR($H9)=$CL$4,MONTH($H9)<=CO$6),$S9,0)) -> 8965000 | CP9: =+IF(YEAR($H9)<$CL$4,$S9,IF(AND(YEAR($H9)=$CL$4,MONTH($H9)<=CP$6),$S9,0)) -> 8965000 | CQ9: =+IF(YEAR($H9)<$CL$4,$S9,IF(AND(YEAR($H9)=$CL$4,MONTH($H9)<=CQ$6),$S9,0)) -> 8965000 | CR9: =+IF(YEAR($H9)<$CL$4,$S9,IF(AND(YEAR($H9)=$CL$4,MONTH($H9)<=CR$6),$S9,0)) -> 8965000 | CS9: =+IF(YEAR($H9)<$CL$4,$S9,IF(AND(YEAR($H9)=$CL$4,MONTH($H9)<=CS$6),$S9,0)) -> 8965000 | ... CV9: =+IF(YEAR($H9)<$CL$4,$S9,IF(AND(YEAR($H9)=$CL$4,MONTH($H9)<=CV$6),$S9,0)) -> 8965000 | CX9: =+SUM(CL9:CW9) -> 98615000 | CY9: =+CK9-CX9 -> 0
B10: Chung | C10: =_xlfn.XLOOKUP(E10,'[1]TH_CC (3)'!$E:$E,'[1]TH_CC (3)'!$E:$E) -> 103000005 | D10: Z21110A | E10: 103000005 | F10: Cửa cổng chính số 02 và 03 | G10: 44985 | H10: 44986 | I10: 36 | J10: 1001202000 | K10: Hành chánh nhân sự | M10: =+LEFT(N10,4) -> 6424 | N10: 6424001901 | R10: 184508875 | S10: 5125246.5 | T10: =+IF(YEAR($H10)<$T$5,$S10,IF(AND(YEAR($H10)=$T$5,MONTH($H10)<=T$6),$S10,0)) -> 0 | U10: =+IF(YEAR($H10)<$T$5,$S10,IF(AND(YEAR($H10)=$T$5,MONTH($H10)<=U$6),$S10,0)) -> 0 | V10: =+IF(YEAR($H10)<$T$5,$S10,IF(AND(YEAR($H10)=$T$5,MONTH($H10)<=V$6),$S10,0)) -> 0 | W10: =+IF(YEAR($H10)<$T$5,$S10,IF(AND(YEAR($H10)=$T$5,MONTH($H10)<=W$6),$S10,0)) -> 0 | X10: =+IF(YEAR($H10)<$T$5,$S10,IF(AND(YEAR($H10)=$T$5,MONTH($H10)<=X$6),$S10,0)) -> 0 | Y10: =+IF(YEAR($H10)<$T$5,$S10,IF(AND(YEAR($H10)=$T$5,MONTH($H10)<=Y$6),$S10,0)) -> 0 | Z10: =+IF(YEAR($H10)<$T$5,$S10,IF(AND(YEAR($H10)=$T$5,MONTH($H10)<=Z$6),$S10,0)) -> 0 | AA10: =+IF(YEAR($H10)<$T$5,$S10,IF(AND(YEAR($H10)=$T$5,MONTH($H10)<=AA$6),$S10,0)) -> 0 | ... AE10: =+IF(YEAR($H10)<$T$5,$S10,IF(AND(YEAR($H10)=$T$5,MONTH($H10)<=AE$6),$S10,0)) -> 0 | AF10: =+SUM(T10:AE10) -> 0 | AG10: 0 | AH10: =+IF(YEAR($H10)<$AH$5,$S10,IF(AND(YEAR($H10)=$AH$5,MONTH($H10)<=AH$6),$S10,0)) -> 0 | AI10: =+IF(YEAR($H10)<$AH$5,$S10,IF(AND(YEAR($H10)=$AH$5,MONTH($H10)<=AI$6),$S10,0)) -> 0 | AJ10: =+IF(YEAR($H10)<$AH$5,$S10,IF(AND(YEAR($H10)=$AH$5,MONTH($H10)<=AJ$6),$S10,0)) -> 0 | AK10: =+IF(YEAR($H10)<$AH$5,$S10,IF(AND(YEAR($H10)=$AH$5,MONTH($H10)<=AK$6),$S10,0)) -> 0 | AL10: =+IF(YEAR($H10)<$AH$5,$S10,IF(AND(YEAR($H10)=$AH$5,MONTH($H10)<=AL$6),$S10,0)) -> 0 | AM10: =+IF(YEAR($H10)<$AH$5,$S10,IF(AND(YEAR($H10)=$AH$5,MONTH($H10)<=AM$6),$S10,0)) -> 0 | AN10: =+IF(YEAR($H10)<$AH$5,$S10,IF(AND(YEAR($H10)=$AH$5,MONTH($H10)<=AN$6),$S10,0)) -> 0 | AO10: =+IF(YEAR($H10)<$AH$5,$S10,IF(AND(YEAR($H10)=$AH$5,MONTH($H10)<=AO$6),$S10,0)) -> 0 | ... AS10: =+IF(YEAR($H10)<$AH$5,$S10,IF(AND(YEAR($H10)=$AH$5,MONTH($H10)<=AS$6),$S10,0)) -> 0 | AT10: =+SUM(AH10:AS10) -> 0 | AU10: 0 | AV10: =+IF(YEAR($H10)<$AV$5,$S10,IF(AND(YEAR($H10)=$AV$5,MONTH($H10)<=AV$6),$S10,0)) -> 0 | AW10: =+IF(YEAR($H10)<$AV$5,$S10,IF(AND(YEAR($H10)=$AV$5,MONTH($H10)<=AW$6),$S10,0)) -> 0 | AX10: =+IF(YEAR($H10)<$AV$5,$S10,IF(AND(YEAR($H10)=$AV$5,MONTH($H10)<=AX$6),$S10,0)) -> 0 | AY10: =+IF(YEAR($H10)<$AV$5,$S10,IF(AND(YEAR($H10)=$AV$5,MONTH($H10)<=AY$6),$S10,0)) -> 0 | AZ10: =+IF(YEAR($H10)<$AV$5,$S10,IF(AND(YEAR($H10)=$AV$5,MONTH($H10)<=AZ$6),$S10,0)) -> 0 | BA10: =+IF(YEAR($H10)<$AV$5,$S10,IF(AND(YEAR($H10)=$AV$5,MONTH($H10)<=BA$6),$S10,0)) -> 0 | BB10: =+IF(YEAR($H10)<$AV$5,$S10,IF(AND(YEAR($H10)=$AV$5,MONTH($H10)<=BB$6),$S10,0)) -> 0 | BC10: =+IF(YEAR($H10)<$AV$5,$S10,IF(AND(YEAR($H10)=$AV$5,MONTH($H10)<=BC$6),$S10,0)) -> 0 | ... BG10: =+IF(YEAR($H10)<$AV$5,$S10,IF(AND(YEAR($H10)=$AV$5,MONTH($H10)<=BG$6),$S10,0)) -> 0 | BH10: =+SUM(AV10:BG10) -> 0 | BI10: 0 | BJ10: =+IF(YEAR($H10)<$BJ$5,$S10,IF(AND(YEAR($H10)=$BJ$5,MONTH($H10)<=BJ$6),$S10,0)) -> 0 | BK10: =+IF(YEAR($H10)<$BJ$5,$S10,IF(AND(YEAR($H10)=$BJ$5,MONTH($H10)<=BK$6),$S10,0)) -> 0 | BL10: =+IF(YEAR($H10)<$BJ$5,$S10,IF(AND(YEAR($H10)=$BJ$5,MONTH($H10)<=BL$6),$S10,0)) -> 5125246.5 | BM10: =+IF(YEAR($H10)<$BJ$5,$S10,IF(AND(YEAR($H10)=$BJ$5,MONTH($H10)<=BM$6),$S10,0)) -> 5125246.5 | BN10: =+IF(YEAR($H10)<$BJ$5,$S10,IF(AND(YEAR($H10)=$BJ$5,MONTH($H10)<=BN$6),$S10,0)) -> 5125246.5 | BO10: =+IF(YEAR($H10)<$BJ$5,$S10,IF(AND(YEAR($H10)=$BJ$5,MONTH($H10)<=BO$6),$S10,0)) -> 5125246.5 | BP10: =+IF(YEAR($H10)<$BJ$5,$S10,IF(AND(YEAR($H10)=$BJ$5,MONTH($H10)<=BP$6),$S10,0)) -> 5125246.5 | BQ10: =+IF(YEAR($H10)<$BJ$5,$S10,IF(AND(YEAR($H10)=$BJ$5,MONTH($H10)<=BQ$6),$S10,0)) -> 5125246.5 | ... BU10: =+IF(YEAR($H10)<$BJ$5,$S10,IF(AND(YEAR($H10)=$BJ$5,MONTH($H10)<=BU$6),$S10,0)) -> 5125246.5 | BV10: =+SUM(BJ10:BU10) -> 51252465 | BW10: =+R10-BV10 -> 1.3325641e+08 | BX10: =+IF(YEAR($H10)<$BX$5,$S10,IF(AND(YEAR($H10)=$BX$5,MONTH($H10)<=BX$6),$S10,0)) -> 5125246.5 | BY10: =+IF(YEAR($H10)<$BX$5,$S10,IF(AND(YEAR($H10)=$BX$5,MONTH($H10)<=BY$6),$S10,0)) -> 5125246.5 | BZ10: =+IF(YEAR($H10)<$BX$5,$S10,IF(AND(YEAR($H10)=$BX$5,MONTH($H10)<=BZ$6),$S10,0)) -> 5125246.5 | CA10: =+IF(YEAR($H10)<$BX$5,$S10,IF(AND(YEAR($H10)=$BX$5,MONTH($H10)<=CA$6),$S10,0)) -> 5125246.5 | CB10: =+IF(YEAR($H10)<$BX$5,$S10,IF(AND(YEAR($H10)=$BX$5,MONTH($H10)<=CB$6),$S10,0)) -> 5125246.5 | CC10: =+IF(YEAR($H10)<$BX$5,$S10,IF(AND(YEAR($H10)=$BX$5,MONTH($H10)<=CC$6),$S10,0)) -> 5125246.5 | CD10: =+IF(YEAR($H10)<$BX$5,$S10,IF(AND(YEAR($H10)=$BX$5,MONTH($H10)<=CD$6),$S10,0)) -> 5125246.5 | CE10: =+IF(YEAR($H10)<$BX$5,$S10,IF(AND(YEAR($H10)=$BX$5,MONTH($H10)<=CE$6),$S10,0)) -> 5125246.5 | ... CI10: =+IF(YEAR($H10)<$BX$5,$S10,IF(AND(YEAR($H10)=$BX$5,MONTH($H10)<=CI$6),$S10,0)) -> 5125246.5 | CJ10: =+SUM(BX10:CI10) -> 61502958 | CK10: =+BW10-CJ10 -> 71753451 | CL10: =+IF(YEAR($H10)<$CL$4,$S10,IF(AND(YEAR($H10)=$CL$4,MONTH($H10)<=CL$6),$S10,0)) -> 5125246.5 | CM10: =+IF(YEAR($H10)<$CL$4,$S10,IF(AND(YEAR($H10)=$CL$4,MONTH($H10)<=CM$6),$S10,0)) -> 5125246.5 | CN10: =+IF(YEAR($H10)<$CL$4,$S10,IF(AND(YEAR($H10)=$CL$4,MONTH($H10)<=CN$6),$S10,0)) -> 5125246.5 | CO10: =+IF(YEAR($H10)<$CL$4,$S10,IF(AND(YEAR($H10)=$CL$4,MONTH($H10)<=CO$6),$S10,0)) -> 5125246.5 | CP10: =+IF(YEAR($H10)<$CL$4,$S10,IF(AND(YEAR($H10)=$CL$4,MONTH($H10)<=CP$6),$S10,0)) -> 5125246.5 | CQ10: =+IF(YEAR($H10)<$CL$4,$S10,IF(AND(YEAR($H10)=$CL$4,MONTH($H10)<=CQ$6),$S10,0)) -> 5125246.5 | CR10: =+IF(YEAR($H10)<$CL$4,$S10,IF(AND(YEAR($H10)=$CL$4,MONTH($H10)<=CR$6),$S10,0)) -> 5125246.5 | CS10: =+IF(YEAR($H10)<$CL$4,$S10,IF(AND(YEAR($H10)=$CL$4,MONTH($H10)<=CS$6),$S10,0)) -> 5125246.5 | ... CW10: =+IF(YEAR($H10)<$CL$4,$S10,IF(AND(YEAR($H10)=$CL$4,MONTH($H10)<=CW$6),$S10,0)) -> 5125246.5 | CX10: =+SUM(CL10:CW10) -> 61502958 | CY10: =+CK10-CX10 -> 10250493
B11: Chung | C11: =_xlfn.XLOOKUP(E11,'[1]TH_CC (3)'!$E:$E,'[1]TH_CC (3)'!$E:$E) -> 117000001 | D11: Z21180A | E11: 117000001 | F11: Nguồn bơm giếng và tưới cỏ | G11: 44985 | H11: 44986 | I11: 36 | J11: 1001202000 | K11: Hành chánh nhân sự | M11: =+LEFT(N11,4) -> 6424 | N11: 6424001909 | O11: 6424001909 | R11: 308593906 | S11: 8572053 | T11: =+IF(YEAR($H11)<$T$5,$S11,IF(AND(YEAR($H11)=$T$5,MONTH($H11)<=T$6),$S11,0)) -> 0 | U11: =+IF(YEAR($H11)<$T$5,$S11,IF(AND(YEAR($H11)=$T$5,MONTH($H11)<=U$6),$S11,0)) -> 0 | V11: =+IF(YEAR($H11)<$T$5,$S11,IF(AND(YEAR($H11)=$T$5,MONTH($H11)<=V$6),$S11,0)) -> 0 | W11: =+IF(YEAR($H11)<$T$5,$S11,IF(AND(YEAR($H11)=$T$5,MONTH($H11)<=W$6),$S11,0)) -> 0 | X11: =+IF(YEAR($H11)<$T$5,$S11,IF(AND(YEAR($H11)=$T$5,MONTH($H11)<=X$6),$S11,0)) -> 0 | Y11: =+IF(YEAR($H11)<$T$5,$S11,IF(AND(YEAR($H11)=$T$5,MONTH($H11)<=Y$6),$S11,0)) -> 0 | Z11: =+IF(YEAR($H11)<$T$5,$S11,IF(AND(YEAR($H11)=$T$5,MONTH($H11)<=Z$6),$S11,0)) -> 0 | AA11: =+IF(YEAR($H11)<$T$5,$S11,IF(AND(YEAR($H11)=$T$5,MONTH($H11)<=AA$6),$S11,0)) -> 0 | ... AE11: =+IF(YEAR($H11)<$T$5,$S11,IF(AND(YEAR($H11)=$T$5,MONTH($H11)<=AE$6),$S11,0)) -> 0 | AF11: =+SUM(T11:AE11) -> 0 | AG11: 0 | AH11: =+IF(YEAR($H11)<$AH$5,$S11,IF(AND(YEAR($H11)=$AH$5,MONTH($H11)<=AH$6),$S11,0)) -> 0 | AI11: =+IF(YEAR($H11)<$AH$5,$S11,IF(AND(YEAR($H11)=$AH$5,MONTH($H11)<=AI$6),$S11,0)) -> 0 | AJ11: =+IF(YEAR($H11)<$AH$5,$S11,IF(AND(YEAR($H11)=$AH$5,MONTH($H11)<=AJ$6),$S11,0)) -> 0 | AK11: =+IF(YEAR($H11)<$AH$5,$S11,IF(AND(YEAR($H11)=$AH$5,MONTH($H11)<=AK$6),$S11,0)) -> 0 | AL11: =+IF(YEAR($H11)<$AH$5,$S11,IF(AND(YEAR($H11)=$AH$5,MONTH($H11)<=AL$6),$S11,0)) -> 0 | AM11: =+IF(YEAR($H11)<$AH$5,$S11,IF(AND(YEAR($H11)=$AH$5,MONTH($H11)<=AM$6),$S11,0)) -> 0 | AN11: =+IF(YEAR($H11)<$AH$5,$S11,IF(AND(YEAR($H11)=$AH$5,MONTH($H11)<=AN$6),$S11,0)) -> 0 | AO11: =+IF(YEAR($H11)<$AH$5,$S11,IF(AND(YEAR($H11)=$AH$5,MONTH($H11)<=AO$6),$S11,0)) -> 0 | ... AS11: =+IF(YEAR($H11)<$AH$5,$S11,IF(AND(YEAR($H11)=$AH$5,MONTH($H11)<=AS$6),$S11,0)) -> 0 | AT11: =+SUM(AH11:AS11) -> 0 | AU11: 0 | AV11: =+IF(YEAR($H11)<$AV$5,$S11,IF(AND(YEAR($H11)=$AV$5,MONTH($H11)<=AV$6),$S11,0)) -> 0 | AW11: =+IF(YEAR($H11)<$AV$5,$S11,IF(AND(YEAR($H11)=$AV$5,MONTH($H11)<=AW$6),$S11,0)) -> 0 | AX11: =+IF(YEAR($H11)<$AV$5,$S11,IF(AND(YEAR($H11)=$AV$5,MONTH($H11)<=AX$6),$S11,0)) -> 0 | AY11: =+IF(YEAR($H11)<$AV$5,$S11,IF(AND(YEAR($H11)=$AV$5,MONTH($H11)<=AY$6),$S11,0)) -> 0 | AZ11: =+IF(YEAR($H11)<$AV$5,$S11,IF(AND(YEAR($H11)=$AV$5,MONTH($H11)<=AZ$6),$S11,0)) -> 0 | BA11: =+IF(YEAR($H11)<$AV$5,$S11,IF(AND(YEAR($H11)=$AV$5,MONTH($H11)<=BA$6),$S11,0)) -> 0 | BB11: =+IF(YEAR($H11)<$AV$5,$S11,IF(AND(YEAR($H11)=$AV$5,MONTH($H11)<=BB$6),$S11,0)) -> 0 | BC11: =+IF(YEAR($H11)<$AV$5,$S11,IF(AND(YEAR($H11)=$AV$5,MONTH($H11)<=BC$6),$S11,0)) -> 0 | ... BG11: =+IF(YEAR($H11)<$AV$5,$S11,IF(AND(YEAR($H11)=$AV$5,MONTH($H11)<=BG$6),$S11,0)) -> 0 | BH11: =+SUM(AV11:BG11) -> 0 | BI11: 0 | BJ11: =+IF(YEAR($H11)<$BJ$5,$S11,IF(AND(YEAR($H11)=$BJ$5,MONTH($H11)<=BJ$6),$S11,0)) -> 0 | BK11: =+IF(YEAR($H11)<$BJ$5,$S11,IF(AND(YEAR($H11)=$BJ$5,MONTH($H11)<=BK$6),$S11,0)) -> 0 | BL11: =+IF(YEAR($H11)<$BJ$5,$S11,IF(AND(YEAR($H11)=$BJ$5,MONTH($H11)<=BL$6),$S11,0)) -> 8572053 | BM11: =+IF(YEAR($H11)<$BJ$5,$S11,IF(AND(YEAR($H11)=$BJ$5,MONTH($H11)<=BM$6),$S11,0)) -> 8572053 | BN11: =+IF(YEAR($H11)<$BJ$5,$S11,IF(AND(YEAR($H11)=$BJ$5,MONTH($H11)<=BN$6),$S11,0)) -> 8572053 | BO11: =+IF(YEAR($H11)<$BJ$5,$S11,IF(AND(YEAR($H11)=$BJ$5,MONTH($H11)<=BO$6),$S11,0)) -> 8572053 | BP11: =+IF(YEAR($H11)<$BJ$5,$S11,IF(AND(YEAR($H11)=$BJ$5,MONTH($H11)<=BP$6),$S11,0)) -> 8572053 | BQ11: =+IF(YEAR($H11)<$BJ$5,$S11,IF(AND(YEAR($H11)=$BJ$5,MONTH($H11)<=BQ$6),$S11,0)) -> 8572053 | ... BU11: =+IF(YEAR($H11)<$BJ$5,$S11,IF(AND(YEAR($H11)=$BJ$5,MONTH($H11)<=BU$6),$S11,0)) -> 8572053 | BV11: =+SUM(BJ11:BU11) -> 85720530 | BW11: =+R11-BV11 -> 222873376 | BX11: =+$S11 -> 8572053 | BY11: =+$S11 -> 8572053 | BZ11: =+$S11 -> 8572053 | CA11: =+$S11 -> 8572053 | CB11: =+$S11 -> 8572053 | CC11: =+$S11 -> 8572053 | CD11: =+$S11 -> 8572053 | CE11: =+$S11 -> 8572053 | ... CI11: =+$S11 -> 8572053 | CJ11: =+SUM(BX11:CI11) -> 102864636 | CK11: =+BW11-CJ11 -> 120008740 | CL11: =+IF(YEAR($H11)<$CL$4,$S11,IF(AND(YEAR($H11)=$CL$4,MONTH($H11)<=CL$6),$S11,0)) -> 8572053 | CM11: =+IF(YEAR($H11)<$CL$4,$S11,IF(AND(YEAR($H11)=$CL$4,MONTH($H11)<=CM$6),$S11,0)) -> 8572053 | CN11: =+IF(YEAR($H11)<$CL$4,$S11,IF(AND(YEAR($H11)=$CL$4,MONTH($H11)<=CN$6),$S11,0)) -> 8572053 | CO11: =+IF(YEAR($H11)<$CL$4,$S11,IF(AND(YEAR($H11)=$CL$4,MONTH($H11)<=CO$6),$S11,0)) -> 8572053 | CP11: =+IF(YEAR($H11)<$CL$4,$S11,IF(AND(YEAR($H11)=$CL$4,MONTH($H11)<=CP$6),$S11,0)) -> 8572053 | CQ11: =+IF(YEAR($H11)<$CL$4,$S11,IF(AND(YEAR($H11)=$CL$4,MONTH($H11)<=CQ$6),$S11,0)) -> 8572053 | CR11: =+IF(YEAR($H11)<$CL$4,$S11,IF(AND(YEAR($H11)=$CL$4,MONTH($H11)<=CR$6),$S11,0)) -> 8572053 | CS11: =+IF(YEAR($H11)<$CL$4,$S11,IF(AND(YEAR($H11)=$CL$4,MONTH($H11)<=CS$6),$S11,0)) -> 8572053 | ... CW11: =+IF(YEAR($H11)<$CL$4,$S11,IF(AND(YEAR($H11)=$CL$4,MONTH($H11)<=CW$6),$S11,0)) -> 8572053 | CX11: =+SUM(CL11:CW11) -> 102864636 | CY11: =+CK11-CX11 -> 17144104
B12: Chung | C12: =_xlfn.XLOOKUP(E12,'[1]TH_CC (3)'!$E:$E,'[1]TH_CC (3)'!$E:$E) -> 117000002 | D12: Z21180A | E12: 117000002 | F12: Hạng mục phụ nhà xưởng (VP F02, bó vĩa, điện, sơn) | G12: 45016 | H12: 45017 | I12: 36 | J12: 1001202000 | K12: Hành chánh nhân sự | M12: =+LEFT(N12,4) -> 6424 | N12: 6424001909 | O12: 6424001909 | R12: 807761229 | S12: 22437812 | T12: =+IF(YEAR($H12)<$T$5,$S12,IF(AND(YEAR($H12)=$T$5,MONTH($H12)<=T$6),$S12,0)) -> 0 | U12: =+IF(YEAR($H12)<$T$5,$S12,IF(AND(YEAR($H12)=$T$5,MONTH($H12)<=U$6),$S12,0)) -> 0 | V12: =+IF(YEAR($H12)<$T$5,$S12,IF(AND(YEAR($H12)=$T$5,MONTH($H12)<=V$6),$S12,0)) -> 0 | W12: =+IF(YEAR($H12)<$T$5,$S12,IF(AND(YEAR($H12)=$T$5,MONTH($H12)<=W$6),$S12,0)) -> 0 | X12: =+IF(YEAR($H12)<$T$5,$S12,IF(AND(YEAR($H12)=$T$5,MONTH($H12)<=X$6),$S12,0)) -> 0 | Y12: =+IF(YEAR($H12)<$T$5,$S12,IF(AND(YEAR($H12)=$T$5,MONTH($H12)<=Y$6),$S12,0)) -> 0 | Z12: =+IF(YEAR($H12)<$T$5,$S12,IF(AND(YEAR($H12)=$T$5,MONTH($H12)<=Z$6),$S12,0)) -> 0 | AA12: =+IF(YEAR($H12)<$T$5,$S12,IF(AND(YEAR($H12)=$T$5,MONTH($H12)<=AA$6),$S12,0)) -> 0 | ... AE12: =+IF(YEAR($H12)<$T$5,$S12,IF(AND(YEAR($H12)=$T$5,MONTH($H12)<=AE$6),$S12,0)) -> 0 | AF12: =+SUM(T12:AE12) -> 0 | AG12: 0 | AH12: =+IF(YEAR($H12)<$AH$5,$S12,IF(AND(YEAR($H12)=$AH$5,MONTH($H12)<=AH$6),$S12,0)) -> 0 | AI12: =+IF(YEAR($H12)<$AH$5,$S12,IF(AND(YEAR($H12)=$AH$5,MONTH($H12)<=AI$6),$S12,0)) -> 0 | AJ12: =+IF(YEAR($H12)<$AH$5,$S12,IF(AND(YEAR($H12)=$AH$5,MONTH($H12)<=AJ$6),$S12,0)) -> 0 | AK12: =+IF(YEAR($H12)<$AH$5,$S12,IF(AND(YEAR($H12)=$AH$5,MONTH($H12)<=AK$6),$S12,0)) -> 0 | AL12: =+IF(YEAR($H12)<$AH$5,$S12,IF(AND(YEAR($H12)=$AH$5,MONTH($H12)<=AL$6),$S12,0)) -> 0 | AM12: =+IF(YEAR($H12)<$AH$5,$S12,IF(AND(YEAR($H12)=$AH$5,MONTH($H12)<=AM$6),$S12,0)) -> 0 | AN12: =+IF(YEAR($H12)<$AH$5,$S12,IF(AND(YEAR($H12)=$AH$5,MONTH($H12)<=AN$6),$S12,0)) -> 0 | AO12: =+IF(YEAR($H12)<$AH$5,$S12,IF(AND(YEAR($H12)=$AH$5,MONTH($H12)<=AO$6),$S12,0)) -> 0 | ... AS12: =+IF(YEAR($H12)<$AH$5,$S12,IF(AND(YEAR($H12)=$AH$5,MONTH($H12)<=AS$6),$S12,0)) -> 0 | AT12: =+SUM(AH12:AS12) -> 0 | AU12: 0 | AV12: =+IF(YEAR($H12)<$AV$5,$S12,IF(AND(YEAR($H12)=$AV$5,MONTH($H12)<=AV$6),$S12,0)) -> 0 | AW12: =+IF(YEAR($H12)<$AV$5,$S12,IF(AND(YEAR($H12)=$AV$5,MONTH($H12)<=AW$6),$S12,0)) -> 0 | AX12: =+IF(YEAR($H12)<$AV$5,$S12,IF(AND(YEAR($H12)=$AV$5,MONTH($H12)<=AX$6),$S12,0)) -> 0 | AY12: =+IF(YEAR($H12)<$AV$5,$S12,IF(AND(YEAR($H12)=$AV$5,MONTH($H12)<=AY$6),$S12,0)) -> 0 | AZ12: =+IF(YEAR($H12)<$AV$5,$S12,IF(AND(YEAR($H12)=$AV$5,MONTH($H12)<=AZ$6),$S12,0)) -> 0 | BA12: =+IF(YEAR($H12)<$AV$5,$S12,IF(AND(YEAR($H12)=$AV$5,MONTH($H12)<=BA$6),$S12,0)) -> 0 | BB12: =+IF(YEAR($H12)<$AV$5,$S12,IF(AND(YEAR($H12)=$AV$5,MONTH($H12)<=BB$6),$S12,0)) -> 0 | BC12: =+IF(YEAR($H12)<$AV$5,$S12,IF(AND(YEAR($H12)=$AV$5,MONTH($H12)<=BC$6),$S12,0)) -> 0 | ... BG12: =+IF(YEAR($H12)<$AV$5,$S12,IF(AND(YEAR($H12)=$AV$5,MONTH($H12)<=BG$6),$S12,0)) -> 0 | BH12: =+SUM(AV12:BG12) -> 0 | BI12: 0 | BJ12: =+IF(YEAR($H12)<$BJ$5,$S12,IF(AND(YEAR($H12)=$BJ$5,MONTH($H12)<=BJ$6),$S12,0)) -> 0 | BK12: =+IF(YEAR($H12)<$BJ$5,$S12,IF(AND(YEAR($H12)=$BJ$5,MONTH($H12)<=BK$6),$S12,0)) -> 0 | BL12: =+IF(YEAR($H12)<$BJ$5,$S12,IF(AND(YEAR($H12)=$BJ$5,MONTH($H12)<=BL$6),$S12,0)) -> 0 | BM12: =+IF(YEAR($H12)<$BJ$5,$S12,IF(AND(YEAR($H12)=$BJ$5,MONTH($H12)<=BM$6),$S12,0)) -> 22437812 | BN12: =+IF(YEAR($H12)<$BJ$5,$S12,IF(AND(YEAR($H12)=$BJ$5,MONTH($H12)<=BN$6),$S12,0)) -> 22437812 | BO12: =+IF(YEAR($H12)<$BJ$5,$S12,IF(AND(YEAR($H12)=$BJ$5,MONTH($H12)<=BO$6),$S12,0)) -> 22437812 | BP12: =+IF(YEAR($H12)<$BJ$5,$S12,IF(AND(YEAR($H12)=$BJ$5,MONTH($H12)<=BP$6),$S12,0)) -> 22437812 | BQ12: =+IF(YEAR($H12)<$BJ$5,$S12,IF(AND(YEAR($H12)=$BJ$5,MONTH($H12)<=BQ$6),$S12,0)) -> 22437812 | ... BU12: =+IF(YEAR($H12)<$BJ$5,$S12,IF(AND(YEAR($H12)=$BJ$5,MONTH($H12)<=BU$6),$S12,0)) -> 22437812 | BV12: =+SUM(BJ12:BU12) -> 201940308 | BW12: =+R12-BV12 -> 605820921 | BX12: =+$S12 -> 22437812 | BY12: =+$S12 -> 22437812 | BZ12: =+$S12 -> 22437812 | CA12: =+$S12 -> 22437812 | CB12: =+$S12 -> 22437812 | CC12: =+$S12 -> 22437812 | CD12: =+$S12 -> 22437812 | CE12: =+$S12 -> 22437812 | ... CI12: =+$S12 -> 22437812 | CJ12: =+SUM(BX12:CI12) -> 269253744 | CK12: =+BW12-CJ12 -> 336567177 | CL12: =+IF(YEAR($H12)<$CL$4,$S12,IF(AND(YEAR($H12)=$CL$4,MONTH($H12)<=CL$6),$S12,0)) -> 22437812 | CM12: =+IF(YEAR($H12)<$CL$4,$S12,IF(AND(YEAR($H12)=$CL$4,MONTH($H12)<=CM$6),$S12,0)) -> 22437812 | CN12: =+IF(YEAR($H12)<$CL$4,$S12,IF(AND(YEAR($H12)=$CL$4,MONTH($H12)<=CN$6),$S12,0)) -> 22437812 | CO12: =+IF(YEAR($H12)<$CL$4,$S12,IF(AND(YEAR($H12)=$CL$4,MONTH($H12)<=CO$6),$S12,0)) -> 22437812 | CP12: =+IF(YEAR($H12)<$CL$4,$S12,IF(AND(YEAR($H12)=$CL$4,MONTH($H12)<=CP$6),$S12,0)) -> 22437812 | CQ12: =+IF(YEAR($H12)<$CL$4,$S12,IF(AND(YEAR($H12)=$CL$4,MONTH($H12)<=CQ$6),$S12,0)) -> 22437812 | CR12: =+IF(YEAR($H12)<$CL$4,$S12,IF(AND(YEAR($H12)=$CL$4,MONTH($H12)<=CR$6),$S12,0)) -> 22437812 | CS12: =+IF(YEAR($H12)<$CL$4,$S12,IF(AND(YEAR($H12)=$CL$4,MONTH($H12)<=CS$6),$S12,0)) -> 22437812 | ... CW12: =+IF(YEAR($H12)<$CL$4,$S12,IF(AND(YEAR($H12)=$CL$4,MONTH($H12)<=CW$6),$S12,0)) -> 22437812 | CX12: =+SUM(CL12:CW12) -> 269253744 | CY12: =+CK12-CX12 -> 67313433
A13: 6274.4 | B13: Chung | C13: =_xlfn.XLOOKUP(E13,'[1]TH_CC (3)'!$E:$E,'[1]TH_CC (3)'!$E:$E) -> 115000006 | D13: Z21180P | E13: 115000006 | F13: Bãi tập kết rác F6 | G13: 45141 | H13: 45108 | I13: 36 | J13: 1001602000 | K13: Xưởng sản xuất PET | M13: =+LEFT(N13,4) -> 6274 | N13: 6274001909 | O13: 6274001909 | R13: 102096978 | S13: 2836027 | T13: =+IF(YEAR($H13)<$T$5,$S13,IF(AND(YEAR($H13)=$T$5,MONTH($H13)<=T$6),$S13,0)) -> 0 | U13: =+IF(YEAR($H13)<$T$5,$S13,IF(AND(YEAR($H13)=$T$5,MONTH($H13)<=U$6),$S13,0)) -> 0 | V13: =+IF(YEAR($H13)<$T$5,$S13,IF(AND(YEAR($H13)=$T$5,MONTH($H13)<=V$6),$S13,0)) -> 0 | W13: =+IF(YEAR($H13)<$T$5,$S13,IF(AND(YEAR($H13)=$T$5,MONTH($H13)<=W$6),$S13,0)) -> 0 | X13: =+IF(YEAR($H13)<$T$5,$S13,IF(AND(YEAR($H13)=$T$5,MONTH($H13)<=X$6),$S13,0)) -> 0 | Y13: =+IF(YEAR($H13)<$T$5,$S13,IF(AND(YEAR($H13)=$T$5,MONTH($H13)<=Y$6),$S13,0)) -> 0 | Z13: =+IF(YEAR($H13)<$T$5,$S13,IF(AND(YEAR($H13)=$T$5,MONTH($H13)<=Z$6),$S13,0)) -> 0 | AA13: =+IF(YEAR($H13)<$T$5,$S13,IF(AND(YEAR($H13)=$T$5,MONTH($H13)<=AA$6),$S13,0)) -> 0 | ... AE13: =+IF(YEAR($H13)<$T$5,$S13,IF(AND(YEAR($H13)=$T$5,MONTH($H13)<=AE$6),$S13,0)) -> 0 | AF13: =+SUM(T13:AE13) -> 0 | AG13: 0 | AH13: =+IF(YEAR($H13)<$AH$5,$S13,IF(AND(YEAR($H13)=$AH$5,MONTH($H13)<=AH$6),$S13,0)) -> 0 | AI13: =+IF(YEAR($H13)<$AH$5,$S13,IF(AND(YEAR($H13)=$AH$5,MONTH($H13)<=AI$6),$S13,0)) -> 0 | AJ13: =+IF(YEAR($H13)<$AH$5,$S13,IF(AND(YEAR($H13)=$AH$5,MONTH($H13)<=AJ$6),$S13,0)) -> 0 | AK13: =+IF(YEAR($H13)<$AH$5,$S13,IF(AND(YEAR($H13)=$AH$5,MONTH($H13)<=AK$6),$S13,0)) -> 0 | AL13: =+IF(YEAR($H13)<$AH$5,$S13,IF(AND(YEAR($H13)=$AH$5,MONTH($H13)<=AL$6),$S13,0)) -> 0 | AM13: =+IF(YEAR($H13)<$AH$5,$S13,IF(AND(YEAR($H13)=$AH$5,MONTH($H13)<=AM$6),$S13,0)) -> 0 | AN13: =+IF(YEAR($H13)<$AH$5,$S13,IF(AND(YEAR($H13)=$AH$5,MONTH($H13)<=AN$6),$S13,0)) -> 0 | AO13: =+IF(YEAR($H13)<$AH$5,$S13,IF(AND(YEAR($H13)=$AH$5,MONTH($H13)<=AO$6),$S13,0)) -> 0 | ... AS13: =+IF(YEAR($H13)<$AH$5,$S13,IF(AND(YEAR($H13)=$AH$5,MONTH($H13)<=AS$6),$S13,0)) -> 0 | AT13: =+SUM(AH13:AS13) -> 0 | AU13: 0 | AV13: =+IF(YEAR($H13)<$AV$5,$S13,IF(AND(YEAR($H13)=$AV$5,MONTH($H13)<=AV$6),$S13,0)) -> 0 | AW13: =+IF(YEAR($H13)<$AV$5,$S13,IF(AND(YEAR($H13)=$AV$5,MONTH($H13)<=AW$6),$S13,0)) -> 0 | AX13: =+IF(YEAR($H13)<$AV$5,$S13,IF(AND(YEAR($H13)=$AV$5,MONTH($H13)<=AX$6),$S13,0)) -> 0 | AY13: =+IF(YEAR($H13)<$AV$5,$S13,IF(AND(YEAR($H13)=$AV$5,MONTH($H13)<=AY$6),$S13,0)) -> 0 | AZ13: =+IF(YEAR($H13)<$AV$5,$S13,IF(AND(YEAR($H13)=$AV$5,MONTH($H13)<=AZ$6),$S13,0)) -> 0 | BA13: =+IF(YEAR($H13)<$AV$5,$S13,IF(AND(YEAR($H13)=$AV$5,MONTH($H13)<=BA$6),$S13,0)) -> 0 | BB13: =+IF(YEAR($H13)<$AV$5,$S13,IF(AND(YEAR($H13)=$AV$5,MONTH($H13)<=BB$6),$S13,0)) -> 0 | BC13: =+IF(YEAR($H13)<$AV$5,$S13,IF(AND(YEAR($H13)=$AV$5,MONTH($H13)<=BC$6),$S13,0)) -> 0 | ... BG13: =+IF(YEAR($H13)<$AV$5,$S13,IF(AND(YEAR($H13)=$AV$5,MONTH($H13)<=BG$6),$S13,0)) -> 0 | BH13: =+SUM(AV13:BG13) -> 0 | BI13: 0 | BJ13: =+IF(YEAR($H13)<$BJ$5,$S13,IF(AND(YEAR($H13)=$BJ$5,MONTH($H13)<=BJ$6),$S13,0)) -> 0 | BK13: =+IF(YEAR($H13)<$BJ$5,$S13,IF(AND(YEAR($H13)=$BJ$5,MONTH($H13)<=BK$6),$S13,0)) -> 0 | BL13: =+IF(YEAR($H13)<$BJ$5,$S13,IF(AND(YEAR($H13)=$BJ$5,MONTH($H13)<=BL$6),$S13,0)) -> 0 | BM13: =+IF(YEAR($H13)<$BJ$5,$S13,IF(AND(YEAR($H13)=$BJ$5,MONTH($H13)<=BM$6),$S13,0)) -> 0 | BN13: =+IF(YEAR($H13)<$BJ$5,$S13,IF(AND(YEAR($H13)=$BJ$5,MONTH($H13)<=BN$6),$S13,0)) -> 0 | BO13: =+IF(YEAR($H13)<$BJ$5,$S13,IF(AND(YEAR($H13)=$BJ$5,MONTH($H13)<=BO$6),$S13,0)) -> 0 | BP13: =+IF(YEAR($H13)<$BJ$5,$S13,IF(AND(YEAR($H13)=$BJ$5,MONTH($H13)<=BP$6),$S13,0)) -> 2836027 | BQ13: =+IF(YEAR($H13)<$BJ$5,$S13,IF(AND(YEAR($H13)=$BJ$5,MONTH($H13)<=BQ$6),$S13,0)) -> 2836027 | ... BU13: =+IF(YEAR($H13)<$BJ$5,$S13,IF(AND(YEAR($H13)=$BJ$5,MONTH($H13)<=BU$6),$S13,0)) -> 2836027 | BV13: =+SUM(BJ13:BU13) -> 17016162 | BW13: =+R13-BV13 -> 85080816 | BX13: =+$S13 -> 2836027 | BY13: =+$S13 -> 2836027 | BZ13: =+$S13 -> 2836027 | CA13: =+$S13 -> 2836027 | CB13: =+$S13 -> 2836027 | CC13: =+$S13 -> 2836027 | CD13: =+$S13 -> 2836027 | CE13: =+$S13 -> 2836027 | ... CI13: =+$S13 -> 2836027 | CJ13: =+SUM(BX13:CI13) -> 34032324 | CK13: =+BW13-CJ13 -> 51048492 | CL13: =+IF(YEAR($H13)<$CL$4,$S13,IF(AND(YEAR($H13)=$CL$4,MONTH($H13)<=CL$6),$S13,0)) -> 2836027 | CM13: =+IF(YEAR($H13)<$CL$4,$S13,IF(AND(YEAR($H13)=$CL$4,MONTH($H13)<=CM$6),$S13,0)) -> 2836027 | CN13: =+IF(YEAR($H13)<$CL$4,$S13,IF(AND(YEAR($H13)=$CL$4,MONTH($H13)<=CN$6),$S13,0)) -> 2836027 | CO13: =+IF(YEAR($H13)<$CL$4,$S13,IF(AND(YEAR($H13)=$CL$4,MONTH($H13)<=CO$6),$S13,0)) -> 2836027 | CP13: =+IF(YEAR($H13)<$CL$4,$S13,IF(AND(YEAR($H13)=$CL$4,MONTH($H13)<=CP$6),$S13,0)) -> 2836027 | CQ13: =+IF(YEAR($H13)<$CL$4,$S13,IF(AND(YEAR($H13)=$CL$4,MONTH($H13)<=CQ$6),$S13,0)) -> 2836027 | CR13: =+IF(YEAR($H13)<$CL$4,$S13,IF(AND(YEAR($H13)=$CL$4,MONTH($H13)<=CR$6),$S13,0)) -> 2836027 | CS13: =+IF(YEAR($H13)<$CL$4,$S13,IF(AND(YEAR($H13)=$CL$4,MONTH($H13)<=CS$6),$S13,0)) -> 2836027 | ... CW13: =+IF(YEAR($H13)<$CL$4,$S13,IF(AND(YEAR($H13)=$CL$4,MONTH($H13)<=CW$6),$S13,0)) -> 2836027 | CX13: =+SUM(CL13:CW13) -> 34032324 | CY13: =+CK13-CX13 -> 17016168
A14: 6274.4 | B14: Chung | C14: =_xlfn.XLOOKUP(E14,'[1]TH_CC (3)'!$E:$E,'[1]TH_CC (3)'!$E:$E) -> 115000008 | D14: Z21180P | E14: 115000008 | F14: Thi công nhà bạt F6 | G14: 45141 | H14: 45108 | I14: 36 | J14: 1001602000 | K14: Xưởng sản xuất PET | M14: =+LEFT(N14,4) -> 6274 | N14: 6274001909 | O14: 6274001909 | R14: 53030000 | S14: 1473055 | T14: =+IF(YEAR($H14)<$T$5,$S14,IF(AND(YEAR($H14)=$T$5,MONTH($H14)<=T$6),$S14,0)) -> 0 | U14: =+IF(YEAR($H14)<$T$5,$S14,IF(AND(YEAR($H14)=$T$5,MONTH($H14)<=U$6),$S14,0)) -> 0 | V14: =+IF(YEAR($H14)<$T$5,$S14,IF(AND(YEAR($H14)=$T$5,MONTH($H14)<=V$6),$S14,0)) -> 0 | W14: =+IF(YEAR($H14)<$T$5,$S14,IF(AND(YEAR($H14)=$T$5,MONTH($H14)<=W$6),$S14,0)) -> 0 | X14: =+IF(YEAR($H14)<$T$5,$S14,IF(AND(YEAR($H14)=$T$5,MONTH($H14)<=X$6),$S14,0)) -> 0 | Y14: =+IF(YEAR($H14)<$T$5,$S14,IF(AND(YEAR($H14)=$T$5,MONTH($H14)<=Y$6),$S14,0)) -> 0 | Z14: =+IF(YEAR($H14)<$T$5,$S14,IF(AND(YEAR($H14)=$T$5,MONTH($H14)<=Z$6),$S14,0)) -> 0 | AA14: =+IF(YEAR($H14)<$T$5,$S14,IF(AND(YEAR($H14)=$T$5,MONTH($H14)<=AA$6),$S14,0)) -> 0 | ... AE14: =+IF(YEAR($H14)<$T$5,$S14,IF(AND(YEAR($H14)=$T$5,MONTH($H14)<=AE$6),$S14,0)) -> 0 | AF14: =+SUM(T14:AE14) -> 0 | AG14: 0 | AH14: =+IF(YEAR($H14)<$AH$5,$S14,IF(AND(YEAR($H14)=$AH$5,MONTH($H14)<=AH$6),$S14,0)) -> 0 | AI14: =+IF(YEAR($H14)<$AH$5,$S14,IF(AND(YEAR($H14)=$AH$5,MONTH($H14)<=AI$6),$S14,0)) -> 0 | AJ14: =+IF(YEAR($H14)<$AH$5,$S14,IF(AND(YEAR($H14)=$AH$5,MONTH($H14)<=AJ$6),$S14,0)) -> 0 | AK14: =+IF(YEAR($H14)<$AH$5,$S14,IF(AND(YEAR($H14)=$AH$5,MONTH($H14)<=AK$6),$S14,0)) -> 0 | AL14: =+IF(YEAR($H14)<$AH$5,$S14,IF(AND(YEAR($H14)=$AH$5,MONTH($H14)<=AL$6),$S14,0)) -> 0 | AM14: =+IF(YEAR($H14)<$AH$5,$S14,IF(AND(YEAR($H14)=$AH$5,MONTH($H14)<=AM$6),$S14,0)) -> 0 | AN14: =+IF(YEAR($H14)<$AH$5,$S14,IF(AND(YEAR($H14)=$AH$5,MONTH($H14)<=AN$6),$S14,0)) -> 0 | AO14: =+IF(YEAR($H14)<$AH$5,$S14,IF(AND(YEAR($H14)=$AH$5,MONTH($H14)<=AO$6),$S14,0)) -> 0 | ... AS14: =+IF(YEAR($H14)<$AH$5,$S14,IF(AND(YEAR($H14)=$AH$5,MONTH($H14)<=AS$6),$S14,0)) -> 0 | AT14: =+SUM(AH14:AS14) -> 0 | AU14: 0 | AV14: =+IF(YEAR($H14)<$AV$5,$S14,IF(AND(YEAR($H14)=$AV$5,MONTH($H14)<=AV$6),$S14,0)) -> 0 | AW14: =+IF(YEAR($H14)<$AV$5,$S14,IF(AND(YEAR($H14)=$AV$5,MONTH($H14)<=AW$6),$S14,0)) -> 0 | AX14: =+IF(YEAR($H14)<$AV$5,$S14,IF(AND(YEAR($H14)=$AV$5,MONTH($H14)<=AX$6),$S14,0)) -> 0 | AY14: =+IF(YEAR($H14)<$AV$5,$S14,IF(AND(YEAR($H14)=$AV$5,MONTH($H14)<=AY$6),$S14,0)) -> 0 | AZ14: =+IF(YEAR($H14)<$AV$5,$S14,IF(AND(YEAR($H14)=$AV$5,MONTH($H14)<=AZ$6),$S14,0)) -> 0 | BA14: =+IF(YEAR($H14)<$AV$5,$S14,IF(AND(YEAR($H14)=$AV$5,MONTH($H14)<=BA$6),$S14,0)) -> 0 | BB14: =+IF(YEAR($H14)<$AV$5,$S14,IF(AND(YEAR($H14)=$AV$5,MONTH($H14)<=BB$6),$S14,0)) -> 0 | BC14: =+IF(YEAR($H14)<$AV$5,$S14,IF(AND(YEAR($H14)=$AV$5,MONTH($H14)<=BC$6),$S14,0)) -> 0 | ... BG14: =+IF(YEAR($H14)<$AV$5,$S14,IF(AND(YEAR($H14)=$AV$5,MONTH($H14)<=BG$6),$S14,0)) -> 0 | BH14: =+SUM(AV14:BG14) -> 0 | BI14: 0 | BJ14: =+IF(YEAR($H14)<$BJ$5,$S14,IF(AND(YEAR($H14)=$BJ$5,MONTH($H14)<=BJ$6),$S14,0)) -> 0 | BK14: =+IF(YEAR($H14)<$BJ$5,$S14,IF(AND(YEAR($H14)=$BJ$5,MONTH($H14)<=BK$6),$S14,0)) -> 0 | BL14: =+IF(YEAR($H14)<$BJ$5,$S14,IF(AND(YEAR($H14)=$BJ$5,MONTH($H14)<=BL$6),$S14,0)) -> 0 | BM14: =+IF(YEAR($H14)<$BJ$5,$S14,IF(AND(YEAR($H14)=$BJ$5,MONTH($H14)<=BM$6),$S14,0)) -> 0 | BN14: =+IF(YEAR($H14)<$BJ$5,$S14,IF(AND(YEAR($H14)=$BJ$5,MONTH($H14)<=BN$6),$S14,0)) -> 0 | BO14: =+IF(YEAR($H14)<$BJ$5,$S14,IF(AND(YEAR($H14)=$BJ$5,MONTH($H14)<=BO$6),$S14,0)) -> 0 | BP14: =+IF(YEAR($H14)<$BJ$5,$S14,IF(AND(YEAR($H14)=$BJ$5,MONTH($H14)<=BP$6),$S14,0)) -> 1473055 | BQ14: =+IF(YEAR($H14)<$BJ$5,$S14,IF(AND(YEAR($H14)=$BJ$5,MONTH($H14)<=BQ$6),$S14,0)) -> 1473055 | ... BU14: =+IF(YEAR($H14)<$BJ$5,$S14,IF(AND(YEAR($H14)=$BJ$5,MONTH($H14)<=BU$6),$S14,0)) -> 1473055 | BV14: =+SUM(BJ14:BU14) -> 8838330 | BW14: =+R14-BV14 -> 44191670 | BX14: =+$S14 -> 1473055 | BY14: =+$S14 -> 1473055 | BZ14: =+$S14 -> 1473055 | CA14: =+$S14 -> 1473055 | CB14: =+$S14 -> 1473055 | CC14: =+$S14 -> 1473055 | CD14: =+$S14 -> 1473055 | CE14: =+$S14 -> 1473055 | ... CI14: =+$S14 -> 1473055 | CJ14: =+SUM(BX14:CI14) -> 17676660 | CK14: =+BW14-CJ14 -> 26515010 | CL14: =+IF(YEAR($H14)<$CL$4,$S14,IF(AND(YEAR($H14)=$CL$4,MONTH($H14)<=CL$6),$S14,0)) -> 1473055 | CM14: =+IF(YEAR($H14)<$CL$4,$S14,IF(AND(YEAR($H14)=$CL$4,MONTH($H14)<=CM$6),$S14,0)) -> 1473055 | CN14: =+IF(YEAR($H14)<$CL$4,$S14,IF(AND(YEAR($H14)=$CL$4,MONTH($H14)<=CN$6),$S14,0)) -> 1473055 | CO14: =+IF(YEAR($H14)<$CL$4,$S14,IF(AND(YEAR($H14)=$CL$4,MONTH($H14)<=CO$6),$S14,0)) -> 1473055 | CP14: =+IF(YEAR($H14)<$CL$4,$S14,IF(AND(YEAR($H14)=$CL$4,MONTH($H14)<=CP$6),$S14,0)) -> 1473055 | CQ14: =+IF(YEAR($H14)<$CL$4,$S14,IF(AND(YEAR($H14)=$CL$4,MONTH($H14)<=CQ$6),$S14,0)) -> 1473055 | CR14: =+IF(YEAR($H14)<$CL$4,$S14,IF(AND(YEAR($H14)=$CL$4,MONTH($H14)<=CR$6),$S14,0)) -> 1473055 | CS14: =+IF(YEAR($H14)<$CL$4,$S14,IF(AND(YEAR($H14)=$CL$4,MONTH($H14)<=CS$6),$S14,0)) -> 1473055 | ... CW14: =+IF(YEAR($H14)<$CL$4,$S14,IF(AND(YEAR($H14)=$CL$4,MONTH($H14)<=CW$6),$S14,0)) -> 1473055 | CX14: =+SUM(CL14:CW14) -> 17676660 | CY14: =+CK14-CX14 -> 8838350
B15: Chung | C15: =_xlfn.XLOOKUP(E15,'[1]TH_CC (3)'!$E:$E,'[1]TH_CC (3)'!$E:$E) -> 117000003 | D15: Z21180A | E15: 117000003 | F15: Thi công phim cách nhiệt cho vách kính F02 | G15: 45086 | H15: 45108 | I15: 36 | J15: 1001202000 | K15: Hành chánh nhân sự | M15: =+LEFT(N15,4) -> 6424 | N15: 6424001909 | O15: 6424001909 | R15: 59068700 | S15: 1640797 | T15: =+IF(YEAR($H15)<$T$5,$S15,IF(AND(YEAR($H15)=$T$5,MONTH($H15)<=T$6),$S15,0)) -> 0 | U15: =+IF(YEAR($H15)<$T$5,$S15,IF(AND(YEAR($H15)=$T$5,MONTH($H15)<=U$6),$S15,0)) -> 0 | V15: =+IF(YEAR($H15)<$T$5,$S15,IF(AND(YEAR($H15)=$T$5,MONTH($H15)<=V$6),$S15,0)) -> 0 | W15: =+IF(YEAR($H15)<$T$5,$S15,IF(AND(YEAR($H15)=$T$5,MONTH($H15)<=W$6),$S15,0)) -> 0 | X15: =+IF(YEAR($H15)<$T$5,$S15,IF(AND(YEAR($H15)=$T$5,MONTH($H15)<=X$6),$S15,0)) -> 0 | Y15: =+IF(YEAR($H15)<$T$5,$S15,IF(AND(YEAR($H15)=$T$5,MONTH($H15)<=Y$6),$S15,0)) -> 0 | Z15: =+IF(YEAR($H15)<$T$5,$S15,IF(AND(YEAR($H15)=$T$5,MONTH($H15)<=Z$6),$S15,0)) -> 0 | AA15: =+IF(YEAR($H15)<$T$5,$S15,IF(AND(YEAR($H15)=$T$5,MONTH($H15)<=AA$6),$S15,0)) -> 0 | ... AE15: =+IF(YEAR($H15)<$T$5,$S15,IF(AND(YEAR($H15)=$T$5,MONTH($H15)<=AE$6),$S15,0)) -> 0 | AF15: =+SUM(T15:AE15) -> 0 | AG15: 0 | AH15: =+IF(YEAR($H15)<$AH$5,$S15,IF(AND(YEAR($H15)=$AH$5,MONTH($H15)<=AH$6),$S15,0)) -> 0 | AI15: =+IF(YEAR($H15)<$AH$5,$S15,IF(AND(YEAR($H15)=$AH$5,MONTH($H15)<=AI$6),$S15,0)) -> 0 | AJ15: =+IF(YEAR($H15)<$AH$5,$S15,IF(AND(YEAR($H15)=$AH$5,MONTH($H15)<=AJ$6),$S15,0)) -> 0 | AK15: =+IF(YEAR($H15)<$AH$5,$S15,IF(AND(YEAR($H15)=$AH$5,MONTH($H15)<=AK$6),$S15,0)) -> 0 | AL15: =+IF(YEAR($H15)<$AH$5,$S15,IF(AND(YEAR($H15)=$AH$5,MONTH($H15)<=AL$6),$S15,0)) -> 0 | AM15: =+IF(YEAR($H15)<$AH$5,$S15,IF(AND(YEAR($H15)=$AH$5,MONTH($H15)<=AM$6),$S15,0)) -> 0 | AN15: =+IF(YEAR($H15)<$AH$5,$S15,IF(AND(YEAR($H15)=$AH$5,MONTH($H15)<=AN$6),$S15,0)) -> 0 | AO15: =+IF(YEAR($H15)<$AH$5,$S15,IF(AND(YEAR($H15)=$AH$5,MONTH($H15)<=AO$6),$S15,0)) -> 0 | ... AS15: =+IF(YEAR($H15)<$AH$5,$S15,IF(AND(YEAR($H15)=$AH$5,MONTH($H15)<=AS$6),$S15,0)) -> 0 | AT15: =+SUM(AH15:AS15) -> 0 | AU15: 0 | AV15: =+IF(YEAR($H15)<$AV$5,$S15,IF(AND(YEAR($H15)=$AV$5,MONTH($H15)<=AV$6),$S15,0)) -> 0 | AW15: =+IF(YEAR($H15)<$AV$5,$S15,IF(AND(YEAR($H15)=$AV$5,MONTH($H15)<=AW$6),$S15,0)) -> 0 | AX15: =+IF(YEAR($H15)<$AV$5,$S15,IF(AND(YEAR($H15)=$AV$5,MONTH($H15)<=AX$6),$S15,0)) -> 0 | AY15: =+IF(YEAR($H15)<$AV$5,$S15,IF(AND(YEAR($H15)=$AV$5,MONTH($H15)<=AY$6),$S15,0)) -> 0 | AZ15: =+IF(YEAR($H15)<$AV$5,$S15,IF(AND(YEAR($H15)=$AV$5,MONTH($H15)<=AZ$6),$S15,0)) -> 0 | BA15: =+IF(YEAR($H15)<$AV$5,$S15,IF(AND(YEAR($H15)=$AV$5,MONTH($H15)<=BA$6),$S15,0)) -> 0 | BB15: =+IF(YEAR($H15)<$AV$5,$S15,IF(AND(YEAR($H15)=$AV$5,MONTH($H15)<=BB$6),$S15,0)) -> 0 | BC15: =+IF(YEAR($H15)<$AV$5,$S15,IF(AND(YEAR($H15)=$AV$5,MONTH($H15)<=BC$6),$S15,0)) -> 0 | ... BG15: =+IF(YEAR($H15)<$AV$5,$S15,IF(AND(YEAR($H15)=$AV$5,MONTH($H15)<=BG$6),$S15,0)) -> 0 | BH15: =+SUM(AV15:BG15) -> 0 | BI15: 0 | BJ15: =+IF(YEAR($H15)<$BJ$5,$S15,IF(AND(YEAR($H15)=$BJ$5,MONTH($H15)<=BJ$6),$S15,0)) -> 0 | BK15: =+IF(YEAR($H15)<$BJ$5,$S15,IF(AND(YEAR($H15)=$BJ$5,MONTH($H15)<=BK$6),$S15,0)) -> 0 | BL15: =+IF(YEAR($H15)<$BJ$5,$S15,IF(AND(YEAR($H15)=$BJ$5,MONTH($H15)<=BL$6),$S15,0)) -> 0 | BM15: =+IF(YEAR($H15)<$BJ$5,$S15,IF(AND(YEAR($H15)=$BJ$5,MONTH($H15)<=BM$6),$S15,0)) -> 0 | BN15: =+IF(YEAR($H15)<$BJ$5,$S15,IF(AND(YEAR($H15)=$BJ$5,MONTH($H15)<=BN$6),$S15,0)) -> 0 | BO15: =+IF(YEAR($H15)<$BJ$5,$S15,IF(AND(YEAR($H15)=$BJ$5,MONTH($H15)<=BO$6),$S15,0)) -> 0 | BP15: =+IF(YEAR($H15)<$BJ$5,$S15,IF(AND(YEAR($H15)=$BJ$5,MONTH($H15)<=BP$6),$S15,0)) -> 1640797 | BQ15: =+IF(YEAR($H15)<$BJ$5,$S15,IF(AND(YEAR($H15)=$BJ$5,MONTH($H15)<=BQ$6),$S15,0)) -> 1640797 | ... BU15: =+IF(YEAR($H15)<$BJ$5,$S15,IF(AND(YEAR($H15)=$BJ$5,MONTH($H15)<=BU$6),$S15,0)) -> 1640797 | BV15: =+SUM(BJ15:BU15) -> 9844782 | BW15: =+R15-BV15 -> 49223918 | BX15: =+$S15 -> 1640797 | BY15: =+$S15 -> 1640797 | BZ15: =+$S15 -> 1640797 | CA15: =+$S15 -> 1640797 | CB15: =+$S15 -> 1640797 | CC15: =+$S15 -> 1640797 | CD15: =+$S15 -> 1640797 | CE15: =+$S15 -> 1640797 | ... CI15: =+$S15 -> 1640797 | CJ15: =+SUM(BX15:CI15) -> 19689564 | CK15: =+BW15-CJ15 -> 29534354 | CL15: =+IF(YEAR($H15)<$CL$4,$S15,IF(AND(YEAR($H15)=$CL$4,MONTH($H15)<=CL$6),$S15,0)) -> 1640797 | CM15: =+IF(YEAR($H15)<$CL$4,$S15,IF(AND(YEAR($H15)=$CL$4,MONTH($H15)<=CM$6),$S15,0)) -> 1640797 | CN15: =+IF(YEAR($H15)<$CL$4,$S15,IF(AND(YEAR($H15)=$CL$4,MONTH($H15)<=CN$6),$S15,0)) -> 1640797 | CO15: =+IF(YEAR($H15)<$CL$4,$S15,IF(AND(YEAR($H15)=$CL$4,MONTH($H15)<=CO$6),$S15,0)) -> 1640797 | CP15: =+IF(YEAR($H15)<$CL$4,$S15,IF(AND(YEAR($H15)=$CL$4,MONTH($H15)<=CP$6),$S15,0)) -> 1640797 | CQ15: =+IF(YEAR($H15)<$CL$4,$S15,IF(AND(YEAR($H15)=$CL$4,MONTH($H15)<=CQ$6),$S15,0)) -> 1640797 | CR15: =+IF(YEAR($H15)<$CL$4,$S15,IF(AND(YEAR($H15)=$CL$4,MONTH($H15)<=CR$6),$S15,0)) -> 1640797 | CS15: =+IF(YEAR($H15)<$CL$4,$S15,IF(AND(YEAR($H15)=$CL$4,MONTH($H15)<=CS$6),$S15,0)) -> 1640797 | ... CW15: =+IF(YEAR($H15)<$CL$4,$S15,IF(AND(YEAR($H15)=$CL$4,MONTH($H15)<=CW$6),$S15,0)) -> 1640797 | CX15: =+SUM(CL15:CW15) -> 19689564 | CY15: =+CK15-CX15 -> 9844790
B16: Chung | C16: =_xlfn.XLOOKUP(E16,'[1]TH_CC (3)'!$E:$E,'[1]TH_CC (3)'!$E:$E) -> 117000006 | D16: Z21180A | E16: 117000006 | F16: Giếng nước ngầm số 2 | G16: 45110 | H16: 45110 | I16: 36 | J16: 1001202000 | K16: Hành chánh nhân sự | M16: =+LEFT(N16,4) -> 6424 | N16: 6424001909 | O16: 6424001909 | R16: 69288347 | S16: 1924677 | T16: =+IF(YEAR($H16)<$T$5,$S16,IF(AND(YEAR($H16)=$T$5,MONTH($H16)<=T$6),$S16,0)) -> 0 | U16: =+IF(YEAR($H16)<$T$5,$S16,IF(AND(YEAR($H16)=$T$5,MONTH($H16)<=U$6),$S16,0)) -> 0 | V16: =+IF(YEAR($H16)<$T$5,$S16,IF(AND(YEAR($H16)=$T$5,MONTH($H16)<=V$6),$S16,0)) -> 0 | W16: =+IF(YEAR($H16)<$T$5,$S16,IF(AND(YEAR($H16)=$T$5,MONTH($H16)<=W$6),$S16,0)) -> 0 | X16: =+IF(YEAR($H16)<$T$5,$S16,IF(AND(YEAR($H16)=$T$5,MONTH($H16)<=X$6),$S16,0)) -> 0 | Y16: =+IF(YEAR($H16)<$T$5,$S16,IF(AND(YEAR($H16)=$T$5,MONTH($H16)<=Y$6),$S16,0)) -> 0 | Z16: =+IF(YEAR($H16)<$T$5,$S16,IF(AND(YEAR($H16)=$T$5,MONTH($H16)<=Z$6),$S16,0)) -> 0 | AA16: =+IF(YEAR($H16)<$T$5,$S16,IF(AND(YEAR($H16)=$T$5,MONTH($H16)<=AA$6),$S16,0)) -> 0 | ... AE16: =+IF(YEAR($H16)<$T$5,$S16,IF(AND(YEAR($H16)=$T$5,MONTH($H16)<=AE$6),$S16,0)) -> 0 | AF16: =+SUM(T16:AE16) -> 0 | AG16: 0 | AH16: =+IF(YEAR($H16)<$AH$5,$S16,IF(AND(YEAR($H16)=$AH$5,MONTH($H16)<=AH$6),$S16,0)) -> 0 | AI16: =+IF(YEAR($H16)<$AH$5,$S16,IF(AND(YEAR($H16)=$AH$5,MONTH($H16)<=AI$6),$S16,0)) -> 0 | AJ16: =+IF(YEAR($H16)<$AH$5,$S16,IF(AND(YEAR($H16)=$AH$5,MONTH($H16)<=AJ$6),$S16,0)) -> 0 | AK16: =+IF(YEAR($H16)<$AH$5,$S16,IF(AND(YEAR($H16)=$AH$5,MONTH($H16)<=AK$6),$S16,0)) -> 0 | AL16: =+IF(YEAR($H16)<$AH$5,$S16,IF(AND(YEAR($H16)=$AH$5,MONTH($H16)<=AL$6),$S16,0)) -> 0 | AM16: =+IF(YEAR($H16)<$AH$5,$S16,IF(AND(YEAR($H16)=$AH$5,MONTH($H16)<=AM$6),$S16,0)) -> 0 | AN16: =+IF(YEAR($H16)<$AH$5,$S16,IF(AND(YEAR($H16)=$AH$5,MONTH($H16)<=AN$6),$S16,0)) -> 0 | AO16: =+IF(YEAR($H16)<$AH$5,$S16,IF(AND(YEAR($H16)=$AH$5,MONTH($H16)<=AO$6),$S16,0)) -> 0 | ... AS16: =+IF(YEAR($H16)<$AH$5,$S16,IF(AND(YEAR($H16)=$AH$5,MONTH($H16)<=AS$6),$S16,0)) -> 0 | AT16: =+SUM(AH16:AS16) -> 0 | AU16: 0 | AV16: =+IF(YEAR($H16)<$AV$5,$S16,IF(AND(YEAR($H16)=$AV$5,MONTH($H16)<=AV$6),$S16,0)) -> 0 | AW16: =+IF(YEAR($H16)<$AV$5,$S16,IF(AND(YEAR($H16)=$AV$5,MONTH($H16)<=AW$6),$S16,0)) -> 0 | AX16: =+IF(YEAR($H16)<$AV$5,$S16,IF(AND(YEAR($H16)=$AV$5,MONTH($H16)<=AX$6),$S16,0)) -> 0 | AY16: =+IF(YEAR($H16)<$AV$5,$S16,IF(AND(YEAR($H16)=$AV$5,MONTH($H16)<=AY$6),$S16,0)) -> 0 | AZ16: =+IF(YEAR($H16)<$AV$5,$S16,IF(AND(YEAR($H16)=$AV$5,MONTH($H16)<=AZ$6),$S16,0)) -> 0 | BA16: =+IF(YEAR($H16)<$AV$5,$S16,IF(AND(YEAR($H16)=$AV$5,MONTH($H16)<=BA$6),$S16,0)) -> 0 | BB16: =+IF(YEAR($H16)<$AV$5,$S16,IF(AND(YEAR($H16)=$AV$5,MONTH($H16)<=BB$6),$S16,0)) -> 0 | BC16: =+IF(YEAR($H16)<$AV$5,$S16,IF(AND(YEAR($H16)=$AV$5,MONTH($H16)<=BC$6),$S16,0)) -> 0 | ... BG16: =+IF(YEAR($H16)<$AV$5,$S16,IF(AND(YEAR($H16)=$AV$5,MONTH($H16)<=BG$6),$S16,0)) -> 0 | BH16: =+SUM(AV16:BG16) -> 0 | BI16: 0 | BJ16: =+IF(YEAR($H16)<$BJ$5,$S16,IF(AND(YEAR($H16)=$BJ$5,MONTH($H16)<=BJ$6),$S16,0)) -> 0 | BK16: =+IF(YEAR($H16)<$BJ$5,$S16,IF(AND(YEAR($H16)=$BJ$5,MONTH($H16)<=BK$6),$S16,0)) -> 0 | BL16: =+IF(YEAR($H16)<$BJ$5,$S16,IF(AND(YEAR($H16)=$BJ$5,MONTH($H16)<=BL$6),$S16,0)) -> 0 | BM16: =+IF(YEAR($H16)<$BJ$5,$S16,IF(AND(YEAR($H16)=$BJ$5,MONTH($H16)<=BM$6),$S16,0)) -> 0 | BN16: =+IF(YEAR($H16)<$BJ$5,$S16,IF(AND(YEAR($H16)=$BJ$5,MONTH($H16)<=BN$6),$S16,0)) -> 0 | BO16: =+IF(YEAR($H16)<$BJ$5,$S16,IF(AND(YEAR($H16)=$BJ$5,MONTH($H16)<=BO$6),$S16,0)) -> 0 | BP16: =+IF(YEAR($H16)<$BJ$5,$S16,IF(AND(YEAR($H16)=$BJ$5,MONTH($H16)<=BP$6),$S16,0)) -> 1924677 | BQ16: =+IF(YEAR($H16)<$BJ$5,$S16,IF(AND(YEAR($H16)=$BJ$5,MONTH($H16)<=BQ$6),$S16,0)) -> 1924677 | ... BU16: =+IF(YEAR($H16)<$BJ$5,$S16,IF(AND(YEAR($H16)=$BJ$5,MONTH($H16)<=BU$6),$S16,0)) -> 1924677 | BV16: =+SUM(BJ16:BU16) -> 11548062 | BW16: =+R16-BV16 -> 57740285 | BX16: =+$S16 -> 1924677 | BY16: =+$S16 -> 1924677 | BZ16: =+$S16 -> 1924677 | CA16: =+$S16 -> 1924677 | CB16: =+$S16 -> 1924677 | CC16: =+$S16 -> 1924677 | CD16: =+$S16 -> 1924677 | CE16: =+$S16 -> 1924677 | ... CI16: =+$S16 -> 1924677 | CJ16: =+SUM(BX16:CI16) -> 23096124 | CK16: =+BW16-CJ16 -> 34644161 | CL16: =+IF(YEAR($H16)<$CL$4,$S16,IF(AND(YEAR($H16)=$CL$4,MONTH($H16)<=CL$6),$S16,0)) -> 1924677 | CM16: =+IF(YEAR($H16)<$CL$4,$S16,IF(AND(YEAR($H16)=$CL$4,MONTH($H16)<=CM$6),$S16,0)) -> 1924677 | CN16: =+IF(YEAR($H16)<$CL$4,$S16,IF(AND(YEAR($H16)=$CL$4,MONTH($H16)<=CN$6),$S16,0)) -> 1924677 | CO16: =+IF(YEAR($H16)<$CL$4,$S16,IF(AND(YEAR($H16)=$CL$4,MONTH($H16)<=CO$6),$S16,0)) -> 1924677 | CP16: =+IF(YEAR($H16)<$CL$4,$S16,IF(AND(YEAR($H16)=$CL$4,MONTH($H16)<=CP$6),$S16,0)) -> 1924677 | CQ16: =+IF(YEAR($H16)<$CL$4,$S16,IF(AND(YEAR($H16)=$CL$4,MONTH($H16)<=CQ$6),$S16,0)) -> 1924677 | CR16: =+IF(YEAR($H16)<$CL$4,$S16,IF(AND(YEAR($H16)=$CL$4,MONTH($H16)<=CR$6),$S16,0)) -> 1924677 | CS16: =+IF(YEAR($H16)<$CL$4,$S16,IF(AND(YEAR($H16)=$CL$4,MONTH($H16)<=CS$6),$S16,0)) -> 1924677 | ... CW16: =+IF(YEAR($H16)<$CL$4,$S16,IF(AND(YEAR($H16)=$CL$4,MONTH($H16)<=CW$6),$S16,0)) -> 1924677 | CX16: =+SUM(CL16:CW16) -> 23096124 | CY16: =+CK16-CX16 -> 11548037
A17: 6274.4 | B17: Chung | C17: =_xlfn.XLOOKUP(E17,'[1]TH_CC (3)'!$E:$E,'[1]TH_CC (3)'!$E:$E) -> 104000111 | D17: Z21120P | E17: 104000111 | F17: CP lắp đặt ống thoát khí thải F2, F3 | G17: 45110 | H17: 45110 | I17: 36 | J17: 1001602000 | K17: Xưởng sản xuất PET | M17: =+LEFT(N17,4) -> 6274 | N17: 6274001903 | O17: 6274001901 | R17: 72217040 | S17: =+R17/I17 -> 2006028.9 | BP17: =+IF(YEAR($H17)<$BJ$5,$S17,IF(AND(YEAR($H17)=$BJ$5,MONTH($H17)<=BP$6),$S17,0)) -> 2006028.9 | BQ17: =+IF(YEAR($H17)<$BJ$5,$S17,IF(AND(YEAR($H17)=$BJ$5,MONTH($H17)<=BQ$6),$S17,0)) -> 2006028.9 | BR17: =+IF(YEAR($H17)<$BJ$5,$S17,IF(AND(YEAR($H17)=$BJ$5,MONTH($H17)<=BR$6),$S17,0)) -> 2006028.9 | BS17: =+IF(YEAR($H17)<$BJ$5,$S17,IF(AND(YEAR($H17)=$BJ$5,MONTH($H17)<=BS$6),$S17,0)) -> 2006028.9 | BT17: =+IF(YEAR($H17)<$BJ$5,$S17,IF(AND(YEAR($H17)=$BJ$5,MONTH($H17)<=BT$6),$S17,0)) -> 2006028.9 | BU17: =+IF(YEAR($H17)<$BJ$5,$S17,IF(AND(YEAR($H17)=$BJ$5,MONTH($H17)<=BU$6),$S17,0)) -> 2006028.9 | BV17: =+SUM(BJ17:BU17) -> 12036173 | BW17: =+R17-BV17 -> 60180867 | BX17: =+IF(YEAR($H17)<$BX$5,$S17,IF(AND(YEAR($H17)=$BX$5,MONTH($H17)<=BX$6),$S17,0)) -> 2006028.9 | BY17: =+IF(YEAR($H17)<$BX$5,$S17,IF(AND(YEAR($H17)=$BX$5,MONTH($H17)<=BY$6),$S17,0)) -> 2006028.9 | BZ17: =+IF(YEAR($H17)<$BX$5,$S17,IF(AND(YEAR($H17)=$BX$5,MONTH($H17)<=BZ$6),$S17,0)) -> 2006028.9 | CA17: =+IF(YEAR($H17)<$BX$5,$S17,IF(AND(YEAR($H17)=$BX$5,MONTH($H17)<=CA$6),$S17,0)) -> 2006028.9 | CB17: =+IF(YEAR($H17)<$BX$5,$S17,IF(AND(YEAR($H17)=$BX$5,MONTH($H17)<=CB$6),$S17,0)) -> 2006028.9 | CC17: =+IF(YEAR($H17)<$BX$5,$S17,IF(AND(YEAR($H17)=$BX$5,MONTH($H17)<=CC$6),$S17,0)) -> 2006028.9 | CD17: =+IF(YEAR($H17)<$BX$5,$S17,IF(AND(YEAR($H17)=$BX$5,MONTH($H17)<=CD$6),$S17,0)) -> 2006028.9 | CE17: =+IF(YEAR($H17)<$BX$5,$S17,IF(AND(YEAR($H17)=$BX$5,MONTH($H17)<=CE$6),$S17,0)) -> 2006028.9 | ... CI17: =+IF(YEAR($H17)<$BX$5,$S17,IF(AND(YEAR($H17)=$BX$5,MONTH($H17)<=CI$6),$S17,0)) -> 2006028.9 | CJ17: =+SUM(BX17:CI17) -> 24072347 | CK17: =+BW17-CJ17 -> 36108520 | CL17: =+IF(YEAR($H17)<$CL$4,$S17,IF(AND(YEAR($H17)=$CL$4,MONTH($H17)<=CL$6),$S17,0)) -> 2006028.9 | CM17: =+IF(YEAR($H17)<$CL$4,$S17,IF(AND(YEAR($H17)=$CL$4,MONTH($H17)<=CM$6),$S17,0)) -> 2006028.9 | CN17: =+IF(YEAR($H17)<$CL$4,$S17,IF(AND(YEAR($H17)=$CL$4,MONTH($H17)<=CN$6),$S17,0)) -> 2006028.9 | CO17: =+IF(YEAR($H17)<$CL$4,$S17,IF(AND(YEAR($H17)=$CL$4,MONTH($H17)<=CO$6),$S17,0)) -> 2006028.9 | CP17: =+IF(YEAR($H17)<$CL$4,$S17,IF(AND(YEAR($H17)=$CL$4,MONTH($H17)<=CP$6),$S17,0)) -> 2006028.9 | CQ17: =+IF(YEAR($H17)<$CL$4,$S17,IF(AND(YEAR($H17)=$CL$4,MONTH($H17)<=CQ$6),$S17,0)) -> 2006028.9 | CR17: =+IF(YEAR($H17)<$CL$4,$S17,IF(AND(YEAR($H17)=$CL$4,MONTH($H17)<=CR$6),$S17,0)) -> 2006028.9 | CS17: =+IF(YEAR($H17)<$CL$4,$S17,IF(AND(YEAR($H17)=$CL$4,MONTH($H17)<=CS$6),$S17,0)) -> 2006028.9 | ... CW17: =+IF(YEAR($H17)<$CL$4,$S17,IF(AND(YEAR($H17)=$CL$4,MONTH($H17)<=CW$6),$S17,0)) -> 2006028.9 | CX17: =+SUM(CL17:CW17) -> 24072347 | CY17: =+CK17-CX17 -> 12036173
A18: 6274.4 | B18: Chung | C18: =_xlfn.XLOOKUP(E18,'[1]TH_CC (3)'!$E:$E,'[1]TH_CC (3)'!$E:$E) -> 115000009 | D18: Z21180P | E18: 115000009 | F18: Kho chứa vật tư KT (F5) | G18: 45141 | H18: 45141 | I18: 36 | J18: 1001602000 | K18: Xưởng sản xuất PET | M18: =+LEFT(N18,4) -> 6274 | N18: 6274001909 | O18: 6274001909 | R18: 81154545 | S18: 2254293 | T18: =+IF(YEAR($H18)<$T$5,$S18,IF(AND(YEAR($H18)=$T$5,MONTH($H18)<=T$6),$S18,0)) -> 0 | U18: =+IF(YEAR($H18)<$T$5,$S18,IF(AND(YEAR($H18)=$T$5,MONTH($H18)<=U$6),$S18,0)) -> 0 | V18: =+IF(YEAR($H18)<$T$5,$S18,IF(AND(YEAR($H18)=$T$5,MONTH($H18)<=V$6),$S18,0)) -> 0 | W18: =+IF(YEAR($H18)<$T$5,$S18,IF(AND(YEAR($H18)=$T$5,MONTH($H18)<=W$6),$S18,0)) -> 0 | X18: =+IF(YEAR($H18)<$T$5,$S18,IF(AND(YEAR($H18)=$T$5,MONTH($H18)<=X$6),$S18,0)) -> 0 | Y18: =+IF(YEAR($H18)<$T$5,$S18,IF(AND(YEAR($H18)=$T$5,MONTH($H18)<=Y$6),$S18,0)) -> 0 | Z18: =+IF(YEAR($H18)<$T$5,$S18,IF(AND(YEAR($H18)=$T$5,MONTH($H18)<=Z$6),$S18,0)) -> 0 | AA18: =+IF(YEAR($H18)<$T$5,$S18,IF(AND(YEAR($H18)=$T$5,MONTH($H18)<=AA$6),$S18,0)) -> 0 | ... AE18: =+IF(YEAR($H18)<$T$5,$S18,IF(AND(YEAR($H18)=$T$5,MONTH($H18)<=AE$6),$S18,0)) -> 0 | AF18: =+SUM(T18:AE18) -> 0 | AG18: 0 | AH18: =+IF(YEAR($H18)<$AH$5,$S18,IF(AND(YEAR($H18)=$AH$5,MONTH($H18)<=AH$6),$S18,0)) -> 0 | AI18: =+IF(YEAR($H18)<$AH$5,$S18,IF(AND(YEAR($H18)=$AH$5,MONTH($H18)<=AI$6),$S18,0)) -> 0 | AJ18: =+IF(YEAR($H18)<$AH$5,$S18,IF(AND(YEAR($H18)=$AH$5,MONTH($H18)<=AJ$6),$S18,0)) -> 0 | AK18: =+IF(YEAR($H18)<$AH$5,$S18,IF(AND(YEAR($H18)=$AH$5,MONTH($H18)<=AK$6),$S18,0)) -> 0 | AL18: =+IF(YEAR($H18)<$AH$5,$S18,IF(AND(YEAR($H18)=$AH$5,MONTH($H18)<=AL$6),$S18,0)) -> 0 | AM18: =+IF(YEAR($H18)<$AH$5,$S18,IF(AND(YEAR($H18)=$AH$5,MONTH($H18)<=AM$6),$S18,0)) -> 0 | AN18: =+IF(YEAR($H18)<$AH$5,$S18,IF(AND(YEAR($H18)=$AH$5,MONTH($H18)<=AN$6),$S18,0)) -> 0 | AO18: =+IF(YEAR($H18)<$AH$5,$S18,IF(AND(YEAR($H18)=$AH$5,MONTH($H18)<=AO$6),$S18,0)) -> 0 | ... AS18: =+IF(YEAR($H18)<$AH$5,$S18,IF(AND(YEAR($H18)=$AH$5,MONTH($H18)<=AS$6),$S18,0)) -> 0 | AT18: =+SUM(AH18:AS18) -> 0 | AU18: 0 | AV18: =+IF(YEAR($H18)<$AV$5,$S18,IF(AND(YEAR($H18)=$AV$5,MONTH($H18)<=AV$6),$S18,0)) -> 0 | AW18: =+IF(YEAR($H18)<$AV$5,$S18,IF(AND(YEAR($H18)=$AV$5,MONTH($H18)<=AW$6),$S18,0)) -> 0 | AX18: =+IF(YEAR($H18)<$AV$5,$S18,IF(AND(YEAR($H18)=$AV$5,MONTH($H18)<=AX$6),$S18,0)) -> 0 | AY18: =+IF(YEAR($H18)<$AV$5,$S18,IF(AND(YEAR($H18)=$AV$5,MONTH($H18)<=AY$6),$S18,0)) -> 0 | AZ18: =+IF(YEAR($H18)<$AV$5,$S18,IF(AND(YEAR($H18)=$AV$5,MONTH($H18)<=AZ$6),$S18,0)) -> 0 | BA18: =+IF(YEAR($H18)<$AV$5,$S18,IF(AND(YEAR($H18)=$AV$5,MONTH($H18)<=BA$6),$S18,0)) -> 0 | BB18: =+IF(YEAR($H18)<$AV$5,$S18,IF(AND(YEAR($H18)=$AV$5,MONTH($H18)<=BB$6),$S18,0)) -> 0 | BC18: =+IF(YEAR($H18)<$AV$5,$S18,IF(AND(YEAR($H18)=$AV$5,MONTH($H18)<=BC$6),$S18,0)) -> 0 | ... BG18: =+IF(YEAR($H18)<$AV$5,$S18,IF(AND(YEAR($H18)=$AV$5,MONTH($H18)<=BG$6),$S18,0)) -> 0 | BH18: =+SUM(AV18:BG18) -> 0 | BI18: 0 | BJ18: =+IF(YEAR($H18)<$BJ$5,$S18,IF(AND(YEAR($H18)=$BJ$5,MONTH($H18)<=BJ$6),$S18,0)) -> 0 | BK18: =+IF(YEAR($H18)<$BJ$5,$S18,IF(AND(YEAR($H18)=$BJ$5,MONTH($H18)<=BK$6),$S18,0)) -> 0 | BL18: =+IF(YEAR($H18)<$BJ$5,$S18,IF(AND(YEAR($H18)=$BJ$5,MONTH($H18)<=BL$6),$S18,0)) -> 0 | BM18: =+IF(YEAR($H18)<$BJ$5,$S18,IF(AND(YEAR($H18)=$BJ$5,MONTH($H18)<=BM$6),$S18,0)) -> 0 | BN18: =+IF(YEAR($H18)<$BJ$5,$S18,IF(AND(YEAR($H18)=$BJ$5,MONTH($H18)<=BN$6),$S18,0)) -> 0 | BO18: =+IF(YEAR($H18)<$BJ$5,$S18,IF(AND(YEAR($H18)=$BJ$5,MONTH($H18)<=BO$6),$S18,0)) -> 0 | BP18: =+IF(YEAR($H18)<$BJ$5,$S18,IF(AND(YEAR($H18)=$BJ$5,MONTH($H18)<=BP$6),$S18,0)) -> 0 | BQ18: =+IF(YEAR($H18)<$BJ$5,$S18,IF(AND(YEAR($H18)=$BJ$5,MONTH($H18)<=BQ$6),$S18,0)) -> 2254293 | ... BU18: =+IF(YEAR($H18)<$BJ$5,$S18,IF(AND(YEAR($H18)=$BJ$5,MONTH($H18)<=BU$6),$S18,0)) -> 2254293 | BV18: =+SUM(BJ18:BU18) -> 11271465 | BW18: =+R18-BV18 -> 69883080 | BX18: =+$S18 -> 2254293 | BY18: =+$S18 -> 2254293 | BZ18: =+$S18 -> 2254293 | CA18: =+$S18 -> 2254293 | CB18: =+$S18 -> 2254293 | CC18: =+$S18 -> 2254293 | CD18: =+$S18 -> 2254293 | CE18: =+$S18 -> 2254293 | ... CI18: =+$S18 -> 2254293 | CJ18: =+SUM(BX18:CI18) -> 27051516 | CK18: =+BW18-CJ18 -> 42831564 | CL18: =+IF(YEAR($H18)<$CL$4,$S18,IF(AND(YEAR($H18)=$CL$4,MONTH($H18)<=CL$6),$S18,0)) -> 2254293 | CM18: =+IF(YEAR($H18)<$CL$4,$S18,IF(AND(YEAR($H18)=$CL$4,MONTH($H18)<=CM$6),$S18,0)) -> 2254293 | CN18: =+IF(YEAR($H18)<$CL$4,$S18,IF(AND(YEAR($H18)=$CL$4,MONTH($H18)<=CN$6),$S18,0)) -> 2254293 | CO18: =+IF(YEAR($H18)<$CL$4,$S18,IF(AND(YEAR($H18)=$CL$4,MONTH($H18)<=CO$6),$S18,0)) -> 2254293 | CP18: =+IF(YEAR($H18)<$CL$4,$S18,IF(AND(YEAR($H18)=$CL$4,MONTH($H18)<=CP$6),$S18,0)) -> 2254293 | CQ18: =+IF(YEAR($H18)<$CL$4,$S18,IF(AND(YEAR($H18)=$CL$4,MONTH($H18)<=CQ$6),$S18,0)) -> 2254293 | CR18: =+IF(YEAR($H18)<$CL$4,$S18,IF(AND(YEAR($H18)=$CL$4,MONTH($H18)<=CR$6),$S18,0)) -> 2254293 | CS18: =+IF(YEAR($H18)<$CL$4,$S18,IF(AND(YEAR($H18)=$CL$4,MONTH($H18)<=CS$6),$S18,0)) -> 2254293 | ... CW18: =+IF(YEAR($H18)<$CL$4,$S18,IF(AND(YEAR($H18)=$CL$4,MONTH($H18)<=CW$6),$S18,0)) -> 2254293 | CX18: =+SUM(CL18:CW18) -> 27051516 | CY18: =+CK18-CX18 -> 15780048
B19: Chung | C19: =_xlfn.XLOOKUP(E19,'[1]TH_CC (3)'!$E:$E,'[1]TH_CC (3)'!$E:$E) -> 117000007 | D19: Z21180A | E19: 117000007 | F19: Lắp đặt cáp thoại nhà bảo vệ 1 và 3 | G19: 45170 | H19: 45170 | I19: 60 | J19: 1001202000 | K19: Hành chánh nhân sự | M19: =+LEFT(N19,4) -> 6424 | N19: 6424001909 | O19: 6424001909 | R19: 261991507 | S19: 4366525 | T19: =+IF(YEAR($H19)<$T$5,$S19,IF(AND(YEAR($H19)=$T$5,MONTH($H19)<=T$6),$S19,0)) -> 0 | U19: =+IF(YEAR($H19)<$T$5,$S19,IF(AND(YEAR($H19)=$T$5,MONTH($H19)<=U$6),$S19,0)) -> 0 | V19: =+IF(YEAR($H19)<$T$5,$S19,IF(AND(YEAR($H19)=$T$5,MONTH($H19)<=V$6),$S19,0)) -> 0 | W19: =+IF(YEAR($H19)<$T$5,$S19,IF(AND(YEAR($H19)=$T$5,MONTH($H19)<=W$6),$S19,0)) -> 0 | X19: =+IF(YEAR($H19)<$T$5,$S19,IF(AND(YEAR($H19)=$T$5,MONTH($H19)<=X$6),$S19,0)) -> 0 | Y19: =+IF(YEAR($H19)<$T$5,$S19,IF(AND(YEAR($H19)=$T$5,MONTH($H19)<=Y$6),$S19,0)) -> 0 | Z19: =+IF(YEAR($H19)<$T$5,$S19,IF(AND(YEAR($H19)=$T$5,MONTH($H19)<=Z$6),$S19,0)) -> 0 | AA19: =+IF(YEAR($H19)<$T$5,$S19,IF(AND(YEAR($H19)=$T$5,MONTH($H19)<=AA$6),$S19,0)) -> 0 | ... AE19: =+IF(YEAR($H19)<$T$5,$S19,IF(AND(YEAR($H19)=$T$5,MONTH($H19)<=AE$6),$S19,0)) -> 0 | AF19: =+SUM(T19:AE19) -> 0 | AG19: 0 | AH19: =+IF(YEAR($H19)<$AH$5,$S19,IF(AND(YEAR($H19)=$AH$5,MONTH($H19)<=AH$6),$S19,0)) -> 0 | AI19: =+IF(YEAR($H19)<$AH$5,$S19,IF(AND(YEAR($H19)=$AH$5,MONTH($H19)<=AI$6),$S19,0)) -> 0 | AJ19: =+IF(YEAR($H19)<$AH$5,$S19,IF(AND(YEAR($H19)=$AH$5,MONTH($H19)<=AJ$6),$S19,0)) -> 0 | AK19: =+IF(YEAR($H19)<$AH$5,$S19,IF(AND(YEAR($H19)=$AH$5,MONTH($H19)<=AK$6),$S19,0)) -> 0 | AL19: =+IF(YEAR($H19)<$AH$5,$S19,IF(AND(YEAR($H19)=$AH$5,MONTH($H19)<=AL$6),$S19,0)) -> 0 | AM19: =+IF(YEAR($H19)<$AH$5,$S19,IF(AND(YEAR($H19)=$AH$5,MONTH($H19)<=AM$6),$S19,0)) -> 0 | AN19: =+IF(YEAR($H19)<$AH$5,$S19,IF(AND(YEAR($H19)=$AH$5,MONTH($H19)<=AN$6),$S19,0)) -> 0 | AO19: =+IF(YEAR($H19)<$AH$5,$S19,IF(AND(YEAR($H19)=$AH$5,MONTH($H19)<=AO$6),$S19,0)) -> 0 | ... AS19: =+IF(YEAR($H19)<$AH$5,$S19,IF(AND(YEAR($H19)=$AH$5,MONTH($H19)<=AS$6),$S19,0)) -> 0 | AT19: =+SUM(AH19:AS19) -> 0 | AU19: 0 | AV19: =+IF(YEAR($H19)<$AV$5,$S19,IF(AND(YEAR($H19)=$AV$5,MONTH($H19)<=AV$6),$S19,0)) -> 0 | AW19: =+IF(YEAR($H19)<$AV$5,$S19,IF(AND(YEAR($H19)=$AV$5,MONTH($H19)<=AW$6),$S19,0)) -> 0 | AX19: =+IF(YEAR($H19)<$AV$5,$S19,IF(AND(YEAR($H19)=$AV$5,MONTH($H19)<=AX$6),$S19,0)) -> 0 | AY19: =+IF(YEAR($H19)<$AV$5,$S19,IF(AND(YEAR($H19)=$AV$5,MONTH($H19)<=AY$6),$S19,0)) -> 0 | AZ19: =+IF(YEAR($H19)<$AV$5,$S19,IF(AND(YEAR($H19)=$AV$5,MONTH($H19)<=AZ$6),$S19,0)) -> 0 | BA19: =+IF(YEAR($H19)<$AV$5,$S19,IF(AND(YEAR($H19)=$AV$5,MONTH($H19)<=BA$6),$S19,0)) -> 0 | BB19: =+IF(YEAR($H19)<$AV$5,$S19,IF(AND(YEAR($H19)=$AV$5,MONTH($H19)<=BB$6),$S19,0)) -> 0 | BC19: =+IF(YEAR($H19)<$AV$5,$S19,IF(AND(YEAR($H19)=$AV$5,MONTH($H19)<=BC$6),$S19,0)) -> 0 | ... BG19: =+IF(YEAR($H19)<$AV$5,$S19,IF(AND(YEAR($H19)=$AV$5,MONTH($H19)<=BG$6),$S19,0)) -> 0 | BH19: =+SUM(AV19:BG19) -> 0 | BI19: 0 | BJ19: =+IF(YEAR($H19)<$BJ$5,$S19,IF(AND(YEAR($H19)=$BJ$5,MONTH($H19)<=BJ$6),$S19,0)) -> 0 | BK19: =+IF(YEAR($H19)<$BJ$5,$S19,IF(AND(YEAR($H19)=$BJ$5,MONTH($H19)<=BK$6),$S19,0)) -> 0 | BL19: =+IF(YEAR($H19)<$BJ$5,$S19,IF(AND(YEAR($H19)=$BJ$5,MONTH($H19)<=BL$6),$S19,0)) -> 0 | BM19: =+IF(YEAR($H19)<$BJ$5,$S19,IF(AND(YEAR($H19)=$BJ$5,MONTH($H19)<=BM$6),$S19,0)) -> 0 | BN19: =+IF(YEAR($H19)<$BJ$5,$S19,IF(AND(YEAR($H19)=$BJ$5,MONTH($H19)<=BN$6),$S19,0)) -> 0 | BO19: =+IF(YEAR($H19)<$BJ$5,$S19,IF(AND(YEAR($H19)=$BJ$5,MONTH($H19)<=BO$6),$S19,0)) -> 0 | BP19: =+IF(YEAR($H19)<$BJ$5,$S19,IF(AND(YEAR($H19)=$BJ$5,MONTH($H19)<=BP$6),$S19,0)) -> 0 | BQ19: =+IF(YEAR($H19)<$BJ$5,$S19,IF(AND(YEAR($H19)=$BJ$5,MONTH($H19)<=BQ$6),$S19,0)) -> 0 | ... BU19: =+IF(YEAR($H19)<$BJ$5,$S19,IF(AND(YEAR($H19)=$BJ$5,MONTH($H19)<=BU$6),$S19,0)) -> 4366525 | BV19: =+SUM(BJ19:BU19) -> 17466100 | BW19: =+R19-BV19 -> 244525407 | BX19: =+$S19 -> 4366525 | BY19: =+$S19 -> 4366525 | BZ19: =+$S19 -> 4366525 | CA19: =+$S19 -> 4366525 | CB19: =+$S19 -> 4366525 | CC19: =+$S19 -> 4366525 | CD19: =+$S19 -> 4366525 | CE19: =+$S19 -> 4366525 | ... CI19: =+$S19 -> 4366525 | CJ19: =+SUM(BX19:CI19) -> 52398300 | CK19: =+BW19-CJ19 -> 192127107 | CL19: =+IF(YEAR($H19)<$CL$4,$S19,IF(AND(YEAR($H19)=$CL$4,MONTH($H19)<=CL$6),$S19,0)) -> 4366525 | CM19: =+IF(YEAR($H19)<$CL$4,$S19,IF(AND(YEAR($H19)=$CL$4,MONTH($H19)<=CM$6),$S19,0)) -> 4366525 | CN19: =+IF(YEAR($H19)<$CL$4,$S19,IF(AND(YEAR($H19)=$CL$4,MONTH($H19)<=CN$6),$S19,0)) -> 4366525 | CO19: =+IF(YEAR($H19)<$CL$4,$S19,IF(AND(YEAR($H19)=$CL$4,MONTH($H19)<=CO$6),$S19,0)) -> 4366525 | CP19: =+IF(YEAR($H19)<$CL$4,$S19,IF(AND(YEAR($H19)=$CL$4,MONTH($H19)<=CP$6),$S19,0)) -> 4366525 | CQ19: =+IF(YEAR($H19)<$CL$4,$S19,IF(AND(YEAR($H19)=$CL$4,MONTH($H19)<=CQ$6),$S19,0)) -> 4366525 | CR19: =+IF(YEAR($H19)<$CL$4,$S19,IF(AND(YEAR($H19)=$CL$4,MONTH($H19)<=CR$6),$S19,0)) -> 4366525 | CS19: =+IF(YEAR($H19)<$CL$4,$S19,IF(AND(YEAR($H19)=$CL$4,MONTH($H19)<=CS$6),$S19,0)) -> 4366525 | ... CW19: =+IF(YEAR($H19)<$CL$4,$S19,IF(AND(YEAR($H19)=$CL$4,MONTH($H19)<=CW$6),$S19,0)) -> 4366525 | CX19: =+SUM(CL19:CW19) -> 52398300 | CY19: =+CK19-CX19 -> 139728807
B20: Chung | C20: =_xlfn.XLOOKUP(E20,'[1]TH_CC (3)'!$E:$E,'[1]TH_CC (3)'!$E:$E) -> 103000006 | D20: Z21110A | E20: 103000006 | F20: Lắp đặt nhôm kính phòng Kỹ Thuật | G20: 45239 | H20: 45231 | I20: 36 | J20: 1001601300 | K20: Kỹ thuật | M20: =+LEFT(N20,4) -> 6424 | N20: 6424001901 | R20: 174699000 | S20: 4852750 | T20: =+IF(YEAR($H20)<$T$5,$S20,IF(AND(YEAR($H20)=$T$5,MONTH($H20)<=T$6),$S20,0)) -> 0 | U20: =+IF(YEAR($H20)<$T$5,$S20,IF(AND(YEAR($H20)=$T$5,MONTH($H20)<=U$6),$S20,0)) -> 0 | V20: =+IF(YEAR($H20)<$T$5,$S20,IF(AND(YEAR($H20)=$T$5,MONTH($H20)<=V$6),$S20,0)) -> 0 | W20: =+IF(YEAR($H20)<$T$5,$S20,IF(AND(YEAR($H20)=$T$5,MONTH($H20)<=W$6),$S20,0)) -> 0 | X20: =+IF(YEAR($H20)<$T$5,$S20,IF(AND(YEAR($H20)=$T$5,MONTH($H20)<=X$6),$S20,0)) -> 0 | Y20: =+IF(YEAR($H20)<$T$5,$S20,IF(AND(YEAR($H20)=$T$5,MONTH($H20)<=Y$6),$S20,0)) -> 0 | Z20: =+IF(YEAR($H20)<$T$5,$S20,IF(AND(YEAR($H20)=$T$5,MONTH($H20)<=Z$6),$S20,0)) -> 0 | AA20: =+IF(YEAR($H20)<$T$5,$S20,IF(AND(YEAR($H20)=$T$5,MONTH($H20)<=AA$6),$S20,0)) -> 0 | ... AE20: =+IF(YEAR($H20)<$T$5,$S20,IF(AND(YEAR($H20)=$T$5,MONTH($H20)<=AE$6),$S20,0)) -> 0 | AF20: =+SUM(T20:AE20) -> 0 | AG20: 0 | AH20: =+IF(YEAR($H20)<$AH$5,$S20,IF(AND(YEAR($H20)=$AH$5,MONTH($H20)<=AH$6),$S20,0)) -> 0 | AI20: =+IF(YEAR($H20)<$AH$5,$S20,IF(AND(YEAR($H20)=$AH$5,MONTH($H20)<=AI$6),$S20,0)) -> 0 | AJ20: =+IF(YEAR($H20)<$AH$5,$S20,IF(AND(YEAR($H20)=$AH$5,MONTH($H20)<=AJ$6),$S20,0)) -> 0 | AK20: =+IF(YEAR($H20)<$AH$5,$S20,IF(AND(YEAR($H20)=$AH$5,MONTH($H20)<=AK$6),$S20,0)) -> 0 | AL20: =+IF(YEAR($H20)<$AH$5,$S20,IF(AND(YEAR($H20)=$AH$5,MONTH($H20)<=AL$6),$S20,0)) -> 0 | AM20: =+IF(YEAR($H20)<$AH$5,$S20,IF(AND(YEAR($H20)=$AH$5,MONTH($H20)<=AM$6),$S20,0)) -> 0 | AN20: =+IF(YEAR($H20)<$AH$5,$S20,IF(AND(YEAR($H20)=$AH$5,MONTH($H20)<=AN$6),$S20,0)) -> 0 | AO20: =+IF(YEAR($H20)<$AH$5,$S20,IF(AND(YEAR($H20)=$AH$5,MONTH($H20)<=AO$6),$S20,0)) -> 0 | ... AS20: =+IF(YEAR($H20)<$AH$5,$S20,IF(AND(YEAR($H20)=$AH$5,MONTH($H20)<=AS$6),$S20,0)) -> 0 | AT20: =+SUM(AH20:AS20) -> 0 | AU20: 0 | AV20: =+IF(YEAR($H20)<$AV$5,$S20,IF(AND(YEAR($H20)=$AV$5,MONTH($H20)<=AV$6),$S20,0)) -> 0 | AW20: =+IF(YEAR($H20)<$AV$5,$S20,IF(AND(YEAR($H20)=$AV$5,MONTH($H20)<=AW$6),$S20,0)) -> 0 | AX20: =+IF(YEAR($H20)<$AV$5,$S20,IF(AND(YEAR($H20)=$AV$5,MONTH($H20)<=AX$6),$S20,0)) -> 0 | AY20: =+IF(YEAR($H20)<$AV$5,$S20,IF(AND(YEAR($H20)=$AV$5,MONTH($H20)<=AY$6),$S20,0)) -> 0 | AZ20: =+IF(YEAR($H20)<$AV$5,$S20,IF(AND(YEAR($H20)=$AV$5,MONTH($H20)<=AZ$6),$S20,0)) -> 0 | BA20: =+IF(YEAR($H20)<$AV$5,$S20,IF(AND(YEAR($H20)=$AV$5,MONTH($H20)<=BA$6),$S20,0)) -> 0 | BB20: =+IF(YEAR($H20)<$AV$5,$S20,IF(AND(YEAR($H20)=$AV$5,MONTH($H20)<=BB$6),$S20,0)) -> 0 | BC20: =+IF(YEAR($H20)<$AV$5,$S20,IF(AND(YEAR($H20)=$AV$5,MONTH($H20)<=BC$6),$S20,0)) -> 0 | ... BG20: =+IF(YEAR($H20)<$AV$5,$S20,IF(AND(YEAR($H20)=$AV$5,MONTH($H20)<=BG$6),$S20,0)) -> 0 | BH20: =+SUM(AV20:BG20) -> 0 | BI20: 0 | BJ20: =+IF(YEAR($H20)<$BJ$5,$S20,IF(AND(YEAR($H20)=$BJ$5,MONTH($H20)<=BJ$6),$S20,0)) -> 0 | BK20: =+IF(YEAR($H20)<$BJ$5,$S20,IF(AND(YEAR($H20)=$BJ$5,MONTH($H20)<=BK$6),$S20,0)) -> 0 | BL20: =+IF(YEAR($H20)<$BJ$5,$S20,IF(AND(YEAR($H20)=$BJ$5,MONTH($H20)<=BL$6),$S20,0)) -> 0 | BM20: =+IF(YEAR($H20)<$BJ$5,$S20,IF(AND(YEAR($H20)=$BJ$5,MONTH($H20)<=BM$6),$S20,0)) -> 0 | BN20: =+IF(YEAR($H20)<$BJ$5,$S20,IF(AND(YEAR($H20)=$BJ$5,MONTH($H20)<=BN$6),$S20,0)) -> 0 | BO20: =+IF(YEAR($H20)<$BJ$5,$S20,IF(AND(YEAR($H20)=$BJ$5,MONTH($H20)<=BO$6),$S20,0)) -> 0 | BP20: =+IF(YEAR($H20)<$BJ$5,$S20,IF(AND(YEAR($H20)=$BJ$5,MONTH($H20)<=BP$6),$S20,0)) -> 0 | BQ20: =+IF(YEAR($H20)<$BJ$5,$S20,IF(AND(YEAR($H20)=$BJ$5,MONTH($H20)<=BQ$6),$S20,0)) -> 0 | ... BU20: =+IF(YEAR($H20)<$BJ$5,$S20,IF(AND(YEAR($H20)=$BJ$5,MONTH($H20)<=BU$6),$S20,0)) -> 4852750 | BV20: =+SUM(BJ20:BU20) -> 9705500 | BW20: =+R20-BV20 -> 164993500 | BX20: =+IF(YEAR($H20)<$BX$5,$S20,IF(AND(YEAR($H20)=$BX$5,MONTH($H20)<=BX$6),$S20,0)) -> 4852750 | BY20: =+IF(YEAR($H20)<$BX$5,$S20,IF(AND(YEAR($H20)=$BX$5,MONTH($H20)<=BY$6),$S20,0)) -> 4852750 | BZ20: =+IF(YEAR($H20)<$BX$5,$S20,IF(AND(YEAR($H20)=$BX$5,MONTH($H20)<=BZ$6),$S20,0)) -> 4852750 | CA20: =+IF(YEAR($H20)<$BX$5,$S20,IF(AND(YEAR($H20)=$BX$5,MONTH($H20)<=CA$6),$S20,0)) -> 4852750 | CB20: =+IF(YEAR($H20)<$BX$5,$S20,IF(AND(YEAR($H20)=$BX$5,MONTH($H20)<=CB$6),$S20,0)) -> 4852750 | CC20: =+IF(YEAR($H20)<$BX$5,$S20,IF(AND(YEAR($H20)=$BX$5,MONTH($H20)<=CC$6),$S20,0)) -> 4852750 | CD20: =+IF(YEAR($H20)<$BX$5,$S20,IF(AND(YEAR($H20)=$BX$5,MONTH($H20)<=CD$6),$S20,0)) -> 4852750 | CE20: =+IF(YEAR($H20)<$BX$5,$S20,IF(AND(YEAR($H20)=$BX$5,MONTH($H20)<=CE$6),$S20,0)) -> 4852750 | ... CI20: =+IF(YEAR($H20)<$BX$5,$S20,IF(AND(YEAR($H20)=$BX$5,MONTH($H20)<=CI$6),$S20,0)) -> 4852750 | CJ20: =+SUM(BX20:CI20) -> 58233000 | CK20: =+BW20-CJ20 -> 106760500 | CL20: =+IF(YEAR($H20)<$CL$4,$S20,IF(AND(YEAR($H20)=$CL$4,MONTH($H20)<=CL$6),$S20,0)) -> 4852750 | CM20: =+IF(YEAR($H20)<$CL$4,$S20,IF(AND(YEAR($H20)=$CL$4,MONTH($H20)<=CM$6),$S20,0)) -> 4852750 | CN20: =+IF(YEAR($H20)<$CL$4,$S20,IF(AND(YEAR($H20)=$CL$4,MONTH($H20)<=CN$6),$S20,0)) -> 4852750 | CO20: =+IF(YEAR($H20)<$CL$4,$S20,IF(AND(YEAR($H20)=$CL$4,MONTH($H20)<=CO$6),$S20,0)) -> 4852750 | CP20: =+IF(YEAR($H20)<$CL$4,$S20,IF(AND(YEAR($H20)=$CL$4,MONTH($H20)<=CP$6),$S20,0)) -> 4852750 | CQ20: =+IF(YEAR($H20)<$CL$4,$S20,IF(AND(YEAR($H20)=$CL$4,MONTH($H20)<=CQ$6),$S20,0)) -> 4852750 | CR20: =+IF(YEAR($H20)<$CL$4,$S20,IF(AND(YEAR($H20)=$CL$4,MONTH($H20)<=CR$6),$S20,0)) -> 4852750 | CS20: =+IF(YEAR($H20)<$CL$4,$S20,IF(AND(YEAR($H20)=$CL$4,MONTH($H20)<=CS$6),$S20,0)) -> 4852750 | ... CW20: =+IF(YEAR($H20)<$CL$4,$S20,IF(AND(YEAR($H20)=$CL$4,MONTH($H20)<=CW$6),$S20,0)) -> 4852750 | CX20: =+SUM(CL20:CW20) -> 58233000 | CY20: =+CK20-CX20 -> 48527500
A21: 6274.4 | B21: Chung | C21: =_xlfn.XLOOKUP(E21,'[1]TH_CC (3)'!$E:$E,'[1]TH_CC (3)'!$E:$E) -> 101000019 | D21: Z21110P | E21: 101000019 | F21: Hệ thống làm mát nhà xưởng | G21: 45291 | H21: 45261 | I21: 72 | J21: 1001601300 | K21: Kỹ thuật | M21: =+LEFT(N21,4) -> 6274 | N21: 6274001901 | R21: 958076791 | S21: 13306622 | T21: =+IF(YEAR($H21)<$T$5,$S21,IF(AND(YEAR($H21)=$T$5,MONTH($H21)<=T$6),$S21,0)) -> 0 | U21: =+IF(YEAR($H21)<$T$5,$S21,IF(AND(YEAR($H21)=$T$5,MONTH($H21)<=U$6),$S21,0)) -> 0 | V21: =+IF(YEAR($H21)<$T$5,$S21,IF(AND(YEAR($H21)=$T$5,MONTH($H21)<=V$6),$S21,0)) -> 0 | W21: =+IF(YEAR($H21)<$T$5,$S21,IF(AND(YEAR($H21)=$T$5,MONTH($H21)<=W$6),$S21,0)) -> 0 | X21: =+IF(YEAR($H21)<$T$5,$S21,IF(AND(YEAR($H21)=$T$5,MONTH($H21)<=X$6),$S21,0)) -> 0 | Y21: =+IF(YEAR($H21)<$T$5,$S21,IF(AND(YEAR($H21)=$T$5,MONTH($H21)<=Y$6),$S21,0)) -> 0 | Z21: =+IF(YEAR($H21)<$T$5,$S21,IF(AND(YEAR($H21)=$T$5,MONTH($H21)<=Z$6),$S21,0)) -> 0 | AA21: =+IF(YEAR($H21)<$T$5,$S21,IF(AND(YEAR($H21)=$T$5,MONTH($H21)<=AA$6),$S21,0)) -> 0 | ... AE21: =+IF(YEAR($H21)<$T$5,$S21,IF(AND(YEAR($H21)=$T$5,MONTH($H21)<=AE$6),$S21,0)) -> 0 | AF21: =+SUM(T21:AE21) -> 0 | AG21: 0 | AH21: =+IF(YEAR($H21)<$AH$5,$S21,IF(AND(YEAR($H21)=$AH$5,MONTH($H21)<=AH$6),$S21,0)) -> 0 | AI21: =+IF(YEAR($H21)<$AH$5,$S21,IF(AND(YEAR($H21)=$AH$5,MONTH($H21)<=AI$6),$S21,0)) -> 0 | AJ21: =+IF(YEAR($H21)<$AH$5,$S21,IF(AND(YEAR($H21)=$AH$5,MONTH($H21)<=AJ$6),$S21,0)) -> 0 | AK21: =+IF(YEAR($H21)<$AH$5,$S21,IF(AND(YEAR($H21)=$AH$5,MONTH($H21)<=AK$6),$S21,0)) -> 0 | AL21: =+IF(YEAR($H21)<$AH$5,$S21,IF(AND(YEAR($H21)=$AH$5,MONTH($H21)<=AL$6),$S21,0)) -> 0 | AM21: =+IF(YEAR($H21)<$AH$5,$S21,IF(AND(YEAR($H21)=$AH$5,MONTH($H21)<=AM$6),$S21,0)) -> 0 | AN21: =+IF(YEAR($H21)<$AH$5,$S21,IF(AND(YEAR($H21)=$AH$5,MONTH($H21)<=AN$6),$S21,0)) -> 0 | AO21: =+IF(YEAR($H21)<$AH$5,$S21,IF(AND(YEAR($H21)=$AH$5,MONTH($H21)<=AO$6),$S21,0)) -> 0 | ... AS21: =+IF(YEAR($H21)<$AH$5,$S21,IF(AND(YEAR($H21)=$AH$5,MONTH($H21)<=AS$6),$S21,0)) -> 0 | AT21: =+SUM(AH21:AS21) -> 0 | AU21: 0 | AV21: =+IF(YEAR($H21)<$AV$5,$S21,IF(AND(YEAR($H21)=$AV$5,MONTH($H21)<=AV$6),$S21,0)) -> 0 | AW21: =+IF(YEAR($H21)<$AV$5,$S21,IF(AND(YEAR($H21)=$AV$5,MONTH($H21)<=AW$6),$S21,0)) -> 0 | AX21: =+IF(YEAR($H21)<$AV$5,$S21,IF(AND(YEAR($H21)=$AV$5,MONTH($H21)<=AX$6),$S21,0)) -> 0 | AY21: =+IF(YEAR($H21)<$AV$5,$S21,IF(AND(YEAR($H21)=$AV$5,MONTH($H21)<=AY$6),$S21,0)) -> 0 | AZ21: =+IF(YEAR($H21)<$AV$5,$S21,IF(AND(YEAR($H21)=$AV$5,MONTH($H21)<=AZ$6),$S21,0)) -> 0 | BA21: =+IF(YEAR($H21)<$AV$5,$S21,IF(AND(YEAR($H21)=$AV$5,MONTH($H21)<=BA$6),$S21,0)) -> 0 | BB21: =+IF(YEAR($H21)<$AV$5,$S21,IF(AND(YEAR($H21)=$AV$5,MONTH($H21)<=BB$6),$S21,0)) -> 0 | BC21: =+IF(YEAR($H21)<$AV$5,$S21,IF(AND(YEAR($H21)=$AV$5,MONTH($H21)<=BC$6),$S21,0)) -> 0 | ... BG21: =+IF(YEAR($H21)<$AV$5,$S21,IF(AND(YEAR($H21)=$AV$5,MONTH($H21)<=BG$6),$S21,0)) -> 0 | BH21: =+SUM(AV21:BG21) -> 0 | BI21: 0 | BJ21: =+IF(YEAR($H21)<$BJ$5,$S21,IF(AND(YEAR($H21)=$BJ$5,MONTH($H21)<=BJ$6),$S21,0)) -> 0 | BK21: =+IF(YEAR($H21)<$BJ$5,$S21,IF(AND(YEAR($H21)=$BJ$5,MONTH($H21)<=BK$6),$S21,0)) -> 0 | BL21: =+IF(YEAR($H21)<$BJ$5,$S21,IF(AND(YEAR($H21)=$BJ$5,MONTH($H21)<=BL$6),$S21,0)) -> 0 | BM21: =+IF(YEAR($H21)<$BJ$5,$S21,IF(AND(YEAR($H21)=$BJ$5,MONTH($H21)<=BM$6),$S21,0)) -> 0 | BN21: =+IF(YEAR($H21)<$BJ$5,$S21,IF(AND(YEAR($H21)=$BJ$5,MONTH($H21)<=BN$6),$S21,0)) -> 0 | BO21: =+IF(YEAR($H21)<$BJ$5,$S21,IF(AND(YEAR($H21)=$BJ$5,MONTH($H21)<=BO$6),$S21,0)) -> 0 | BP21: =+IF(YEAR($H21)<$BJ$5,$S21,IF(AND(YEAR($H21)=$BJ$5,MONTH($H21)<=BP$6),$S21,0)) -> 0 | BQ21: =+IF(YEAR($H21)<$BJ$5,$S21,IF(AND(YEAR($H21)=$BJ$5,MONTH($H21)<=BQ$6),$S21,0)) -> 0 | ... BU21: =+IF(YEAR($H21)<$BJ$5,$S21,IF(AND(YEAR($H21)=$BJ$5,MONTH($H21)<=BU$6),$S21,0)) -> 13306622 | BV21: =+SUM(BJ21:BU21) -> 13306622 | BW21: =+R21-BV21 -> 9.4477017e+08 | BX21: =+IF(YEAR($H21)<$BX$5,$S21,IF(AND(YEAR($H21)=$BX$5,MONTH($H21)<=BX$6),$S21,0)) -> 13306622 | BY21: =+IF(YEAR($H21)<$BX$5,$S21,IF(AND(YEAR($H21)=$BX$5,MONTH($H21)<=BY$6),$S21,0)) -> 13306622 | BZ21: =+IF(YEAR($H21)<$BX$5,$S21,IF(AND(YEAR($H21)=$BX$5,MONTH($H21)<=BZ$6),$S21,0)) -> 13306622 | CA21: =+IF(YEAR($H21)<$BX$5,$S21,IF(AND(YEAR($H21)=$BX$5,MONTH($H21)<=CA$6),$S21,0)) -> 13306622 | CB21: =+IF(YEAR($H21)<$BX$5,$S21,IF(AND(YEAR($H21)=$BX$5,MONTH($H21)<=CB$6),$S21,0)) -> 13306622 | CC21: =+IF(YEAR($H21)<$BX$5,$S21,IF(AND(YEAR($H21)=$BX$5,MONTH($H21)<=CC$6),$S21,0)) -> 13306622 | CD21: =+IF(YEAR($H21)<$BX$5,$S21,IF(AND(YEAR($H21)=$BX$5,MONTH($H21)<=CD$6),$S21,0)) -> 13306622 | CE21: =+IF(YEAR($H21)<$BX$5,$S21,IF(AND(YEAR($H21)=$BX$5,MONTH($H21)<=CE$6),$S21,0)) -> 13306622 | ... CI21: =+IF(YEAR($H21)<$BX$5,$S21,IF(AND(YEAR($H21)=$BX$5,MONTH($H21)<=CI$6),$S21,0)) -> 13306622 | CJ21: =+SUM(BX21:CI21) -> 1.5967947e+08 | CK21: =+BW21-CJ21 -> 7.850907e+08 | CL21: =+IF(YEAR($H21)<$CL$4,$S21,IF(AND(YEAR($H21)=$CL$4,MONTH($H21)<=CL$6),$S21,0)) -> 13306622 | CM21: =+IF(YEAR($H21)<$CL$4,$S21,IF(AND(YEAR($H21)=$CL$4,MONTH($H21)<=CM$6),$S21,0)) -> 13306622 | CN21: =+IF(YEAR($H21)<$CL$4,$S21,IF(AND(YEAR($H21)=$CL$4,MONTH($H21)<=CN$6),$S21,0)) -> 13306622 | CO21: =+IF(YEAR($H21)<$CL$4,$S21,IF(AND(YEAR($H21)=$CL$4,MONTH($H21)<=CO$6),$S21,0)) -> 13306622 | CP21: =+IF(YEAR($H21)<$CL$4,$S21,IF(AND(YEAR($H21)=$CL$4,MONTH($H21)<=CP$6),$S21,0)) -> 13306622 | CQ21: =+IF(YEAR($H21)<$CL$4,$S21,IF(AND(YEAR($H21)=$CL$4,MONTH($H21)<=CQ$6),$S21,0)) -> 13306622 | CR21: =+IF(YEAR($H21)<$CL$4,$S21,IF(AND(YEAR($H21)=$CL$4,MONTH($H21)<=CR$6),$S21,0)) -> 13306622 | CS21: =+IF(YEAR($H21)<$CL$4,$S21,IF(AND(YEAR($H21)=$CL$4,MONTH($H21)<=CS$6),$S21,0)) -> 13306622 | ... CW21: =+IF(YEAR($H21)<$CL$4,$S21,IF(AND(YEAR($H21)=$CL$4,MONTH($H21)<=CW$6),$S21,0)) -> 13306622 | CX21: =+SUM(CL21:CW21) -> 1.5967947e+08 | CY21: =+CK21-CX21 -> 6.2541124e+08
B22: Chung | C22: =_xlfn.XLOOKUP(E22,'[1]TH_CC (3)'!$E:$E,'[1]TH_CC (3)'!$E:$E) -> 103000007 | D22: Z21110A | E22: 103000007 | F22: Đường nước tưới cây xung quanh nhà máy | G22: 45231 | H22: 45261 | I22: 72 | J22: 1001202000 | K22: Hành chánh nhân sự | M22: =+LEFT(N22,4) -> 6424 | N22: 6424001901 | R22: 267942150 | S22: 3721418.8 | T22: =+IF(YEAR($H22)<$T$5,$S22,IF(AND(YEAR($H22)=$T$5,MONTH($H22)<=T$6),$S22,0)) -> 0 | U22: =+IF(YEAR($H22)<$T$5,$S22,IF(AND(YEAR($H22)=$T$5,MONTH($H22)<=U$6),$S22,0)) -> 0 | V22: =+IF(YEAR($H22)<$T$5,$S22,IF(AND(YEAR($H22)=$T$5,MONTH($H22)<=V$6),$S22,0)) -> 0 | W22: =+IF(YEAR($H22)<$T$5,$S22,IF(AND(YEAR($H22)=$T$5,MONTH($H22)<=W$6),$S22,0)) -> 0 | X22: =+IF(YEAR($H22)<$T$5,$S22,IF(AND(YEAR($H22)=$T$5,MONTH($H22)<=X$6),$S22,0)) -> 0 | Y22: =+IF(YEAR($H22)<$T$5,$S22,IF(AND(YEAR($H22)=$T$5,MONTH($H22)<=Y$6),$S22,0)) -> 0 | Z22: =+IF(YEAR($H22)<$T$5,$S22,IF(AND(YEAR($H22)=$T$5,MONTH($H22)<=Z$6),$S22,0)) -> 0 | AA22: =+IF(YEAR($H22)<$T$5,$S22,IF(AND(YEAR($H22)=$T$5,MONTH($H22)<=AA$6),$S22,0)) -> 0 | ... AE22: =+IF(YEAR($H22)<$T$5,$S22,IF(AND(YEAR($H22)=$T$5,MONTH($H22)<=AE$6),$S22,0)) -> 0 | AF22: =+SUM(T22:AE22) -> 0 | AG22: 0 | AH22: =+IF(YEAR($H22)<$AH$5,$S22,IF(AND(YEAR($H22)=$AH$5,MONTH($H22)<=AH$6),$S22,0)) -> 0 | AI22: =+IF(YEAR($H22)<$AH$5,$S22,IF(AND(YEAR($H22)=$AH$5,MONTH($H22)<=AI$6),$S22,0)) -> 0 | AJ22: =+IF(YEAR($H22)<$AH$5,$S22,IF(AND(YEAR($H22)=$AH$5,MONTH($H22)<=AJ$6),$S22,0)) -> 0 | AK22: =+IF(YEAR($H22)<$AH$5,$S22,IF(AND(YEAR($H22)=$AH$5,MONTH($H22)<=AK$6),$S22,0)) -> 0 | AL22: =+IF(YEAR($H22)<$AH$5,$S22,IF(AND(YEAR($H22)=$AH$5,MONTH($H22)<=AL$6),$S22,0)) -> 0 | AM22: =+IF(YEAR($H22)<$AH$5,$S22,IF(AND(YEAR($H22)=$AH$5,MONTH($H22)<=AM$6),$S22,0)) -> 0 | AN22: =+IF(YEAR($H22)<$AH$5,$S22,IF(AND(YEAR($H22)=$AH$5,MONTH($H22)<=AN$6),$S22,0)) -> 0 | AO22: =+IF(YEAR($H22)<$AH$5,$S22,IF(AND(YEAR($H22)=$AH$5,MONTH($H22)<=AO$6),$S22,0)) -> 0 | ... AS22: =+IF(YEAR($H22)<$AH$5,$S22,IF(AND(YEAR($H22)=$AH$5,MONTH($H22)<=AS$6),$S22,0)) -> 0 | AT22: =+SUM(AH22:AS22) -> 0 | AU22: 0 | AV22: =+IF(YEAR($H22)<$AV$5,$S22,IF(AND(YEAR($H22)=$AV$5,MONTH($H22)<=AV$6),$S22,0)) -> 0 | AW22: =+IF(YEAR($H22)<$AV$5,$S22,IF(AND(YEAR($H22)=$AV$5,MONTH($H22)<=AW$6),$S22,0)) -> 0 | AX22: =+IF(YEAR($H22)<$AV$5,$S22,IF(AND(YEAR($H22)=$AV$5,MONTH($H22)<=AX$6),$S22,0)) -> 0 | AY22: =+IF(YEAR($H22)<$AV$5,$S22,IF(AND(YEAR($H22)=$AV$5,MONTH($H22)<=AY$6),$S22,0)) -> 0 | AZ22: =+IF(YEAR($H22)<$AV$5,$S22,IF(AND(YEAR($H22)=$AV$5,MONTH($H22)<=AZ$6),$S22,0)) -> 0 | BA22: =+IF(YEAR($H22)<$AV$5,$S22,IF(AND(YEAR($H22)=$AV$5,MONTH($H22)<=BA$6),$S22,0)) -> 0 | BB22: =+IF(YEAR($H22)<$AV$5,$S22,IF(AND(YEAR($H22)=$AV$5,MONTH($H22)<=BB$6),$S22,0)) -> 0 | BC22: =+IF(YEAR($H22)<$AV$5,$S22,IF(AND(YEAR($H22)=$AV$5,MONTH($H22)<=BC$6),$S22,0)) -> 0 | ... BG22: =+IF(YEAR($H22)<$AV$5,$S22,IF(AND(YEAR($H22)=$AV$5,MONTH($H22)<=BG$6),$S22,0)) -> 0 | BH22: =+SUM(AV22:BG22) -> 0 | BI22: 0 | BJ22: =+IF(YEAR($H22)<$BJ$5,$S22,IF(AND(YEAR($H22)=$BJ$5,MONTH($H22)<=BJ$6),$S22,0)) -> 0 | BK22: =+IF(YEAR($H22)<$BJ$5,$S22,IF(AND(YEAR($H22)=$BJ$5,MONTH($H22)<=BK$6),$S22,0)) -> 0 | BL22: =+IF(YEAR($H22)<$BJ$5,$S22,IF(AND(YEAR($H22)=$BJ$5,MONTH($H22)<=BL$6),$S22,0)) -> 0 | BM22: =+IF(YEAR($H22)<$BJ$5,$S22,IF(AND(YEAR($H22)=$BJ$5,MONTH($H22)<=BM$6),$S22,0)) -> 0 | BN22: =+IF(YEAR($H22)<$BJ$5,$S22,IF(AND(YEAR($H22)=$BJ$5,MONTH($H22)<=BN$6),$S22,0)) -> 0 | BO22: =+IF(YEAR($H22)<$BJ$5,$S22,IF(AND(YEAR($H22)=$BJ$5,MONTH($H22)<=BO$6),$S22,0)) -> 0 | BP22: =+IF(YEAR($H22)<$BJ$5,$S22,IF(AND(YEAR($H22)=$BJ$5,MONTH($H22)<=BP$6),$S22,0)) -> 0 | BQ22: =+IF(YEAR($H22)<$BJ$5,$S22,IF(AND(YEAR($H22)=$BJ$5,MONTH($H22)<=BQ$6),$S22,0)) -> 0 | ... BU22: =+IF(YEAR($H22)<$BJ$5,$S22,IF(AND(YEAR($H22)=$BJ$5,MONTH($H22)<=BU$6),$S22,0)) -> 3721418.8 | BV22: =+SUM(BJ22:BU22) -> 3721418.8 | BW22: =+R22-BV22 -> 2.6422073e+08 | BX22: =+IF(YEAR($H22)<$BX$5,$S22,IF(AND(YEAR($H22)=$BX$5,MONTH($H22)<=BX$6),$S22,0)) -> 3721418.8 | BY22: =+IF(YEAR($H22)<$BX$5,$S22,IF(AND(YEAR($H22)=$BX$5,MONTH($H22)<=BY$6),$S22,0)) -> 3721418.8 | BZ22: =+IF(YEAR($H22)<$BX$5,$S22,IF(AND(YEAR($H22)=$BX$5,MONTH($H22)<=BZ$6),$S22,0)) -> 3721418.8 | CA22: =+IF(YEAR($H22)<$BX$5,$S22,IF(AND(YEAR($H22)=$BX$5,MONTH($H22)<=CA$6),$S22,0)) -> 3721418.8 | CB22: =+IF(YEAR($H22)<$BX$5,$S22,IF(AND(YEAR($H22)=$BX$5,MONTH($H22)<=CB$6),$S22,0)) -> 3721418.8 | CC22: =+IF(YEAR($H22)<$BX$5,$S22,IF(AND(YEAR($H22)=$BX$5,MONTH($H22)<=CC$6),$S22,0)) -> 3721418.8 | CD22: =+IF(YEAR($H22)<$BX$5,$S22,IF(AND(YEAR($H22)=$BX$5,MONTH($H22)<=CD$6),$S22,0)) -> 3721418.8 | CE22: =+IF(YEAR($H22)<$BX$5,$S22,IF(AND(YEAR($H22)=$BX$5,MONTH($H22)<=CE$6),$S22,0)) -> 3721418.8 | ... CI22: =+IF(YEAR($H22)<$BX$5,$S22,IF(AND(YEAR($H22)=$BX$5,MONTH($H22)<=CI$6),$S22,0)) -> 3721418.8 | CJ22: =+SUM(BX22:CI22) -> 44657025 | CK22: =+BW22-CJ22 -> 2.1956371e+08 | CL22: =+IF(YEAR($H22)<$CL$4,$S22,IF(AND(YEAR($H22)=$CL$4,MONTH($H22)<=CL$6),$S22,0)) -> 3721418.8 | CM22: =+IF(YEAR($H22)<$CL$4,$S22,IF(AND(YEAR($H22)=$CL$4,MONTH($H22)<=CM$6),$S22,0)) -> 3721418.8 | CN22: =+IF(YEAR($H22)<$CL$4,$S22,IF(AND(YEAR($H22)=$CL$4,MONTH($H22)<=CN$6),$S22,0)) -> 3721418.8 | CO22: =+IF(YEAR($H22)<$CL$4,$S22,IF(AND(YEAR($H22)=$CL$4,MONTH($H22)<=CO$6),$S22,0)) -> 3721418.8 | CP22: =+IF(YEAR($H22)<$CL$4,$S22,IF(AND(YEAR($H22)=$CL$4,MONTH($H22)<=CP$6),$S22,0)) -> 3721418.8 | CQ22: =+IF(YEAR($H22)<$CL$4,$S22,IF(AND(YEAR($H22)=$CL$4,MONTH($H22)<=CQ$6),$S22,0)) -> 3721418.8 | CR22: =+IF(YEAR($H22)<$CL$4,$S22,IF(AND(YEAR($H22)=$CL$4,MONTH($H22)<=CR$6),$S22,0)) -> 3721418.8 | CS22: =+IF(YEAR($H22)<$CL$4,$S22,IF(AND(YEAR($H22)=$CL$4,MONTH($H22)<=CS$6),$S22,0)) -> 3721418.8 | ... CW22: =+IF(YEAR($H22)<$CL$4,$S22,IF(AND(YEAR($H22)=$CL$4,MONTH($H22)<=CW$6),$S22,0)) -> 3721418.8 | CX22: =+SUM(CL22:CW22) -> 44657025 | CY22: =+CK22-CX22 -> 1.7490668e+08
B23: Chung | C23: =_xlfn.XLOOKUP(E23,'[1]TH_CC (3)'!$E:$E,'[1]TH_CC (3)'!$E:$E) -> 103000008 | D23: Z21110A | E23: 103000008 | F23: Ốp gạch và trồng cỏ nhà xưởng | G23: 45291 | H23: 45261 | I23: 36 | J23: 1001102000 | K23: Ban dự án XDCB | M23: =+LEFT(N23,4) -> 6424 | N23: 6424001901 | R23: 309657600 | S23: 8601600 | T23: =+IF(YEAR($H23)<$T$5,$S23,IF(AND(YEAR($H23)=$T$5,MONTH($H23)<=T$6),$S23,0)) -> 0 | U23: =+IF(YEAR($H23)<$T$5,$S23,IF(AND(YEAR($H23)=$T$5,MONTH($H23)<=U$6),$S23,0)) -> 0 | V23: =+IF(YEAR($H23)<$T$5,$S23,IF(AND(YEAR($H23)=$T$5,MONTH($H23)<=V$6),$S23,0)) -> 0 | W23: =+IF(YEAR($H23)<$T$5,$S23,IF(AND(YEAR($H23)=$T$5,MONTH($H23)<=W$6),$S23,0)) -> 0 | X23: =+IF(YEAR($H23)<$T$5,$S23,IF(AND(YEAR($H23)=$T$5,MONTH($H23)<=X$6),$S23,0)) -> 0 | Y23: =+IF(YEAR($H23)<$T$5,$S23,IF(AND(YEAR($H23)=$T$5,MONTH($H23)<=Y$6),$S23,0)) -> 0 | Z23: =+IF(YEAR($H23)<$T$5,$S23,IF(AND(YEAR($H23)=$T$5,MONTH($H23)<=Z$6),$S23,0)) -> 0 | AA23: =+IF(YEAR($H23)<$T$5,$S23,IF(AND(YEAR($H23)=$T$5,MONTH($H23)<=AA$6),$S23,0)) -> 0 | ... AE23: =+IF(YEAR($H23)<$T$5,$S23,IF(AND(YEAR($H23)=$T$5,MONTH($H23)<=AE$6),$S23,0)) -> 0 | AF23: =+SUM(T23:AE23) -> 0 | AG23: 0 | AH23: =+IF(YEAR($H23)<$AH$5,$S23,IF(AND(YEAR($H23)=$AH$5,MONTH($H23)<=AH$6),$S23,0)) -> 0 | AI23: =+IF(YEAR($H23)<$AH$5,$S23,IF(AND(YEAR($H23)=$AH$5,MONTH($H23)<=AI$6),$S23,0)) -> 0 | AJ23: =+IF(YEAR($H23)<$AH$5,$S23,IF(AND(YEAR($H23)=$AH$5,MONTH($H23)<=AJ$6),$S23,0)) -> 0 | AK23: =+IF(YEAR($H23)<$AH$5,$S23,IF(AND(YEAR($H23)=$AH$5,MONTH($H23)<=AK$6),$S23,0)) -> 0 | AL23: =+IF(YEAR($H23)<$AH$5,$S23,IF(AND(YEAR($H23)=$AH$5,MONTH($H23)<=AL$6),$S23,0)) -> 0 | AM23: =+IF(YEAR($H23)<$AH$5,$S23,IF(AND(YEAR($H23)=$AH$5,MONTH($H23)<=AM$6),$S23,0)) -> 0 | AN23: =+IF(YEAR($H23)<$AH$5,$S23,IF(AND(YEAR($H23)=$AH$5,MONTH($H23)<=AN$6),$S23,0)) -> 0 | AO23: =+IF(YEAR($H23)<$AH$5,$S23,IF(AND(YEAR($H23)=$AH$5,MONTH($H23)<=AO$6),$S23,0)) -> 0 | ... AS23: =+IF(YEAR($H23)<$AH$5,$S23,IF(AND(YEAR($H23)=$AH$5,MONTH($H23)<=AS$6),$S23,0)) -> 0 | AT23: =+SUM(AH23:AS23) -> 0 | AU23: 0 | AV23: =+IF(YEAR($H23)<$AV$5,$S23,IF(AND(YEAR($H23)=$AV$5,MONTH($H23)<=AV$6),$S23,0)) -> 0 | AW23: =+IF(YEAR($H23)<$AV$5,$S23,IF(AND(YEAR($H23)=$AV$5,MONTH($H23)<=AW$6),$S23,0)) -> 0 | AX23: =+IF(YEAR($H23)<$AV$5,$S23,IF(AND(YEAR($H23)=$AV$5,MONTH($H23)<=AX$6),$S23,0)) -> 0 | AY23: =+IF(YEAR($H23)<$AV$5,$S23,IF(AND(YEAR($H23)=$AV$5,MONTH($H23)<=AY$6),$S23,0)) -> 0 | AZ23: =+IF(YEAR($H23)<$AV$5,$S23,IF(AND(YEAR($H23)=$AV$5,MONTH($H23)<=AZ$6),$S23,0)) -> 0 | BA23: =+IF(YEAR($H23)<$AV$5,$S23,IF(AND(YEAR($H23)=$AV$5,MONTH($H23)<=BA$6),$S23,0)) -> 0 | BB23: =+IF(YEAR($H23)<$AV$5,$S23,IF(AND(YEAR($H23)=$AV$5,MONTH($H23)<=BB$6),$S23,0)) -> 0 | BC23: =+IF(YEAR($H23)<$AV$5,$S23,IF(AND(YEAR($H23)=$AV$5,MONTH($H23)<=BC$6),$S23,0)) -> 0 | ... BG23: =+IF(YEAR($H23)<$AV$5,$S23,IF(AND(YEAR($H23)=$AV$5,MONTH($H23)<=BG$6),$S23,0)) -> 0 | BH23: =+SUM(AV23:BG23) -> 0 | BI23: 0 | BJ23: =+IF(YEAR($H23)<$BJ$5,$S23,IF(AND(YEAR($H23)=$BJ$5,MONTH($H23)<=BJ$6),$S23,0)) -> 0 | BK23: =+IF(YEAR($H23)<$BJ$5,$S23,IF(AND(YEAR($H23)=$BJ$5,MONTH($H23)<=BK$6),$S23,0)) -> 0 | BL23: =+IF(YEAR($H23)<$BJ$5,$S23,IF(AND(YEAR($H23)=$BJ$5,MONTH($H23)<=BL$6),$S23,0)) -> 0 | BM23: =+IF(YEAR($H23)<$BJ$5,$S23,IF(AND(YEAR($H23)=$BJ$5,MONTH($H23)<=BM$6),$S23,0)) -> 0 | BN23: =+IF(YEAR($H23)<$BJ$5,$S23,IF(AND(YEAR($H23)=$BJ$5,MONTH($H23)<=BN$6),$S23,0)) -> 0 | BO23: =+IF(YEAR($H23)<$BJ$5,$S23,IF(AND(YEAR($H23)=$BJ$5,MONTH($H23)<=BO$6),$S23,0)) -> 0 | BP23: =+IF(YEAR($H23)<$BJ$5,$S23,IF(AND(YEAR($H23)=$BJ$5,MONTH($H23)<=BP$6),$S23,0)) -> 0 | BQ23: =+IF(YEAR($H23)<$BJ$5,$S23,IF(AND(YEAR($H23)=$BJ$5,MONTH($H23)<=BQ$6),$S23,0)) -> 0 | ... BU23: =+IF(YEAR($H23)<$BJ$5,$S23,IF(AND(YEAR($H23)=$BJ$5,MONTH($H23)<=BU$6),$S23,0)) -> 8601600 | BV23: =+SUM(BJ23:BU23) -> 8601600 | BW23: =+R23-BV23 -> 301056000 | BX23: =+IF(YEAR($H23)<$BX$5,$S23,IF(AND(YEAR($H23)=$BX$5,MONTH($H23)<=BX$6),$S23,0)) -> 8601600 | BY23: =+IF(YEAR($H23)<$BX$5,$S23,IF(AND(YEAR($H23)=$BX$5,MONTH($H23)<=BY$6),$S23,0)) -> 8601600 | BZ23: =+IF(YEAR($H23)<$BX$5,$S23,IF(AND(YEAR($H23)=$BX$5,MONTH($H23)<=BZ$6),$S23,0)) -> 8601600 | CA23: =+IF(YEAR($H23)<$BX$5,$S23,IF(AND(YEAR($H23)=$BX$5,MONTH($H23)<=CA$6),$S23,0)) -> 8601600 | CB23: =+IF(YEAR($H23)<$BX$5,$S23,IF(AND(YEAR($H23)=$BX$5,MONTH($H23)<=CB$6),$S23,0)) -> 8601600 | CC23: =+IF(YEAR($H23)<$BX$5,$S23,IF(AND(YEAR($H23)=$BX$5,MONTH($H23)<=CC$6),$S23,0)) -> 8601600 | CD23: =+IF(YEAR($H23)<$BX$5,$S23,IF(AND(YEAR($H23)=$BX$5,MONTH($H23)<=CD$6),$S23,0)) -> 8601600 | CE23: =+IF(YEAR($H23)<$BX$5,$S23,IF(AND(YEAR($H23)=$BX$5,MONTH($H23)<=CE$6),$S23,0)) -> 8601600 | ... CI23: =+IF(YEAR($H23)<$BX$5,$S23,IF(AND(YEAR($H23)=$BX$5,MONTH($H23)<=CI$6),$S23,0)) -> 8601600 | CJ23: =+SUM(BX23:CI23) -> 103219200 | CK23: =+BW23-CJ23 -> 197836800 | CL23: =+IF(YEAR($H23)<$CL$4,$S23,IF(AND(YEAR($H23)=$CL$4,MONTH($H23)<=CL$6),$S23,0)) -> 8601600 | CM23: =+IF(YEAR($H23)<$CL$4,$S23,IF(AND(YEAR($H23)=$CL$4,MONTH($H23)<=CM$6),$S23,0)) -> 8601600 | CN23: =+IF(YEAR($H23)<$CL$4,$S23,IF(AND(YEAR($H23)=$CL$4,MONTH($H23)<=CN$6),$S23,0)) -> 8601600 | CO23: =+IF(YEAR($H23)<$CL$4,$S23,IF(AND(YEAR($H23)=$CL$4,MONTH($H23)<=CO$6),$S23,0)) -> 8601600 | CP23: =+IF(YEAR($H23)<$CL$4,$S23,IF(AND(YEAR($H23)=$CL$4,MONTH($H23)<=CP$6),$S23,0)) -> 8601600 | CQ23: =+IF(YEAR($H23)<$CL$4,$S23,IF(AND(YEAR($H23)=$CL$4,MONTH($H23)<=CQ$6),$S23,0)) -> 8601600 | CR23: =+IF(YEAR($H23)<$CL$4,$S23,IF(AND(YEAR($H23)=$CL$4,MONTH($H23)<=CR$6),$S23,0)) -> 8601600 | CS23: =+IF(YEAR($H23)<$CL$4,$S23,IF(AND(YEAR($H23)=$CL$4,MONTH($H23)<=CS$6),$S23,0)) -> 8601600 | ... CW23: =+IF(YEAR($H23)<$CL$4,$S23,IF(AND(YEAR($H23)=$CL$4,MONTH($H23)<=CW$6),$S23,0)) -> 8601600 | CX23: =+SUM(CL23:CW23) -> 103219200 | CY23: =+CK23-CX23 -> 94617600
B24: Chung | C24: =_xlfn.XLOOKUP(E24,'[1]TH_CC (3)'!$E:$E,'[1]TH_CC (3)'!$E:$E) -> 103000009 | D24: Z21110A | E24: 103000009 | F24: Thi công các hạng mục xây dựng nhà xưởng | G24: 45291 | H24: 45261 | I24: 72 | J24: 1001202000 | K24: Hành chánh nhân sự | M24: =+LEFT(N24,4) -> 6424 | N24: 6424001901 | R24: 278150000 | S24: 3863194.4 | T24: =+IF(YEAR($H24)<$T$5,$S24,IF(AND(YEAR($H24)=$T$5,MONTH($H24)<=T$6),$S24,0)) -> 0 | U24: =+IF(YEAR($H24)<$T$5,$S24,IF(AND(YEAR($H24)=$T$5,MONTH($H24)<=U$6),$S24,0)) -> 0 | V24: =+IF(YEAR($H24)<$T$5,$S24,IF(AND(YEAR($H24)=$T$5,MONTH($H24)<=V$6),$S24,0)) -> 0 | W24: =+IF(YEAR($H24)<$T$5,$S24,IF(AND(YEAR($H24)=$T$5,MONTH($H24)<=W$6),$S24,0)) -> 0 | X24: =+IF(YEAR($H24)<$T$5,$S24,IF(AND(YEAR($H24)=$T$5,MONTH($H24)<=X$6),$S24,0)) -> 0 | Y24: =+IF(YEAR($H24)<$T$5,$S24,IF(AND(YEAR($H24)=$T$5,MONTH($H24)<=Y$6),$S24,0)) -> 0 | Z24: =+IF(YEAR($H24)<$T$5,$S24,IF(AND(YEAR($H24)=$T$5,MONTH($H24)<=Z$6),$S24,0)) -> 0 | AA24: =+IF(YEAR($H24)<$T$5,$S24,IF(AND(YEAR($H24)=$T$5,MONTH($H24)<=AA$6),$S24,0)) -> 0 | ... AE24: =+IF(YEAR($H24)<$T$5,$S24,IF(AND(YEAR($H24)=$T$5,MONTH($H24)<=AE$6),$S24,0)) -> 0 | AF24: =+SUM(T24:AE24) -> 0 | AG24: 0 | AH24: =+IF(YEAR($H24)<$AH$5,$S24,IF(AND(YEAR($H24)=$AH$5,MONTH($H24)<=AH$6),$S24,0)) -> 0 | AI24: =+IF(YEAR($H24)<$AH$5,$S24,IF(AND(YEAR($H24)=$AH$5,MONTH($H24)<=AI$6),$S24,0)) -> 0 | AJ24: =+IF(YEAR($H24)<$AH$5,$S24,IF(AND(YEAR($H24)=$AH$5,MONTH($H24)<=AJ$6),$S24,0)) -> 0 | AK24: =+IF(YEAR($H24)<$AH$5,$S24,IF(AND(YEAR($H24)=$AH$5,MONTH($H24)<=AK$6),$S24,0)) -> 0 | AL24: =+IF(YEAR($H24)<$AH$5,$S24,IF(AND(YEAR($H24)=$AH$5,MONTH($H24)<=AL$6),$S24,0)) -> 0 | AM24: =+IF(YEAR($H24)<$AH$5,$S24,IF(AND(YEAR($H24)=$AH$5,MONTH($H24)<=AM$6),$S24,0)) -> 0 | AN24: =+IF(YEAR($H24)<$AH$5,$S24,IF(AND(YEAR($H24)=$AH$5,MONTH($H24)<=AN$6),$S24,0)) -> 0 | AO24: =+IF(YEAR($H24)<$AH$5,$S24,IF(AND(YEAR($H24)=$AH$5,MONTH($H24)<=AO$6),$S24,0)) -> 0 | ... AS24: =+IF(YEAR($H24)<$AH$5,$S24,IF(AND(YEAR($H24)=$AH$5,MONTH($H24)<=AS$6),$S24,0)) -> 0 | AT24: =+SUM(AH24:AS24) -> 0 | AU24: 0 | AV24: =+IF(YEAR($H24)<$AV$5,$S24,IF(AND(YEAR($H24)=$AV$5,MONTH($H24)<=AV$6),$S24,0)) -> 0 | AW24: =+IF(YEAR($H24)<$AV$5,$S24,IF(AND(YEAR($H24)=$AV$5,MONTH($H24)<=AW$6),$S24,0)) -> 0 | AX24: =+IF(YEAR($H24)<$AV$5,$S24,IF(AND(YEAR($H24)=$AV$5,MONTH($H24)<=AX$6),$S24,0)) -> 0 | AY24: =+IF(YEAR($H24)<$AV$5,$S24,IF(AND(YEAR($H24)=$AV$5,MONTH($H24)<=AY$6),$S24,0)) -> 0 | AZ24: =+IF(YEAR($H24)<$AV$5,$S24,IF(AND(YEAR($H24)=$AV$5,MONTH($H24)<=AZ$6),$S24,0)) -> 0 | BA24: =+IF(YEAR($H24)<$AV$5,$S24,IF(AND(YEAR($H24)=$AV$5,MONTH($H24)<=BA$6),$S24,0)) -> 0 | BB24: =+IF(YEAR($H24)<$AV$5,$S24,IF(AND(YEAR($H24)=$AV$5,MONTH($H24)<=BB$6),$S24,0)) -> 0 | BC24: =+IF(YEAR($H24)<$AV$5,$S24,IF(AND(YEAR($H24)=$AV$5,MONTH($H24)<=BC$6),$S24,0)) -> 0 | ... BG24: =+IF(YEAR($H24)<$AV$5,$S24,IF(AND(YEAR($H24)=$AV$5,MONTH($H24)<=BG$6),$S24,0)) -> 0 | BH24: =+SUM(AV24:BG24) -> 0 | BI24: 0 | BJ24: =+IF(YEAR($H24)<$BJ$5,$S24,IF(AND(YEAR($H24)=$BJ$5,MONTH($H24)<=BJ$6),$S24,0)) -> 0 | BK24: =+IF(YEAR($H24)<$BJ$5,$S24,IF(AND(YEAR($H24)=$BJ$5,MONTH($H24)<=BK$6),$S24,0)) -> 0 | BL24: =+IF(YEAR($H24)<$BJ$5,$S24,IF(AND(YEAR($H24)=$BJ$5,MONTH($H24)<=BL$6),$S24,0)) -> 0 | BM24: =+IF(YEAR($H24)<$BJ$5,$S24,IF(AND(YEAR($H24)=$BJ$5,MONTH($H24)<=BM$6),$S24,0)) -> 0 | BN24: =+IF(YEAR($H24)<$BJ$5,$S24,IF(AND(YEAR($H24)=$BJ$5,MONTH($H24)<=BN$6),$S24,0)) -> 0 | BO24: =+IF(YEAR($H24)<$BJ$5,$S24,IF(AND(YEAR($H24)=$BJ$5,MONTH($H24)<=BO$6),$S24,0)) -> 0 | BP24: =+IF(YEAR($H24)<$BJ$5,$S24,IF(AND(YEAR($H24)=$BJ$5,MONTH($H24)<=BP$6),$S24,0)) -> 0 | BQ24: =+IF(YEAR($H24)<$BJ$5,$S24,IF(AND(YEAR($H24)=$BJ$5,MONTH($H24)<=BQ$6),$S24,0)) -> 0 | ... BU24: =+IF(YEAR($H24)<$BJ$5,$S24,IF(AND(YEAR($H24)=$BJ$5,MONTH($H24)<=BU$6),$S24,0)) -> 3863194.4 | BV24: =+SUM(BJ24:BU24) -> 3863194.4 | BW24: =+R24-BV24 -> 2.7428681e+08 | BX24: =+IF(YEAR($H24)<$BX$5,$S24,IF(AND(YEAR($H24)=$BX$5,MONTH($H24)<=BX$6),$S24,0)) -> 3863194.4 | BY24: =+IF(YEAR($H24)<$BX$5,$S24,IF(AND(YEAR($H24)=$BX$5,MONTH($H24)<=BY$6),$S24,0)) -> 3863194.4 | BZ24: =+IF(YEAR($H24)<$BX$5,$S24,IF(AND(YEAR($H24)=$BX$5,MONTH($H24)<=BZ$6),$S24,0)) -> 3863194.4 | CA24: =+IF(YEAR($H24)<$BX$5,$S24,IF(AND(YEAR($H24)=$BX$5,MONTH($H24)<=CA$6),$S24,0)) -> 3863194.4 | CB24: =+IF(YEAR($H24)<$BX$5,$S24,IF(AND(YEAR($H24)=$BX$5,MONTH($H24)<=CB$6),$S24,0)) -> 3863194.4 | CC24: =+IF(YEAR($H24)<$BX$5,$S24,IF(AND(YEAR($H24)=$BX$5,MONTH($H24)<=CC$6),$S24,0)) -> 3863194.4 | CD24: =+IF(YEAR($H24)<$BX$5,$S24,IF(AND(YEAR($H24)=$BX$5,MONTH($H24)<=CD$6),$S24,0)) -> 3863194.4 | CE24: =+IF(YEAR($H24)<$BX$5,$S24,IF(AND(YEAR($H24)=$BX$5,MONTH($H24)<=CE$6),$S24,0)) -> 3863194.4 | ... CI24: =+IF(YEAR($H24)<$BX$5,$S24,IF(AND(YEAR($H24)=$BX$5,MONTH($H24)<=CI$6),$S24,0)) -> 3863194.4 | CJ24: =+SUM(BX24:CI24) -> 46358333 | CK24: =+BW24-CJ24 -> 2.2792847e+08 | CL24: =+IF(YEAR($H24)<$CL$4,$S24,IF(AND(YEAR($H24)=$CL$4,MONTH($H24)<=CL$6),$S24,0)) -> 3863194.4 | CM24: =+IF(YEAR($H24)<$CL$4,$S24,IF(AND(YEAR($H24)=$CL$4,MONTH($H24)<=CM$6),$S24,0)) -> 3863194.4 | CN24: =+IF(YEAR($H24)<$CL$4,$S24,IF(AND(YEAR($H24)=$CL$4,MONTH($H24)<=CN$6),$S24,0)) -> 3863194.4 | CO24: =+IF(YEAR($H24)<$CL$4,$S24,IF(AND(YEAR($H24)=$CL$4,MONTH($H24)<=CO$6),$S24,0)) -> 3863194.4 | CP24: =+IF(YEAR($H24)<$CL$4,$S24,IF(AND(YEAR($H24)=$CL$4,MONTH($H24)<=CP$6),$S24,0)) -> 3863194.4 | CQ24: =+IF(YEAR($H24)<$CL$4,$S24,IF(AND(YEAR($H24)=$CL$4,MONTH($H24)<=CQ$6),$S24,0)) -> 3863194.4 | CR24: =+IF(YEAR($H24)<$CL$4,$S24,IF(AND(YEAR($H24)=$CL$4,MONTH($H24)<=CR$6),$S24,0)) -> 3863194.4 | CS24: =+IF(YEAR($H24)<$CL$4,$S24,IF(AND(YEAR($H24)=$CL$4,MONTH($H24)<=CS$6),$S24,0)) -> 3863194.4 | ... CW24: =+IF(YEAR($H24)<$CL$4,$S24,IF(AND(YEAR($H24)=$CL$4,MONTH($H24)<=CW$6),$S24,0)) -> 3863194.4 | CX24: =+SUM(CL24:CW24) -> 46358333 | CY24: =+CK24-CX24 -> 1.8157014e+08
B25: Chung | C25: =_xlfn.XLOOKUP(E25,'[1]TH_CC (3)'!$E:$E,'[1]TH_CC (3)'!$E:$E) -> 103000010 | D25: Z21110A | E25: 103000010 | F25: Nhà chứa bùn F05 | G25: 45291 | H25: 45261 | I25: 96 | J25: 1001202000 | K25: Hành chánh nhân sự | M25: =+LEFT(N25,4) -> 6424 | N25: 6424001901 | R25: 118791283 | S25: 1237409.2 | T25: =+IF(YEAR($H25)<$T$5,$S25,IF(AND(YEAR($H25)=$T$5,MONTH($H25)<=T$6),$S25,0)) -> 0 | U25: =+IF(YEAR($H25)<$T$5,$S25,IF(AND(YEAR($H25)=$T$5,MONTH($H25)<=U$6),$S25,0)) -> 0 | V25: =+IF(YEAR($H25)<$T$5,$S25,IF(AND(YEAR($H25)=$T$5,MONTH($H25)<=V$6),$S25,0)) -> 0 | W25: =+IF(YEAR($H25)<$T$5,$S25,IF(AND(YEAR($H25)=$T$5,MONTH($H25)<=W$6),$S25,0)) -> 0 | X25: =+IF(YEAR($H25)<$T$5,$S25,IF(AND(YEAR($H25)=$T$5,MONTH($H25)<=X$6),$S25,0)) -> 0 | Y25: =+IF(YEAR($H25)<$T$5,$S25,IF(AND(YEAR($H25)=$T$5,MONTH($H25)<=Y$6),$S25,0)) -> 0 | Z25: =+IF(YEAR($H25)<$T$5,$S25,IF(AND(YEAR($H25)=$T$5,MONTH($H25)<=Z$6),$S25,0)) -> 0 | AA25: =+IF(YEAR($H25)<$T$5,$S25,IF(AND(YEAR($H25)=$T$5,MONTH($H25)<=AA$6),$S25,0)) -> 0 | ... AE25: =+IF(YEAR($H25)<$T$5,$S25,IF(AND(YEAR($H25)=$T$5,MONTH($H25)<=AE$6),$S25,0)) -> 0 | AF25: =+SUM(T25:AE25) -> 0 | AG25: 0 | AH25: =+IF(YEAR($H25)<$AH$5,$S25,IF(AND(YEAR($H25)=$AH$5,MONTH($H25)<=AH$6),$S25,0)) -> 0 | AI25: =+IF(YEAR($H25)<$AH$5,$S25,IF(AND(YEAR($H25)=$AH$5,MONTH($H25)<=AI$6),$S25,0)) -> 0 | AJ25: =+IF(YEAR($H25)<$AH$5,$S25,IF(AND(YEAR($H25)=$AH$5,MONTH($H25)<=AJ$6),$S25,0)) -> 0 | AK25: =+IF(YEAR($H25)<$AH$5,$S25,IF(AND(YEAR($H25)=$AH$5,MONTH($H25)<=AK$6),$S25,0)) -> 0 | AL25: =+IF(YEAR($H25)<$AH$5,$S25,IF(AND(YEAR($H25)=$AH$5,MONTH($H25)<=AL$6),$S25,0)) -> 0 | AM25: =+IF(YEAR($H25)<$AH$5,$S25,IF(AND(YEAR($H25)=$AH$5,MONTH($H25)<=AM$6),$S25,0)) -> 0 | AN25: =+IF(YEAR($H25)<$AH$5,$S25,IF(AND(YEAR($H25)=$AH$5,MONTH($H25)<=AN$6),$S25,0)) -> 0 | AO25: =+IF(YEAR($H25)<$AH$5,$S25,IF(AND(YEAR($H25)=$AH$5,MONTH($H25)<=AO$6),$S25,0)) -> 0 | ... AS25: =+IF(YEAR($H25)<$AH$5,$S25,IF(AND(YEAR($H25)=$AH$5,MONTH($H25)<=AS$6),$S25,0)) -> 0 | AT25: =+SUM(AH25:AS25) -> 0 | AU25: 0 | AV25: =+IF(YEAR($H25)<$AV$5,$S25,IF(AND(YEAR($H25)=$AV$5,MONTH($H25)<=AV$6),$S25,0)) -> 0 | AW25: =+IF(YEAR($H25)<$AV$5,$S25,IF(AND(YEAR($H25)=$AV$5,MONTH($H25)<=AW$6),$S25,0)) -> 0 | AX25: =+IF(YEAR($H25)<$AV$5,$S25,IF(AND(YEAR($H25)=$AV$5,MONTH($H25)<=AX$6),$S25,0)) -> 0 | AY25: =+IF(YEAR($H25)<$AV$5,$S25,IF(AND(YEAR($H25)=$AV$5,MONTH($H25)<=AY$6),$S25,0)) -> 0 | AZ25: =+IF(YEAR($H25)<$AV$5,$S25,IF(AND(YEAR($H25)=$AV$5,MONTH($H25)<=AZ$6),$S25,0)) -> 0 | BA25: =+IF(YEAR($H25)<$AV$5,$S25,IF(AND(YEAR($H25)=$AV$5,MONTH($H25)<=BA$6),$S25,0)) -> 0 | BB25: =+IF(YEAR($H25)<$AV$5,$S25,IF(AND(YEAR($H25)=$AV$5,MONTH($H25)<=BB$6),$S25,0)) -> 0 | BC25: =+IF(YEAR($H25)<$AV$5,$S25,IF(AND(YEAR($H25)=$AV$5,MONTH($H25)<=BC$6),$S25,0)) -> 0 | ... BG25: =+IF(YEAR($H25)<$AV$5,$S25,IF(AND(YEAR($H25)=$AV$5,MONTH($H25)<=BG$6),$S25,0)) -> 0 | BH25: =+SUM(AV25:BG25) -> 0 | BI25: 0 | BJ25: =+IF(YEAR($H25)<$BJ$5,$S25,IF(AND(YEAR($H25)=$BJ$5,MONTH($H25)<=BJ$6),$S25,0)) -> 0 | BK25: =+IF(YEAR($H25)<$BJ$5,$S25,IF(AND(YEAR($H25)=$BJ$5,MONTH($H25)<=BK$6),$S25,0)) -> 0 | BL25: =+IF(YEAR($H25)<$BJ$5,$S25,IF(AND(YEAR($H25)=$BJ$5,MONTH($H25)<=BL$6),$S25,0)) -> 0 | BM25: =+IF(YEAR($H25)<$BJ$5,$S25,IF(AND(YEAR($H25)=$BJ$5,MONTH($H25)<=BM$6),$S25,0)) -> 0 | BN25: =+IF(YEAR($H25)<$BJ$5,$S25,IF(AND(YEAR($H25)=$BJ$5,MONTH($H25)<=BN$6),$S25,0)) -> 0 | BO25: =+IF(YEAR($H25)<$BJ$5,$S25,IF(AND(YEAR($H25)=$BJ$5,MONTH($H25)<=BO$6),$S25,0)) -> 0 | BP25: =+IF(YEAR($H25)<$BJ$5,$S25,IF(AND(YEAR($H25)=$BJ$5,MONTH($H25)<=BP$6),$S25,0)) -> 0 | BQ25: =+IF(YEAR($H25)<$BJ$5,$S25,IF(AND(YEAR($H25)=$BJ$5,MONTH($H25)<=BQ$6),$S25,0)) -> 0 | ... BU25: =+IF(YEAR($H25)<$BJ$5,$S25,IF(AND(YEAR($H25)=$BJ$5,MONTH($H25)<=BU$6),$S25,0)) -> 1237409.2 | BV25: =+SUM(BJ25:BU25) -> 1237409.2 | BW25: =+R25-BV25 -> 1.1755387e+08 | BX25: =+IF(YEAR($H25)<$BX$5,$S25,IF(AND(YEAR($H25)=$BX$5,MONTH($H25)<=BX$6),$S25,0)) -> 1237409.2 | BY25: =+IF(YEAR($H25)<$BX$5,$S25,IF(AND(YEAR($H25)=$BX$5,MONTH($H25)<=BY$6),$S25,0)) -> 1237409.2 | BZ25: =+IF(YEAR($H25)<$BX$5,$S25,IF(AND(YEAR($H25)=$BX$5,MONTH($H25)<=BZ$6),$S25,0)) -> 1237409.2 | CA25: =+IF(YEAR($H25)<$BX$5,$S25,IF(AND(YEAR($H25)=$BX$5,MONTH($H25)<=CA$6),$S25,0)) -> 1237409.2 | CB25: =+IF(YEAR($H25)<$BX$5,$S25,IF(AND(YEAR($H25)=$BX$5,MONTH($H25)<=CB$6),$S25,0)) -> 1237409.2 | CC25: =+IF(YEAR($H25)<$BX$5,$S25,IF(AND(YEAR($H25)=$BX$5,MONTH($H25)<=CC$6),$S25,0)) -> 1237409.2 | CD25: =+IF(YEAR($H25)<$BX$5,$S25,IF(AND(YEAR($H25)=$BX$5,MONTH($H25)<=CD$6),$S25,0)) -> 1237409.2 | CE25: =+IF(YEAR($H25)<$BX$5,$S25,IF(AND(YEAR($H25)=$BX$5,MONTH($H25)<=CE$6),$S25,0)) -> 1237409.2 | ... CI25: =+IF(YEAR($H25)<$BX$5,$S25,IF(AND(YEAR($H25)=$BX$5,MONTH($H25)<=CI$6),$S25,0)) -> 1237409.2 | CJ25: =+SUM(BX25:CI25) -> 14848910 | CK25: =+BW25-CJ25 -> 1.0270496e+08 | CL25: =+IF(YEAR($H25)<$CL$4,$S25,IF(AND(YEAR($H25)=$CL$4,MONTH($H25)<=CL$6),$S25,0)) -> 1237409.2 | CM25: =+IF(YEAR($H25)<$CL$4,$S25,IF(AND(YEAR($H25)=$CL$4,MONTH($H25)<=CM$6),$S25,0)) -> 1237409.2 | CN25: =+IF(YEAR($H25)<$CL$4,$S25,IF(AND(YEAR($H25)=$CL$4,MONTH($H25)<=CN$6),$S25,0)) -> 1237409.2 | CO25: =+IF(YEAR($H25)<$CL$4,$S25,IF(AND(YEAR($H25)=$CL$4,MONTH($H25)<=CO$6),$S25,0)) -> 1237409.2 | CP25: =+IF(YEAR($H25)<$CL$4,$S25,IF(AND(YEAR($H25)=$CL$4,MONTH($H25)<=CP$6),$S25,0)) -> 1237409.2 | CQ25: =+IF(YEAR($H25)<$CL$4,$S25,IF(AND(YEAR($H25)=$CL$4,MONTH($H25)<=CQ$6),$S25,0)) -> 1237409.2 | CR25: =+IF(YEAR($H25)<$CL$4,$S25,IF(AND(YEAR($H25)=$CL$4,MONTH($H25)<=CR$6),$S25,0)) -> 1237409.2 | CS25: =+IF(YEAR($H25)<$CL$4,$S25,IF(AND(YEAR($H25)=$CL$4,MONTH($H25)<=CS$6),$S25,0)) -> 1237409.2 | ... CW25: =+IF(YEAR($H25)<$CL$4,$S25,IF(AND(YEAR($H25)=$CL$4,MONTH($H25)<=CW$6),$S25,0)) -> 1237409.2 | CX25: =+SUM(CL25:CW25) -> 14848910 | CY25: =+CK25-CX25 -> 87856053
B26: Chung | C26: =_xlfn.XLOOKUP(E26,'[1]TH_CC (3)'!$E:$E,'[1]TH_CC (3)'!$E:$E) -> 103000011 | D26: Z21110A | E26: 103000011 | F26: Hệ thống giữ xe | G26: 45291 | H26: 45261 | I26: 72 | J26: 1001202000 | K26: Hành chánh nhân sự | M26: =+LEFT(N26,4) -> 6424 | N26: 6424001901 | O26: 6424001901 | R26: 117700000 | S26: 1634722.2 | T26: =+IF(YEAR($H26)<$T$5,$S26,IF(AND(YEAR($H26)=$T$5,MONTH($H26)<=T$6),$S26,0)) -> 0 | U26: =+IF(YEAR($H26)<$T$5,$S26,IF(AND(YEAR($H26)=$T$5,MONTH($H26)<=U$6),$S26,0)) -> 0 | V26: =+IF(YEAR($H26)<$T$5,$S26,IF(AND(YEAR($H26)=$T$5,MONTH($H26)<=V$6),$S26,0)) -> 0 | W26: =+IF(YEAR($H26)<$T$5,$S26,IF(AND(YEAR($H26)=$T$5,MONTH($H26)<=W$6),$S26,0)) -> 0 | X26: =+IF(YEAR($H26)<$T$5,$S26,IF(AND(YEAR($H26)=$T$5,MONTH($H26)<=X$6),$S26,0)) -> 0 | Y26: =+IF(YEAR($H26)<$T$5,$S26,IF(AND(YEAR($H26)=$T$5,MONTH($H26)<=Y$6),$S26,0)) -> 0 | Z26: =+IF(YEAR($H26)<$T$5,$S26,IF(AND(YEAR($H26)=$T$5,MONTH($H26)<=Z$6),$S26,0)) -> 0 | AA26: =+IF(YEAR($H26)<$T$5,$S26,IF(AND(YEAR($H26)=$T$5,MONTH($H26)<=AA$6),$S26,0)) -> 0 | ... AE26: =+IF(YEAR($H26)<$T$5,$S26,IF(AND(YEAR($H26)=$T$5,MONTH($H26)<=AE$6),$S26,0)) -> 0 | AF26: =+SUM(T26:AE26) -> 0 | AG26: 0 | AH26: =+IF(YEAR($H26)<$AH$5,$S26,IF(AND(YEAR($H26)=$AH$5,MONTH($H26)<=AH$6),$S26,0)) -> 0 | AI26: =+IF(YEAR($H26)<$AH$5,$S26,IF(AND(YEAR($H26)=$AH$5,MONTH($H26)<=AI$6),$S26,0)) -> 0 | AJ26: =+IF(YEAR($H26)<$AH$5,$S26,IF(AND(YEAR($H26)=$AH$5,MONTH($H26)<=AJ$6),$S26,0)) -> 0 | AK26: =+IF(YEAR($H26)<$AH$5,$S26,IF(AND(YEAR($H26)=$AH$5,MONTH($H26)<=AK$6),$S26,0)) -> 0 | AL26: =+IF(YEAR($H26)<$AH$5,$S26,IF(AND(YEAR($H26)=$AH$5,MONTH($H26)<=AL$6),$S26,0)) -> 0 | AM26: =+IF(YEAR($H26)<$AH$5,$S26,IF(AND(YEAR($H26)=$AH$5,MONTH($H26)<=AM$6),$S26,0)) -> 0 | AN26: =+IF(YEAR($H26)<$AH$5,$S26,IF(AND(YEAR($H26)=$AH$5,MONTH($H26)<=AN$6),$S26,0)) -> 0 | AO26: =+IF(YEAR($H26)<$AH$5,$S26,IF(AND(YEAR($H26)=$AH$5,MONTH($H26)<=AO$6),$S26,0)) -> 0 | ... AS26: =+IF(YEAR($H26)<$AH$5,$S26,IF(AND(YEAR($H26)=$AH$5,MONTH($H26)<=AS$6),$S26,0)) -> 0 | AT26: =+SUM(AH26:AS26) -> 0 | AU26: 0 | AV26: =+IF(YEAR($H26)<$AV$5,$S26,IF(AND(YEAR($H26)=$AV$5,MONTH($H26)<=AV$6),$S26,0)) -> 0 | AW26: =+IF(YEAR($H26)<$AV$5,$S26,IF(AND(YEAR($H26)=$AV$5,MONTH($H26)<=AW$6),$S26,0)) -> 0 | AX26: =+IF(YEAR($H26)<$AV$5,$S26,IF(AND(YEAR($H26)=$AV$5,MONTH($H26)<=AX$6),$S26,0)) -> 0 | AY26: =+IF(YEAR($H26)<$AV$5,$S26,IF(AND(YEAR($H26)=$AV$5,MONTH($H26)<=AY$6),$S26,0)) -> 0 | AZ26: =+IF(YEAR($H26)<$AV$5,$S26,IF(AND(YEAR($H26)=$AV$5,MONTH($H26)<=AZ$6),$S26,0)) -> 0 | BA26: =+IF(YEAR($H26)<$AV$5,$S26,IF(AND(YEAR($H26)=$AV$5,MONTH($H26)<=BA$6),$S26,0)) -> 0 | BB26: =+IF(YEAR($H26)<$AV$5,$S26,IF(AND(YEAR($H26)=$AV$5,MONTH($H26)<=BB$6),$S26,0)) -> 0 | BC26: =+IF(YEAR($H26)<$AV$5,$S26,IF(AND(YEAR($H26)=$AV$5,MONTH($H26)<=BC$6),$S26,0)) -> 0 | ... BG26: =+IF(YEAR($H26)<$AV$5,$S26,IF(AND(YEAR($H26)=$AV$5,MONTH($H26)<=BG$6),$S26,0)) -> 0 | BH26: =+SUM(AV26:BG26) -> 0 | BI26: 0 | BJ26: =+IF(YEAR($H26)<$BJ$5,$S26,IF(AND(YEAR($H26)=$BJ$5,MONTH($H26)<=BJ$6),$S26,0)) -> 0 | BK26: =+IF(YEAR($H26)<$BJ$5,$S26,IF(AND(YEAR($H26)=$BJ$5,MONTH($H26)<=BK$6),$S26,0)) -> 0 | BL26: =+IF(YEAR($H26)<$BJ$5,$S26,IF(AND(YEAR($H26)=$BJ$5,MONTH($H26)<=BL$6),$S26,0)) -> 0 | BM26: =+IF(YEAR($H26)<$BJ$5,$S26,IF(AND(YEAR($H26)=$BJ$5,MONTH($H26)<=BM$6),$S26,0)) -> 0 | BN26: =+IF(YEAR($H26)<$BJ$5,$S26,IF(AND(YEAR($H26)=$BJ$5,MONTH($H26)<=BN$6),$S26,0)) -> 0 | BO26: =+IF(YEAR($H26)<$BJ$5,$S26,IF(AND(YEAR($H26)=$BJ$5,MONTH($H26)<=BO$6),$S26,0)) -> 0 | BP26: =+IF(YEAR($H26)<$BJ$5,$S26,IF(AND(YEAR($H26)=$BJ$5,MONTH($H26)<=BP$6),$S26,0)) -> 0 | BQ26: =+IF(YEAR($H26)<$BJ$5,$S26,IF(AND(YEAR($H26)=$BJ$5,MONTH($H26)<=BQ$6),$S26,0)) -> 0 | ... BU26: =+IF(YEAR($H26)<$BJ$5,$S26,IF(AND(YEAR($H26)=$BJ$5,MONTH($H26)<=BU$6),$S26,0)) -> 1634722.2 | BV26: =+SUM(BJ26:BU26) -> 1634722.2 | BW26: =+R26-BV26 -> 1.1606528e+08 | BX26: =+IF(YEAR($H26)<$BX$5,$S26,IF(AND(YEAR($H26)=$BX$5,MONTH($H26)<=BX$6),$S26,0)) -> 1634722.2 | BY26: =+IF(YEAR($H26)<$BX$5,$S26,IF(AND(YEAR($H26)=$BX$5,MONTH($H26)<=BY$6),$S26,0)) -> 1634722.2 | BZ26: =+IF(YEAR($H26)<$BX$5,$S26,IF(AND(YEAR($H26)=$BX$5,MONTH($H26)<=BZ$6),$S26,0)) -> 1634722.2 | CA26: =+IF(YEAR($H26)<$BX$5,$S26,IF(AND(YEAR($H26)=$BX$5,MONTH($H26)<=CA$6),$S26,0)) -> 1634722.2 | CB26: =+IF(YEAR($H26)<$BX$5,$S26,IF(AND(YEAR($H26)=$BX$5,MONTH($H26)<=CB$6),$S26,0)) -> 1634722.2 | CC26: =+IF(YEAR($H26)<$BX$5,$S26,IF(AND(YEAR($H26)=$BX$5,MONTH($H26)<=CC$6),$S26,0)) -> 1634722.2 | CD26: =+IF(YEAR($H26)<$BX$5,$S26,IF(AND(YEAR($H26)=$BX$5,MONTH($H26)<=CD$6),$S26,0)) -> 1634722.2 | CE26: =+IF(YEAR($H26)<$BX$5,$S26,IF(AND(YEAR($H26)=$BX$5,MONTH($H26)<=CE$6),$S26,0)) -> 1634722.2 | ... CI26: =+IF(YEAR($H26)<$BX$5,$S26,IF(AND(YEAR($H26)=$BX$5,MONTH($H26)<=CI$6),$S26,0)) -> 1634722.2 | CJ26: =+SUM(BX26:CI26) -> 19616667 | CK26: =+BW26-CJ26 -> 96448611 | CL26: =+IF(YEAR($H26)<$CL$4,$S26,IF(AND(YEAR($H26)=$CL$4,MONTH($H26)<=CL$6),$S26,0)) -> 1634722.2 | CM26: =+IF(YEAR($H26)<$CL$4,$S26,IF(AND(YEAR($H26)=$CL$4,MONTH($H26)<=CM$6),$S26,0)) -> 1634722.2 | CN26: =+IF(YEAR($H26)<$CL$4,$S26,IF(AND(YEAR($H26)=$CL$4,MONTH($H26)<=CN$6),$S26,0)) -> 1634722.2 | CO26: =+IF(YEAR($H26)<$CL$4,$S26,IF(AND(YEAR($H26)=$CL$4,MONTH($H26)<=CO$6),$S26,0)) -> 1634722.2 | CP26: =+IF(YEAR($H26)<$CL$4,$S26,IF(AND(YEAR($H26)=$CL$4,MONTH($H26)<=CP$6),$S26,0)) -> 1634722.2 | CQ26: =+IF(YEAR($H26)<$CL$4,$S26,IF(AND(YEAR($H26)=$CL$4,MONTH($H26)<=CQ$6),$S26,0)) -> 1634722.2 | CR26: =+IF(YEAR($H26)<$CL$4,$S26,IF(AND(YEAR($H26)=$CL$4,MONTH($H26)<=CR$6),$S26,0)) -> 1634722.2 | CS26: =+IF(YEAR($H26)<$CL$4,$S26,IF(AND(YEAR($H26)=$CL$4,MONTH($H26)<=CS$6),$S26,0)) -> 1634722.2 | ... CW26: =+IF(YEAR($H26)<$CL$4,$S26,IF(AND(YEAR($H26)=$CL$4,MONTH($H26)<=CW$6),$S26,0)) -> 1634722.2 | CX26: =+SUM(CL26:CW26) -> 19616667 | CY26: =+CK26-CX26 -> 76831944
B27: Chung | C27: =_xlfn.XLOOKUP(E27,'[1]TH_CC (3)'!$E:$E,'[1]TH_CC (3)'!$E:$E) -> 103000012 | D27: Z21110A | E27: 103000012 | F27: Khu dock F01 | G27: 45291 | H27: 45261 | I27: 36 | J27: 1001202000 | K27: Hành chánh nhân sự | M27: =+LEFT(N27,4) -> 6424 | N27: 6424001901 | O27: 6424001901 | R27: 30548500 | S27: =R27/I27 -> 848569.44 | T27: =+IF(YEAR($H27)<$T$5,$S27,IF(AND(YEAR($H27)=$T$5,MONTH($H27)<=T$6),$S27,0)) -> 0 | U27: =+IF(YEAR($H27)<$T$5,$S27,IF(AND(YEAR($H27)=$T$5,MONTH($H27)<=U$6),$S27,0)) -> 0 | V27: =+IF(YEAR($H27)<$T$5,$S27,IF(AND(YEAR($H27)=$T$5,MONTH($H27)<=V$6),$S27,0)) -> 0 | W27: =+IF(YEAR($H27)<$T$5,$S27,IF(AND(YEAR($H27)=$T$5,MONTH($H27)<=W$6),$S27,0)) -> 0 | X27: =+IF(YEAR($H27)<$T$5,$S27,IF(AND(YEAR($H27)=$T$5,MONTH($H27)<=X$6),$S27,0)) -> 0 | Y27: =+IF(YEAR($H27)<$T$5,$S27,IF(AND(YEAR($H27)=$T$5,MONTH($H27)<=Y$6),$S27,0)) -> 0 | Z27: =+IF(YEAR($H27)<$T$5,$S27,IF(AND(YEAR($H27)=$T$5,MONTH($H27)<=Z$6),$S27,0)) -> 0 | AA27: =+IF(YEAR($H27)<$T$5,$S27,IF(AND(YEAR($H27)=$T$5,MONTH($H27)<=AA$6),$S27,0)) -> 0 | ... AE27: =+IF(YEAR($H27)<$T$5,$S27,IF(AND(YEAR($H27)=$T$5,MONTH($H27)<=AE$6),$S27,0)) -> 0 | AF27: =+SUM(T27:AE27) -> 0 | AG27: 0 | AH27: =+IF(YEAR($H27)<$AH$5,$S27,IF(AND(YEAR($H27)=$AH$5,MONTH($H27)<=AH$6),$S27,0)) -> 0 | AI27: =+IF(YEAR($H27)<$AH$5,$S27,IF(AND(YEAR($H27)=$AH$5,MONTH($H27)<=AI$6),$S27,0)) -> 0 | AJ27: =+IF(YEAR($H27)<$AH$5,$S27,IF(AND(YEAR($H27)=$AH$5,MONTH($H27)<=AJ$6),$S27,0)) -> 0 | AK27: =+IF(YEAR($H27)<$AH$5,$S27,IF(AND(YEAR($H27)=$AH$5,MONTH($H27)<=AK$6),$S27,0)) -> 0 | AL27: =+IF(YEAR($H27)<$AH$5,$S27,IF(AND(YEAR($H27)=$AH$5,MONTH($H27)<=AL$6),$S27,0)) -> 0 | AM27: =+IF(YEAR($H27)<$AH$5,$S27,IF(AND(YEAR($H27)=$AH$5,MONTH($H27)<=AM$6),$S27,0)) -> 0 | AN27: =+IF(YEAR($H27)<$AH$5,$S27,IF(AND(YEAR($H27)=$AH$5,MONTH($H27)<=AN$6),$S27,0)) -> 0 | AO27: =+IF(YEAR($H27)<$AH$5,$S27,IF(AND(YEAR($H27)=$AH$5,MONTH($H27)<=AO$6),$S27,0)) -> 0 | ... AS27: =+IF(YEAR($H27)<$AH$5,$S27,IF(AND(YEAR($H27)=$AH$5,MONTH($H27)<=AS$6),$S27,0)) -> 0 | AT27: =+SUM(AH27:AS27) -> 0 | AU27: =+AG27-AT27 -> 0 | AV27: =+IF(YEAR($H27)<$AV$5,$S27,IF(AND(YEAR($H27)=$AV$5,MONTH($H27)<=AV$6),$S27,0)) -> 0 | AW27: =+IF(YEAR($H27)<$AV$5,$S27,IF(AND(YEAR($H27)=$AV$5,MONTH($H27)<=AW$6),$S27,0)) -> 0 | AX27: =+IF(YEAR($H27)<$AV$5,$S27,IF(AND(YEAR($H27)=$AV$5,MONTH($H27)<=AX$6),$S27,0)) -> 0 | AY27: =+IF(YEAR($H27)<$AV$5,$S27,IF(AND(YEAR($H27)=$AV$5,MONTH($H27)<=AY$6),$S27,0)) -> 0 | AZ27: =+IF(YEAR($H27)<$AV$5,$S27,IF(AND(YEAR($H27)=$AV$5,MONTH($H27)<=AZ$6),$S27,0)) -> 0 | BA27: =+IF(YEAR($H27)<$AV$5,$S27,IF(AND(YEAR($H27)=$AV$5,MONTH($H27)<=BA$6),$S27,0)) -> 0 | BB27: =+IF(YEAR($H27)<$AV$5,$S27,IF(AND(YEAR($H27)=$AV$5,MONTH($H27)<=BB$6),$S27,0)) -> 0 | BC27: =+IF(YEAR($H27)<$AV$5,$S27,IF(AND(YEAR($H27)=$AV$5,MONTH($H27)<=BC$6),$S27,0)) -> 0 | ... BG27: =+IF(YEAR($H27)<$AV$5,$S27,IF(AND(YEAR($H27)=$AV$5,MONTH($H27)<=BG$6),$S27,0)) -> 0 | BH27: =+SUM(AV27:BG27) -> 0 | BI27: =+AU27-BH27 -> 0 | BJ27: =+IF(YEAR($H27)<$BJ$5,$S27,IF(AND(YEAR($H27)=$BJ$5,MONTH($H27)<=BJ$6),$S27,0)) -> 0 | BK27: =+IF(YEAR($H27)<$BJ$5,$S27,IF(AND(YEAR($H27)=$BJ$5,MONTH($H27)<=BK$6),$S27,0)) -> 0 | BL27: =+IF(YEAR($H27)<$BJ$5,$S27,IF(AND(YEAR($H27)=$BJ$5,MONTH($H27)<=BL$6),$S27,0)) -> 0 | BM27: =+IF(YEAR($H27)<$BJ$5,$S27,IF(AND(YEAR($H27)=$BJ$5,MONTH($H27)<=BM$6),$S27,0)) -> 0 | BN27: =+IF(YEAR($H27)<$BJ$5,$S27,IF(AND(YEAR($H27)=$BJ$5,MONTH($H27)<=BN$6),$S27,0)) -> 0 | BO27: =+IF(YEAR($H27)<$BJ$5,$S27,IF(AND(YEAR($H27)=$BJ$5,MONTH($H27)<=BO$6),$S27,0)) -> 0 | BP27: =+IF(YEAR($H27)<$BJ$5,$S27,IF(AND(YEAR($H27)=$BJ$5,MONTH($H27)<=BP$6),$S27,0)) -> 0 | BQ27: =+IF(YEAR($H27)<$BJ$5,$S27,IF(AND(YEAR($H27)=$BJ$5,MONTH($H27)<=BQ$6),$S27,0)) -> 0 | ... BU27: =+IF(YEAR($H27)<$BJ$5,$S27,IF(AND(YEAR($H27)=$BJ$5,MONTH($H27)<=BU$6),$S27,0)) -> 848569.44 | BV27: =+SUM(BJ27:BU27) -> 848569.44 | BW27: =R27-BV27 -> 29699931 | BX27: =+IF(YEAR($H27)<$BX$5,$S27,IF(AND(YEAR($H27)=$BX$5,MONTH($H27)<=BX$6),$S27,0)) -> 848569.44 | BY27: =+IF(YEAR($H27)<$BX$5,$S27,IF(AND(YEAR($H27)=$BX$5,MONTH($H27)<=BY$6),$S27,0)) -> 848569.44 | BZ27: =+IF(YEAR($H27)<$BX$5,$S27,IF(AND(YEAR($H27)=$BX$5,MONTH($H27)<=BZ$6),$S27,0)) -> 848569.44 | CA27: =+IF(YEAR($H27)<$BX$5,$S27,IF(AND(YEAR($H27)=$BX$5,MONTH($H27)<=CA$6),$S27,0)) -> 848569.44 | CB27: =+IF(YEAR($H27)<$BX$5,$S27,IF(AND(YEAR($H27)=$BX$5,MONTH($H27)<=CB$6),$S27,0)) -> 848569.44 | CC27: =+IF(YEAR($H27)<$BX$5,$S27,IF(AND(YEAR($H27)=$BX$5,MONTH($H27)<=CC$6),$S27,0)) -> 848569.44 | CD27: =+IF(YEAR($H27)<$BX$5,$S27,IF(AND(YEAR($H27)=$BX$5,MONTH($H27)<=CD$6),$S27,0)) -> 848569.44 | CE27: =+IF(YEAR($H27)<$BX$5,$S27,IF(AND(YEAR($H27)=$BX$5,MONTH($H27)<=CE$6),$S27,0)) -> 848569.44 | ... CI27: =+IF(YEAR($H27)<$BX$5,$S27,IF(AND(YEAR($H27)=$BX$5,MONTH($H27)<=CI$6),$S27,0)) -> 848569.44 | CJ27: =+SUM(BX27:CI27) -> 10182833 | CK27: =+BW27-CJ27 -> 19517097 | CL27: =+IF(YEAR($H27)<$CL$4,$S27,IF(AND(YEAR($H27)=$CL$4,MONTH($H27)<=CL$6),$S27,0)) -> 848569.44 | CM27: =+IF(YEAR($H27)<$CL$4,$S27,IF(AND(YEAR($H27)=$CL$4,MONTH($H27)<=CM$6),$S27,0)) -> 848569.44 | CN27: =+IF(YEAR($H27)<$CL$4,$S27,IF(AND(YEAR($H27)=$CL$4,MONTH($H27)<=CN$6),$S27,0)) -> 848569.44 | CO27: =+IF(YEAR($H27)<$CL$4,$S27,IF(AND(YEAR($H27)=$CL$4,MONTH($H27)<=CO$6),$S27,0)) -> 848569.44 | CP27: =+IF(YEAR($H27)<$CL$4,$S27,IF(AND(YEAR($H27)=$CL$4,MONTH($H27)<=CP$6),$S27,0)) -> 848569.44 | CQ27: =+IF(YEAR($H27)<$CL$4,$S27,IF(AND(YEAR($H27)=$CL$4,MONTH($H27)<=CQ$6),$S27,0)) -> 848569.44 | CR27: =+IF(YEAR($H27)<$CL$4,$S27,IF(AND(YEAR($H27)=$CL$4,MONTH($H27)<=CR$6),$S27,0)) -> 848569.44 | CS27: =+IF(YEAR($H27)<$CL$4,$S27,IF(AND(YEAR($H27)=$CL$4,MONTH($H27)<=CS$6),$S27,0)) -> 848569.44 | ... CW27: =+IF(YEAR($H27)<$CL$4,$S27,IF(AND(YEAR($H27)=$CL$4,MONTH($H27)<=CW$6),$S27,0)) -> 848569.44 | CX27: =+SUM(CL27:CW27) -> 10182833 | CY27: =+CK27-CX27 -> 9334263.9
A28: 6274.4 | B28: Chung | C28: =_xlfn.XLOOKUP(E28,'[1]TH_CC (3)'!$E:$E,'[1]TH_CC (3)'!$E:$E) -> 101000022 | D28: Z21110P | E28: 101000022 | F28: Phòng thử nghiệm F03 | G28: 45352 | H28: 45383 | I28: 36 | J28: 1001601400 | K28: Kiểm soát chất lượng | M28: =+LEFT(N28,4) -> 6274 | N28: 6274001901 | R28: 33811200 | S28: 939200 | T28: =+IF(YEAR($H28)<$T$5,$S28,IF(AND(YEAR($H28)=$T$5,MONTH($H28)<=T$6),$S28,0)) -> 0 | U28: =+IF(YEAR($H28)<$T$5,$S28,IF(AND(YEAR($H28)=$T$5,MONTH($H28)<=U$6),$S28,0)) -> 0 | V28: =+IF(YEAR($H28)<$T$5,$S28,IF(AND(YEAR($H28)=$T$5,MONTH($H28)<=V$6),$S28,0)) -> 0 | W28: =+IF(YEAR($H28)<$T$5,$S28,IF(AND(YEAR($H28)=$T$5,MONTH($H28)<=W$6),$S28,0)) -> 0 | X28: =+IF(YEAR($H28)<$T$5,$S28,IF(AND(YEAR($H28)=$T$5,MONTH($H28)<=X$6),$S28,0)) -> 0 | Y28: =+IF(YEAR($H28)<$T$5,$S28,IF(AND(YEAR($H28)=$T$5,MONTH($H28)<=Y$6),$S28,0)) -> 0 | Z28: =+IF(YEAR($H28)<$T$5,$S28,IF(AND(YEAR($H28)=$T$5,MONTH($H28)<=Z$6),$S28,0)) -> 0 | AA28: =+IF(YEAR($H28)<$T$5,$S28,IF(AND(YEAR($H28)=$T$5,MONTH($H28)<=AA$6),$S28,0)) -> 0 | ... AE28: =+IF(YEAR($H28)<$T$5,$S28,IF(AND(YEAR($H28)=$T$5,MONTH($H28)<=AE$6),$S28,0)) -> 0 | AF28: =+SUM(T28:AE28) -> 0 | AG28: 0 | AH28: =+IF(YEAR($H28)<$AH$5,$S28,IF(AND(YEAR($H28)=$AH$5,MONTH($H28)<=AH$6),$S28,0)) -> 0 | AI28: =+IF(YEAR($H28)<$AH$5,$S28,IF(AND(YEAR($H28)=$AH$5,MONTH($H28)<=AI$6),$S28,0)) -> 0 | AJ28: =+IF(YEAR($H28)<$AH$5,$S28,IF(AND(YEAR($H28)=$AH$5,MONTH($H28)<=AJ$6),$S28,0)) -> 0 | AK28: =+IF(YEAR($H28)<$AH$5,$S28,IF(AND(YEAR($H28)=$AH$5,MONTH($H28)<=AK$6),$S28,0)) -> 0 | AL28: =+IF(YEAR($H28)<$AH$5,$S28,IF(AND(YEAR($H28)=$AH$5,MONTH($H28)<=AL$6),$S28,0)) -> 0 | AM28: =+IF(YEAR($H28)<$AH$5,$S28,IF(AND(YEAR($H28)=$AH$5,MONTH($H28)<=AM$6),$S28,0)) -> 0 | AN28: =+IF(YEAR($H28)<$AH$5,$S28,IF(AND(YEAR($H28)=$AH$5,MONTH($H28)<=AN$6),$S28,0)) -> 0 | AO28: =+IF(YEAR($H28)<$AH$5,$S28,IF(AND(YEAR($H28)=$AH$5,MONTH($H28)<=AO$6),$S28,0)) -> 0 | ... AS28: =+IF(YEAR($H28)<$AH$5,$S28,IF(AND(YEAR($H28)=$AH$5,MONTH($H28)<=AS$6),$S28,0)) -> 0 | AT28: =+SUM(AH28:AS28) -> 0 | AU28: 0 | AV28: =+IF(YEAR($H28)<$AV$5,$S28,IF(AND(YEAR($H28)=$AV$5,MONTH($H28)<=AV$6),$S28,0)) -> 0 | AW28: =+IF(YEAR($H28)<$AV$5,$S28,IF(AND(YEAR($H28)=$AV$5,MONTH($H28)<=AW$6),$S28,0)) -> 0 | AX28: =+IF(YEAR($H28)<$AV$5,$S28,IF(AND(YEAR($H28)=$AV$5,MONTH($H28)<=AX$6),$S28,0)) -> 0 | AY28: =+IF(YEAR($H28)<$AV$5,$S28,IF(AND(YEAR($H28)=$AV$5,MONTH($H28)<=AY$6),$S28,0)) -> 0 | AZ28: =+IF(YEAR($H28)<$AV$5,$S28,IF(AND(YEAR($H28)=$AV$5,MONTH($H28)<=AZ$6),$S28,0)) -> 0 | BA28: =+IF(YEAR($H28)<$AV$5,$S28,IF(AND(YEAR($H28)=$AV$5,MONTH($H28)<=BA$6),$S28,0)) -> 0 | BB28: =+IF(YEAR($H28)<$AV$5,$S28,IF(AND(YEAR($H28)=$AV$5,MONTH($H28)<=BB$6),$S28,0)) -> 0 | BC28: =+IF(YEAR($H28)<$AV$5,$S28,IF(AND(YEAR($H28)=$AV$5,MONTH($H28)<=BC$6),$S28,0)) -> 0 | ... BG28: =+IF(YEAR($H28)<$AV$5,$S28,IF(AND(YEAR($H28)=$AV$5,MONTH($H28)<=BG$6),$S28,0)) -> 0 | BH28: =+SUM(AV28:BG28) -> 0 | BI28: 0 | BJ28: =+IF(YEAR($H28)<$BJ$5,$S28,IF(AND(YEAR($H28)=$BJ$5,MONTH($H28)<=BJ$6),$S28,0)) -> 0 | BK28: =+IF(YEAR($H28)<$BJ$5,$S28,IF(AND(YEAR($H28)=$BJ$5,MONTH($H28)<=BK$6),$S28,0)) -> 0 | BL28: =+IF(YEAR($H28)<$BJ$5,$S28,IF(AND(YEAR($H28)=$BJ$5,MONTH($H28)<=BL$6),$S28,0)) -> 0 | BM28: =+IF(YEAR($H28)<$BJ$5,$S28,IF(AND(YEAR($H28)=$BJ$5,MONTH($H28)<=BM$6),$S28,0)) -> 0 | BN28: =+IF(YEAR($H28)<$BJ$5,$S28,IF(AND(YEAR($H28)=$BJ$5,MONTH($H28)<=BN$6),$S28,0)) -> 0 | BO28: =+IF(YEAR($H28)<$BJ$5,$S28,IF(AND(YEAR($H28)=$BJ$5,MONTH($H28)<=BO$6),$S28,0)) -> 0 | BP28: =+IF(YEAR($H28)<$BJ$5,$S28,IF(AND(YEAR($H28)=$BJ$5,MONTH($H28)<=BP$6),$S28,0)) -> 0 | BQ28: =+IF(YEAR($H28)<$BJ$5,$S28,IF(AND(YEAR($H28)=$BJ$5,MONTH($H28)<=BQ$6),$S28,0)) -> 0 | ... BU28: =+IF(YEAR($H28)<$BJ$5,$S28,IF(AND(YEAR($H28)=$BJ$5,MONTH($H28)<=BU$6),$S28,0)) -> 0 | BV28: =+SUM(BJ28:BU28) -> 0 | BW28: 0 | BX28: =+IF(YEAR($H28)<$BX$5,$S28,IF(AND(YEAR($H28)=$BX$5,MONTH($H28)<=BX$6),$S28,0)) -> 0 | BY28: =+IF(YEAR($H28)<$BX$5,$S28,IF(AND(YEAR($H28)=$BX$5,MONTH($H28)<=BY$6),$S28,0)) -> 0 | BZ28: =+IF(YEAR($H28)<$BX$5,$S28,IF(AND(YEAR($H28)=$BX$5,MONTH($H28)<=BZ$6),$S28,0)) -> 0 | CA28: =+IF(YEAR($H28)<$BX$5,$S28,IF(AND(YEAR($H28)=$BX$5,MONTH($H28)<=CA$6),$S28,0)) -> 939200 | CB28: =+IF(YEAR($H28)<$BX$5,$S28,IF(AND(YEAR($H28)=$BX$5,MONTH($H28)<=CB$6),$S28,0)) -> 939200 | CC28: =+IF(YEAR($H28)<$BX$5,$S28,IF(AND(YEAR($H28)=$BX$5,MONTH($H28)<=CC$6),$S28,0)) -> 939200 | CD28: =+IF(YEAR($H28)<$BX$5,$S28,IF(AND(YEAR($H28)=$BX$5,MONTH($H28)<=CD$6),$S28,0)) -> 939200 | CE28: =+IF(YEAR($H28)<$BX$5,$S28,IF(AND(YEAR($H28)=$BX$5,MONTH($H28)<=CE$6),$S28,0)) -> 939200 | ... CI28: =+IF(YEAR($H28)<$BX$5,$S28,IF(AND(YEAR($H28)=$BX$5,MONTH($H28)<=CI$6),$S28,0)) -> 939200 | CJ28: =+SUM(BX28:CI28) -> 8452800 | CK28: =+R28-CJ28 -> 25358400 | CL28: =+IF(YEAR($H28)<$CL$4,$S28,IF(AND(YEAR($H28)=$CL$4,MONTH($H28)<=CL$6),$S28,0)) -> 939200 | CM28: =+IF(YEAR($H28)<$CL$4,$S28,IF(AND(YEAR($H28)=$CL$4,MONTH($H28)<=CM$6),$S28,0)) -> 939200 | CN28: =+IF(YEAR($H28)<$CL$4,$S28,IF(AND(YEAR($H28)=$CL$4,MONTH($H28)<=CN$6),$S28,0)) -> 939200 | CO28: =+IF(YEAR($H28)<$CL$4,$S28,IF(AND(YEAR($H28)=$CL$4,MONTH($H28)<=CO$6),$S28,0)) -> 939200 | CP28: =+IF(YEAR($H28)<$CL$4,$S28,IF(AND(YEAR($H28)=$CL$4,MONTH($H28)<=CP$6),$S28,0)) -> 939200 | CQ28: =+IF(YEAR($H28)<$CL$4,$S28,IF(AND(YEAR($H28)=$CL$4,MONTH($H28)<=CQ$6),$S28,0)) -> 939200 | CR28: =+IF(YEAR($H28)<$CL$4,$S28,IF(AND(YEAR($H28)=$CL$4,MONTH($H28)<=CR$6),$S28,0)) -> 939200 | CS28: =+IF(YEAR($H28)<$CL$4,$S28,IF(AND(YEAR($H28)=$CL$4,MONTH($H28)<=CS$6),$S28,0)) -> 939200 | ... CW28: =+IF(YEAR($H28)<$CL$4,$S28,IF(AND(YEAR($H28)=$CL$4,MONTH($H28)<=CW$6),$S28,0)) -> 939200 | CX28: =+SUM(CL28:CW28) -> 11270400 | CY28: =+CK28-CX28 -> 14088000
A29: 6274.4 | B29: Chung | C29: =_xlfn.XLOOKUP(E29,'[1]TH_CC (3)'!$E:$E,'[1]TH_CC (3)'!$E:$E) -> 115000017 | D29: Z21180P | E29: 115000017 | F29: Hệ thống làm mát nhà xưởng (Đợt 3) | G29: 45382 | H29: 45383 | I29: 36 | J29: 1001602000 | K29: Xưởng sản xuất PET | M29: =+LEFT(N29,4) -> 6274 | N29: 6274001909 | O29: 6274001909 | R29: 185719645 | S29: 5158879 | T29: =+IF(YEAR($H29)<$T$5,$S29,IF(AND(YEAR($H29)=$T$5,MONTH($H29)<=T$6),$S29,0)) -> 0 | U29: =+IF(YEAR($H29)<$T$5,$S29,IF(AND(YEAR($H29)=$T$5,MONTH($H29)<=U$6),$S29,0)) -> 0 | V29: =+IF(YEAR($H29)<$T$5,$S29,IF(AND(YEAR($H29)=$T$5,MONTH($H29)<=V$6),$S29,0)) -> 0 | W29: =+IF(YEAR($H29)<$T$5,$S29,IF(AND(YEAR($H29)=$T$5,MONTH($H29)<=W$6),$S29,0)) -> 0 | X29: =+IF(YEAR($H29)<$T$5,$S29,IF(AND(YEAR($H29)=$T$5,MONTH($H29)<=X$6),$S29,0)) -> 0 | Y29: =+IF(YEAR($H29)<$T$5,$S29,IF(AND(YEAR($H29)=$T$5,MONTH($H29)<=Y$6),$S29,0)) -> 0 | Z29: =+IF(YEAR($H29)<$T$5,$S29,IF(AND(YEAR($H29)=$T$5,MONTH($H29)<=Z$6),$S29,0)) -> 0 | AA29: =+IF(YEAR($H29)<$T$5,$S29,IF(AND(YEAR($H29)=$T$5,MONTH($H29)<=AA$6),$S29,0)) -> 0 | ... AE29: =+IF(YEAR($H29)<$T$5,$S29,IF(AND(YEAR($H29)=$T$5,MONTH($H29)<=AE$6),$S29,0)) -> 0 | AF29: =+SUM(T29:AE29) -> 0 | AG29: 0 | AH29: =+IF(YEAR($H29)<$AH$5,$S29,IF(AND(YEAR($H29)=$AH$5,MONTH($H29)<=AH$6),$S29,0)) -> 0 | AI29: =+IF(YEAR($H29)<$AH$5,$S29,IF(AND(YEAR($H29)=$AH$5,MONTH($H29)<=AI$6),$S29,0)) -> 0 | AJ29: =+IF(YEAR($H29)<$AH$5,$S29,IF(AND(YEAR($H29)=$AH$5,MONTH($H29)<=AJ$6),$S29,0)) -> 0 | AK29: =+IF(YEAR($H29)<$AH$5,$S29,IF(AND(YEAR($H29)=$AH$5,MONTH($H29)<=AK$6),$S29,0)) -> 0 | AL29: =+IF(YEAR($H29)<$AH$5,$S29,IF(AND(YEAR($H29)=$AH$5,MONTH($H29)<=AL$6),$S29,0)) -> 0 | AM29: =+IF(YEAR($H29)<$AH$5,$S29,IF(AND(YEAR($H29)=$AH$5,MONTH($H29)<=AM$6),$S29,0)) -> 0 | AN29: =+IF(YEAR($H29)<$AH$5,$S29,IF(AND(YEAR($H29)=$AH$5,MONTH($H29)<=AN$6),$S29,0)) -> 0 | AO29: =+IF(YEAR($H29)<$AH$5,$S29,IF(AND(YEAR($H29)=$AH$5,MONTH($H29)<=AO$6),$S29,0)) -> 0 | ... AS29: =+IF(YEAR($H29)<$AH$5,$S29,IF(AND(YEAR($H29)=$AH$5,MONTH($H29)<=AS$6),$S29,0)) -> 0 | AT29: =+SUM(AH29:AS29) -> 0 | AU29: 0 | AV29: =+IF(YEAR($H29)<$AV$5,$S29,IF(AND(YEAR($H29)=$AV$5,MONTH($H29)<=AV$6),$S29,0)) -> 0 | AW29: =+IF(YEAR($H29)<$AV$5,$S29,IF(AND(YEAR($H29)=$AV$5,MONTH($H29)<=AW$6),$S29,0)) -> 0 | AX29: =+IF(YEAR($H29)<$AV$5,$S29,IF(AND(YEAR($H29)=$AV$5,MONTH($H29)<=AX$6),$S29,0)) -> 0 | AY29: =+IF(YEAR($H29)<$AV$5,$S29,IF(AND(YEAR($H29)=$AV$5,MONTH($H29)<=AY$6),$S29,0)) -> 0 | AZ29: =+IF(YEAR($H29)<$AV$5,$S29,IF(AND(YEAR($H29)=$AV$5,MONTH($H29)<=AZ$6),$S29,0)) -> 0 | BA29: =+IF(YEAR($H29)<$AV$5,$S29,IF(AND(YEAR($H29)=$AV$5,MONTH($H29)<=BA$6),$S29,0)) -> 0 | BB29: =+IF(YEAR($H29)<$AV$5,$S29,IF(AND(YEAR($H29)=$AV$5,MONTH($H29)<=BB$6),$S29,0)) -> 0 | BC29: =+IF(YEAR($H29)<$AV$5,$S29,IF(AND(YEAR($H29)=$AV$5,MONTH($H29)<=BC$6),$S29,0)) -> 0 | ... BG29: =+IF(YEAR($H29)<$AV$5,$S29,IF(AND(YEAR($H29)=$AV$5,MONTH($H29)<=BG$6),$S29,0)) -> 0 | BH29: =+SUM(AV29:BG29) -> 0 | BI29: 0 | BJ29: =+IF(YEAR($H29)<$BJ$5,$S29,IF(AND(YEAR($H29)=$BJ$5,MONTH($H29)<=BJ$6),$S29,0)) -> 0 | BK29: =+IF(YEAR($H29)<$BJ$5,$S29,IF(AND(YEAR($H29)=$BJ$5,MONTH($H29)<=BK$6),$S29,0)) -> 0 | BL29: =+IF(YEAR($H29)<$BJ$5,$S29,IF(AND(YEAR($H29)=$BJ$5,MONTH($H29)<=BL$6),$S29,0)) -> 0 | BM29: =+IF(YEAR($H29)<$BJ$5,$S29,IF(AND(YEAR($H29)=$BJ$5,MONTH($H29)<=BM$6),$S29,0)) -> 0 | BN29: =+IF(YEAR($H29)<$BJ$5,$S29,IF(AND(YEAR($H29)=$BJ$5,MONTH($H29)<=BN$6),$S29,0)) -> 0 | BO29: =+IF(YEAR($H29)<$BJ$5,$S29,IF(AND(YEAR($H29)=$BJ$5,MONTH($H29)<=BO$6),$S29,0)) -> 0 | BP29: =+IF(YEAR($H29)<$BJ$5,$S29,IF(AND(YEAR($H29)=$BJ$5,MONTH($H29)<=BP$6),$S29,0)) -> 0 | BQ29: =+IF(YEAR($H29)<$BJ$5,$S29,IF(AND(YEAR($H29)=$BJ$5,MONTH($H29)<=BQ$6),$S29,0)) -> 0 | ... BU29: =+IF(YEAR($H29)<$BJ$5,$S29,IF(AND(YEAR($H29)=$BJ$5,MONTH($H29)<=BU$6),$S29,0)) -> 0 | BV29: =+SUM(BJ29:BU29) -> 0 | BW29: =R29-BV29 -> 185719645 | CA29: =+$S29 -> 5158879 | CB29: =+$S29 -> 5158879 | CC29: =+$S29 -> 5158879 | CD29: =+$S29 -> 5158879 | CE29: =+$S29 -> 5158879 | CF29: =+$S29 -> 5158879 | CG29: =+$S29 -> 5158879 | CH29: =+$S29 -> 5158879 | CI29: =+$S29 -> 5158879 | CJ29: =+SUM(BX29:CI29) -> 46429911 | CK29: =+BW29-CJ29 -> 1.3928973e+08 | CL29: =+IF(YEAR($H29)<$CL$4,$S29,IF(AND(YEAR($H29)=$CL$4,MONTH($H29)<=CL$6),$S29,0)) -> 5158879 | CM29: =+IF(YEAR($H29)<$CL$4,$S29,IF(AND(YEAR($H29)=$CL$4,MONTH($H29)<=CM$6),$S29,0)) -> 5158879 | CN29: =+IF(YEAR($H29)<$CL$4,$S29,IF(AND(YEAR($H29)=$CL$4,MONTH($H29)<=CN$6),$S29,0)) -> 5158879 | CO29: =+IF(YEAR($H29)<$CL$4,$S29,IF(AND(YEAR($H29)=$CL$4,MONTH($H29)<=CO$6),$S29,0)) -> 5158879 | CP29: =+IF(YEAR($H29)<$CL$4,$S29,IF(AND(YEAR($H29)=$CL$4,MONTH($H29)<=CP$6),$S29,0)) -> 5158879 | CQ29: =+IF(YEAR($H29)<$CL$4,$S29,IF(AND(YEAR($H29)=$CL$4,MONTH($H29)<=CQ$6),$S29,0)) -> 5158879 | CR29: =+IF(YEAR($H29)<$CL$4,$S29,IF(AND(YEAR($H29)=$CL$4,MONTH($H29)<=CR$6),$S29,0)) -> 5158879 | CS29: =+IF(YEAR($H29)<$CL$4,$S29,IF(AND(YEAR($H29)=$CL$4,MONTH($H29)<=CS$6),$S29,0)) -> 5158879 | ... CW29: =+IF(YEAR($H29)<$CL$4,$S29,IF(AND(YEAR($H29)=$CL$4,MONTH($H29)<=CW$6),$S29,0)) -> 5158879 | CX29: =+SUM(CL29:CW29) -> 61906548 | CY29: =+CK29-CX29 -> 77383185
B30: Chung | C30: =_xlfn.XLOOKUP(E30,'[1]TH_CC (3)'!$E:$E,'[1]TH_CC (3)'!$E:$E) -> 103000014 | D30: Z21110A | E30: 103000014 | F30: Trồng cỏ, cây xung quanh nhà máy | G30: 45383 | H30: 45413 | I30: 36 | J30: 1001102000 | K30: Ban dự án XDCB | M30: =+LEFT(N30,4) -> 6424 | N30: 6424001901 | O30: 6424001901 | R30: 160781500 | S30: 4466152.8 | T30: =+IF(YEAR($H30)<$T$5,$S30,IF(AND(YEAR($H30)=$T$5,MONTH($H30)<=T$6),$S30,0)) -> 0 | U30: =+IF(YEAR($H30)<$T$5,$S30,IF(AND(YEAR($H30)=$T$5,MONTH($H30)<=U$6),$S30,0)) -> 0 | V30: =+IF(YEAR($H30)<$T$5,$S30,IF(AND(YEAR($H30)=$T$5,MONTH($H30)<=V$6),$S30,0)) -> 0 | W30: =+IF(YEAR($H30)<$T$5,$S30,IF(AND(YEAR($H30)=$T$5,MONTH($H30)<=W$6),$S30,0)) -> 0 | X30: =+IF(YEAR($H30)<$T$5,$S30,IF(AND(YEAR($H30)=$T$5,MONTH($H30)<=X$6),$S30,0)) -> 0 | Y30: =+IF(YEAR($H30)<$T$5,$S30,IF(AND(YEAR($H30)=$T$5,MONTH($H30)<=Y$6),$S30,0)) -> 0 | Z30: =+IF(YEAR($H30)<$T$5,$S30,IF(AND(YEAR($H30)=$T$5,MONTH($H30)<=Z$6),$S30,0)) -> 0 | AA30: =+IF(YEAR($H30)<$T$5,$S30,IF(AND(YEAR($H30)=$T$5,MONTH($H30)<=AA$6),$S30,0)) -> 0 | ... AE30: =+IF(YEAR($H30)<$T$5,$S30,IF(AND(YEAR($H30)=$T$5,MONTH($H30)<=AE$6),$S30,0)) -> 0 | AF30: =+SUM(T30:AE30) -> 0 | AG30: 0 | AH30: =+IF(YEAR($H30)<$AH$5,$S30,IF(AND(YEAR($H30)=$AH$5,MONTH($H30)<=AH$6),$S30,0)) -> 0 | AI30: =+IF(YEAR($H30)<$AH$5,$S30,IF(AND(YEAR($H30)=$AH$5,MONTH($H30)<=AI$6),$S30,0)) -> 0 | AJ30: =+IF(YEAR($H30)<$AH$5,$S30,IF(AND(YEAR($H30)=$AH$5,MONTH($H30)<=AJ$6),$S30,0)) -> 0 | AK30: =+IF(YEAR($H30)<$AH$5,$S30,IF(AND(YEAR($H30)=$AH$5,MONTH($H30)<=AK$6),$S30,0)) -> 0 | AL30: =+IF(YEAR($H30)<$AH$5,$S30,IF(AND(YEAR($H30)=$AH$5,MONTH($H30)<=AL$6),$S30,0)) -> 0 | AM30: =+IF(YEAR($H30)<$AH$5,$S30,IF(AND(YEAR($H30)=$AH$5,MONTH($H30)<=AM$6),$S30,0)) -> 0 | AN30: =+IF(YEAR($H30)<$AH$5,$S30,IF(AND(YEAR($H30)=$AH$5,MONTH($H30)<=AN$6),$S30,0)) -> 0 | AO30: =+IF(YEAR($H30)<$AH$5,$S30,IF(AND(YEAR($H30)=$AH$5,MONTH($H30)<=AO$6),$S30,0)) -> 0 | ... AS30: =+IF(YEAR($H30)<$AH$5,$S30,IF(AND(YEAR($H30)=$AH$5,MONTH($H30)<=AS$6),$S30,0)) -> 0 | AT30: =+SUM(AH30:AS30) -> 0 | AU30: =+AG30-AT30 -> 0 | AV30: =+IF(YEAR($H30)<$AV$5,$S30,IF(AND(YEAR($H30)=$AV$5,MONTH($H30)<=AV$6),$S30,0)) -> 0 | AW30: =+IF(YEAR($H30)<$AV$5,$S30,IF(AND(YEAR($H30)=$AV$5,MONTH($H30)<=AW$6),$S30,0)) -> 0 | AX30: =+IF(YEAR($H30)<$AV$5,$S30,IF(AND(YEAR($H30)=$AV$5,MONTH($H30)<=AX$6),$S30,0)) -> 0 | AY30: =+IF(YEAR($H30)<$AV$5,$S30,IF(AND(YEAR($H30)=$AV$5,MONTH($H30)<=AY$6),$S30,0)) -> 0 | AZ30: =+IF(YEAR($H30)<$AV$5,$S30,IF(AND(YEAR($H30)=$AV$5,MONTH($H30)<=AZ$6),$S30,0)) -> 0 | BA30: =+IF(YEAR($H30)<$AV$5,$S30,IF(AND(YEAR($H30)=$AV$5,MONTH($H30)<=BA$6),$S30,0)) -> 0 | BB30: =+IF(YEAR($H30)<$AV$5,$S30,IF(AND(YEAR($H30)=$AV$5,MONTH($H30)<=BB$6),$S30,0)) -> 0 | BC30: =+IF(YEAR($H30)<$AV$5,$S30,IF(AND(YEAR($H30)=$AV$5,MONTH($H30)<=BC$6),$S30,0)) -> 0 | ... BG30: =+IF(YEAR($H30)<$AV$5,$S30,IF(AND(YEAR($H30)=$AV$5,MONTH($H30)<=BG$6),$S30,0)) -> 0 | BH30: =+SUM(AV30:BG30) -> 0 | BI30: =+AU30-BH30 -> 0 | BJ30: =+IF(YEAR($H30)<$BJ$5,$S30,IF(AND(YEAR($H30)=$BJ$5,MONTH($H30)<=BJ$6),$S30,0)) -> 0 | BK30: =+IF(YEAR($H30)<$BJ$5,$S30,IF(AND(YEAR($H30)=$BJ$5,MONTH($H30)<=BK$6),$S30,0)) -> 0 | BL30: =+IF(YEAR($H30)<$BJ$5,$S30,IF(AND(YEAR($H30)=$BJ$5,MONTH($H30)<=BL$6),$S30,0)) -> 0 | BM30: =+IF(YEAR($H30)<$BJ$5,$S30,IF(AND(YEAR($H30)=$BJ$5,MONTH($H30)<=BM$6),$S30,0)) -> 0 | BN30: =+IF(YEAR($H30)<$BJ$5,$S30,IF(AND(YEAR($H30)=$BJ$5,MONTH($H30)<=BN$6),$S30,0)) -> 0 | BO30: =+IF(YEAR($H30)<$BJ$5,$S30,IF(AND(YEAR($H30)=$BJ$5,MONTH($H30)<=BO$6),$S30,0)) -> 0 | BP30: =+IF(YEAR($H30)<$BJ$5,$S30,IF(AND(YEAR($H30)=$BJ$5,MONTH($H30)<=BP$6),$S30,0)) -> 0 | BQ30: =+IF(YEAR($H30)<$BJ$5,$S30,IF(AND(YEAR($H30)=$BJ$5,MONTH($H30)<=BQ$6),$S30,0)) -> 0 | ... BU30: =+IF(YEAR($H30)<$BJ$5,$S30,IF(AND(YEAR($H30)=$BJ$5,MONTH($H30)<=BU$6),$S30,0)) -> 0 | BV30: =+SUM(BJ30:BU30) -> 0 | BW30: =R30-BV30 -> 160781500 | BX30: =+IF(YEAR($H30)<$BX$5,$S30,IF(AND(YEAR($H30)=$BX$5,MONTH($H30)<=BX$6),$S30,0)) -> 0 | BY30: =+IF(YEAR($H30)<$BX$5,$S30,IF(AND(YEAR($H30)=$BX$5,MONTH($H30)<=BY$6),$S30,0)) -> 0 | BZ30: =+IF(YEAR($H30)<$BX$5,$S30,IF(AND(YEAR($H30)=$BX$5,MONTH($H30)<=BZ$6),$S30,0)) -> 0 | CA30: =+IF(YEAR($H30)<$BX$5,$S30,IF(AND(YEAR($H30)=$BX$5,MONTH($H30)<=CA$6),$S30,0)) -> 0 | CB30: =+IF(YEAR($H30)<$BX$5,$S30,IF(AND(YEAR($H30)=$BX$5,MONTH($H30)<=CB$6),$S30,0)) -> 4466152.8 | CC30: =+IF(YEAR($H30)<$BX$5,$S30,IF(AND(YEAR($H30)=$BX$5,MONTH($H30)<=CC$6),$S30,0)) -> 4466152.8 | CD30: =+IF(YEAR($H30)<$BX$5,$S30,IF(AND(YEAR($H30)=$BX$5,MONTH($H30)<=CD$6),$S30,0)) -> 4466152.8 | CE30: =+IF(YEAR($H30)<$BX$5,$S30,IF(AND(YEAR($H30)=$BX$5,MONTH($H30)<=CE$6),$S30,0)) -> 4466152.8 | ... CI30: =+IF(YEAR($H30)<$BX$5,$S30,IF(AND(YEAR($H30)=$BX$5,MONTH($H30)<=CI$6),$S30,0)) -> 4466152.8 | CJ30: =+SUM(BX30:CI30) -> 35729222 | CK30: =+BW30-CJ30 -> 1.2505228e+08 | CL30: =+IF(YEAR($H30)<$CL$4,$S30,IF(AND(YEAR($H30)=$CL$4,MONTH($H30)<=CL$6),$S30,0)) -> 4466152.8 | CM30: =+IF(YEAR($H30)<$CL$4,$S30,IF(AND(YEAR($H30)=$CL$4,MONTH($H30)<=CM$6),$S30,0)) -> 4466152.8 | CN30: =+IF(YEAR($H30)<$CL$4,$S30,IF(AND(YEAR($H30)=$CL$4,MONTH($H30)<=CN$6),$S30,0)) -> 4466152.8 | CO30: =+IF(YEAR($H30)<$CL$4,$S30,IF(AND(YEAR($H30)=$CL$4,MONTH($H30)<=CO$6),$S30,0)) -> 4466152.8 | CP30: =+IF(YEAR($H30)<$CL$4,$S30,IF(AND(YEAR($H30)=$CL$4,MONTH($H30)<=CP$6),$S30,0)) -> 4466152.8 | CQ30: =+IF(YEAR($H30)<$CL$4,$S30,IF(AND(YEAR($H30)=$CL$4,MONTH($H30)<=CQ$6),$S30,0)) -> 4466152.8 | CR30: =+IF(YEAR($H30)<$CL$4,$S30,IF(AND(YEAR($H30)=$CL$4,MONTH($H30)<=CR$6),$S30,0)) -> 4466152.8 | CS30: =+IF(YEAR($H30)<$CL$4,$S30,IF(AND(YEAR($H30)=$CL$4,MONTH($H30)<=CS$6),$S30,0)) -> 4466152.8 | ... CW30: =+IF(YEAR($H30)<$CL$4,$S30,IF(AND(YEAR($H30)=$CL$4,MONTH($H30)<=CW$6),$S30,0)) -> 4466152.8 | CX30: =+SUM(CL30:CW30) -> 53593833 | CY30: =+CK30-CX30 -> 71458444
A31: 6274.4 | B31: Chung | C31: =_xlfn.XLOOKUP(E31,'[1]TH_CC (3)'!$E:$E,'[1]TH_CC (3)'!$E:$E) -> 104000143 | D31: Z21120P | E31: 104000143 | F31: Máy đo mùi OMX - ADM Shinyei | G31: 45414 | H31: 45444 | I31: 36 | J31: 1001601400 | K31: Kiểm soát chất lượng | M31: =+LEFT(N31,4) -> 6274 | N31: 6274001903 | O31: 6274001903 | R31: 48500000 | S31: =+R31/I31 -> 1347222.2 | BV31: =+SUM(BJ31:BU31) -> 0 | BW31: =R31-BV31 -> 48500000 | CC31: =+$S31 -> 1347222.2 | CD31: =+$S31 -> 1347222.2 | CE31: =+$S31 -> 1347222.2 | CF31: =+$S31 -> 1347222.2 | CG31: =+$S31 -> 1347222.2 | CH31: =+$S31 -> 1347222.2 | CI31: =+$S31 -> 1347222.2 | CJ31: =+SUM(BX31:CI31) -> 9430555.6 | CK31: =+BW31-CJ31 -> 39069444 | CL31: =+IF(YEAR($H31)<$CL$4,$S31,IF(AND(YEAR($H31)=$CL$4,MONTH($H31)<=CL$6),$S31,0)) -> 1347222.2 | CM31: =+IF(YEAR($H31)<$CL$4,$S31,IF(AND(YEAR($H31)=$CL$4,MONTH($H31)<=CM$6),$S31,0)) -> 1347222.2 | CN31: =+IF(YEAR($H31)<$CL$4,$S31,IF(AND(YEAR($H31)=$CL$4,MONTH($H31)<=CN$6),$S31,0)) -> 1347222.2 | CO31: =+IF(YEAR($H31)<$CL$4,$S31,IF(AND(YEAR($H31)=$CL$4,MONTH($H31)<=CO$6),$S31,0)) -> 1347222.2 | CP31: =+IF(YEAR($H31)<$CL$4,$S31,IF(AND(YEAR($H31)=$CL$4,MONTH($H31)<=CP$6),$S31,0)) -> 1347222.2 | CQ31: =+IF(YEAR($H31)<$CL$4,$S31,IF(AND(YEAR($H31)=$CL$4,MONTH($H31)<=CQ$6),$S31,0)) -> 1347222.2 | CR31: =+IF(YEAR($H31)<$CL$4,$S31,IF(AND(YEAR($H31)=$CL$4,MONTH($H31)<=CR$6),$S31,0)) -> 1347222.2 | CS31: =+IF(YEAR($H31)<$CL$4,$S31,IF(AND(YEAR($H31)=$CL$4,MONTH($H31)<=CS$6),$S31,0)) -> 1347222.2 | ... CW31: =+IF(YEAR($H31)<$CL$4,$S31,IF(AND(YEAR($H31)=$CL$4,MONTH($H31)<=CW$6),$S31,0)) -> 1347222.2 | CX31: =+SUM(CL31:CW31) -> 16166667 | CY31: =+CK31-CX31 -> 22902778
A32: 6274.4 | B32: Chung | C32: =_xlfn.XLOOKUP(E32,'[1]TH_CC (3)'!$E:$E,'[1]TH_CC (3)'!$E:$E) -> 104000145 | D32: Z21120P | E32: 104000145 | F32: Máy chà sàn liên hợp PULLMAN | G32: 45415 | H32: 45444 | I32: 60 | J32: 1001606000 | K32: Xưởng sản xuất HDPE | M32: =+LEFT(N32,4) -> 6274 | N32: 6274001903 | O32: 6274001903 | R32: 40000000 | S32: =+R32/I32 -> 666666.67 | BV32: =+SUM(BJ32:BU32) -> 0 | BW32: =R32-BV32 -> 40000000 | CC32: =+$S32 -> 666666.67 | CD32: =+$S32 -> 666666.67 | CE32: =+$S32 -> 666666.67 | CF32: =+$S32 -> 666666.67 | CG32: =+$S32 -> 666666.67 | CH32: =+$S32 -> 666666.67 | CI32: =+$S32 -> 666666.67 | CJ32: =+SUM(BX32:CI32) -> 4666666.7 | CK32: =+BW32-CJ32 -> 35333333 | CL32: =+IF(YEAR($H32)<$CL$4,$S32,IF(AND(YEAR($H32)=$CL$4,MONTH($H32)<=CL$6),$S32,0)) -> 666666.67 | CM32: =+IF(YEAR($H32)<$CL$4,$S32,IF(AND(YEAR($H32)=$CL$4,MONTH($H32)<=CM$6),$S32,0)) -> 666666.67 | CN32: =+IF(YEAR($H32)<$CL$4,$S32,IF(AND(YEAR($H32)=$CL$4,MONTH($H32)<=CN$6),$S32,0)) -> 666666.67 | CO32: =+IF(YEAR($H32)<$CL$4,$S32,IF(AND(YEAR($H32)=$CL$4,MONTH($H32)<=CO$6),$S32,0)) -> 666666.67 | CP32: =+IF(YEAR($H32)<$CL$4,$S32,IF(AND(YEAR($H32)=$CL$4,MONTH($H32)<=CP$6),$S32,0)) -> 666666.67 | CQ32: =+IF(YEAR($H32)<$CL$4,$S32,IF(AND(YEAR($H32)=$CL$4,MONTH($H32)<=CQ$6),$S32,0)) -> 666666.67 | CR32: =+IF(YEAR($H32)<$CL$4,$S32,IF(AND(YEAR($H32)=$CL$4,MONTH($H32)<=CR$6),$S32,0)) -> 666666.67 | CS32: =+IF(YEAR($H32)<$CL$4,$S32,IF(AND(YEAR($H32)=$CL$4,MONTH($H32)<=CS$6),$S32,0)) -> 666666.67 | ... CW32: =+IF(YEAR($H32)<$CL$4,$S32,IF(AND(YEAR($H32)=$CL$4,MONTH($H32)<=CW$6),$S32,0)) -> 666666.67 | CX32: =+SUM(CL32:CW32) -> 8000000 | CY32: =+CK32-CX32 -> 27333333
A33: 6274.4 | B33: Chung | C33: =_xlfn.XLOOKUP(E33,'[1]TH_CC (3)'!$E:$E,'[1]TH_CC (3)'!$E:$E) -> 101000023 | D33: Z21110P | E33: 101000023 | F33: Lắp đặt mái bạt xếp giữa F2 và E3 | G33: 45626 | H33: 45627 | I33: 36 | J33: 1001602000 | K33: Xưởng sản xuất PET | M33: =+LEFT(N33,4) -> 6274 | N33: 6274001901 | O33: 6274001901 | R33: 621093014 | S33: =+R33/I33 -> 17252584 | BV33: =+SUM(BJ33:BU33) -> 0 | BW33: =R33-BV33 -> 621093014 | CI33: =+$S33 -> 17252584 | CJ33: =+SUM(BX33:CI33) -> 17252584 | CK33: =+BW33-CJ33 -> 6.0384043e+08 | CL33: =+IF(YEAR($H33)<$CL$4,$S33,IF(AND(YEAR($H33)=$CL$4,MONTH($H33)<=CL$6),$S33,0)) -> 17252584 | CM33: =+IF(YEAR($H33)<$CL$4,$S33,IF(AND(YEAR($H33)=$CL$4,MONTH($H33)<=CM$6),$S33,0)) -> 17252584 | CN33: =+IF(YEAR($H33)<$CL$4,$S33,IF(AND(YEAR($H33)=$CL$4,MONTH($H33)<=CN$6),$S33,0)) -> 17252584 | CO33: =+IF(YEAR($H33)<$CL$4,$S33,IF(AND(YEAR($H33)=$CL$4,MONTH($H33)<=CO$6),$S33,0)) -> 17252584 | CP33: =+IF(YEAR($H33)<$CL$4,$S33,IF(AND(YEAR($H33)=$CL$4,MONTH($H33)<=CP$6),$S33,0)) -> 17252584 | CQ33: =+IF(YEAR($H33)<$CL$4,$S33,IF(AND(YEAR($H33)=$CL$4,MONTH($H33)<=CQ$6),$S33,0)) -> 17252584 | CR33: =+IF(YEAR($H33)<$CL$4,$S33,IF(AND(YEAR($H33)=$CL$4,MONTH($H33)<=CR$6),$S33,0)) -> 17252584 | CS33: =+IF(YEAR($H33)<$CL$4,$S33,IF(AND(YEAR($H33)=$CL$4,MONTH($H33)<=CS$6),$S33,0)) -> 17252584 | ... CW33: =+IF(YEAR($H33)<$CL$4,$S33,IF(AND(YEAR($H33)=$CL$4,MONTH($H33)<=CW$6),$S33,0)) -> 17252584 | CX33: =+SUM(CL33:CW33) -> 2.07031e+08 | CY33: =+CK33-CX33 -> 3.9680943e+08
A34: 6424.4 | B34: Chung | C34: =_xlfn.XLOOKUP(E34,'[1]TH_CC (3)'!$E:$E,'[1]TH_CC (3)'!$E:$E) -> 103000015 | D34: Z21110A | E34: 103000015 | F34: Phòng Kế toán kho TĐH | G34: 45597 | H34: 45627 | I34: 36 | J34: 1001203000 | K34: Kế toán | M34: =+LEFT(N34,4) -> 6424 | N34: 6424001901 | O34: 6274001905 | R34: 71423600 | S34: =+R34/I34 -> 1983988.9 | BV34: 0 | BW34: =+R34-BV34 -> 71423600 | CI34: =+$S34 -> 1983988.9 | CJ34: =+SUM(BX34:CI34) -> 1983988.9 | CK34: =+BW34-CJ34 -> 69439611 | CL34: =+IF(YEAR($H34)<$CL$4,$S34,IF(AND(YEAR($H34)=$CL$4,MONTH($H34)<=CL$6),$S34,0)) -> 1983988.9 | CM34: =+IF(YEAR($H34)<$CL$4,$S34,IF(AND(YEAR($H34)=$CL$4,MONTH($H34)<=CM$6),$S34,0)) -> 1983988.9 | CN34: =+IF(YEAR($H34)<$CL$4,$S34,IF(AND(YEAR($H34)=$CL$4,MONTH($H34)<=CN$6),$S34,0)) -> 1983988.9 | CO34: =+IF(YEAR($H34)<$CL$4,$S34,IF(AND(YEAR($H34)=$CL$4,MONTH($H34)<=CO$6),$S34,0)) -> 1983988.9 | CP34: =+IF(YEAR($H34)<$CL$4,$S34,IF(AND(YEAR($H34)=$CL$4,MONTH($H34)<=CP$6),$S34,0)) -> 1983988.9 | CQ34: =+IF(YEAR($H34)<$CL$4,$S34,IF(AND(YEAR($H34)=$CL$4,MONTH($H34)<=CQ$6),$S34,0)) -> 1983988.9 | CR34: =+IF(YEAR($H34)<$CL$4,$S34,IF(AND(YEAR($H34)=$CL$4,MONTH($H34)<=CR$6),$S34,0)) -> 1983988.9 | CS34: =+IF(YEAR($H34)<$CL$4,$S34,IF(AND(YEAR($H34)=$CL$4,MONTH($H34)<=CS$6),$S34,0)) -> 1983988.9 | ... CW34: =+IF(YEAR($H34)<$CL$4,$S34,IF(AND(YEAR($H34)=$CL$4,MONTH($H34)<=CW$6),$S34,0)) -> 1983988.9 | CX34: =+SUM(CL34:CW34) -> 23807867 | CY34: =+CK34-CX34 -> 45631744
A35: 6274.4 | B35: Chung | C35: =_xlfn.XLOOKUP(E35,'[1]TH_CC (3)'!$E:$E,'[1]TH_CC (3)'!$E:$E) -> 101000024 | D35: Z21110P | E35: 101000024 | F35: Lắp đặt nhôm kính phòng Kỹ Thuật (103000006) | G35: 45679 | H35: 45689 | I35: 21 | J35: 1001601300 | K35: Kỹ thuật | M35: =+LEFT(N35,4) -> 6274 | N35: 6274001901 | O35: 6274001903 | R35: 174699000 | S35: =+R35/I35 -> 8319000 | BW35: =R35-BV35 -> 174699000 | CJ35: =+SUM(BX35:CI35) -> 0 | CK35: =+BW35-CJ35 -> 174699000 | CL35: =+IF(YEAR($H35)<$CL$4,$S35,IF(AND(YEAR($H35)=$CL$4,MONTH($H35)<=CL$6),$S35,0)) -> 0 | CM35: =+IF(YEAR($H35)<$CL$4,$S35,IF(AND(YEAR($H35)=$CL$4,MONTH($H35)<=CM$6),$S35,0)) -> 8319000 | CN35: =+IF(YEAR($H35)<$CL$4,$S35,IF(AND(YEAR($H35)=$CL$4,MONTH($H35)<=CN$6),$S35,0)) -> 8319000 | CO35: =+IF(YEAR($H35)<$CL$4,$S35,IF(AND(YEAR($H35)=$CL$4,MONTH($H35)<=CO$6),$S35,0)) -> 8319000 | CP35: =+IF(YEAR($H35)<$CL$4,$S35,IF(AND(YEAR($H35)=$CL$4,MONTH($H35)<=CP$6),$S35,0)) -> 8319000 | CQ35: =+IF(YEAR($H35)<$CL$4,$S35,IF(AND(YEAR($H35)=$CL$4,MONTH($H35)<=CQ$6),$S35,0)) -> 8319000 | CR35: =+IF(YEAR($H35)<$CL$4,$S35,IF(AND(YEAR($H35)=$CL$4,MONTH($H35)<=CR$6),$S35,0)) -> 8319000 | CS35: =+IF(YEAR($H35)<$CL$4,$S35,IF(AND(YEAR($H35)=$CL$4,MONTH($H35)<=CS$6),$S35,0)) -> 8319000 | ... CW35: =+IF(YEAR($H35)<$CL$4,$S35,IF(AND(YEAR($H35)=$CL$4,MONTH($H35)<=CW$6),$S35,0)) -> 8319000 | CX35: =+SUM(CL35:CW35) -> 91509000 | CY35: =+CK35-CX35 -> 83190000
A36: 6424.4 | B36: Chung | C36: =_xlfn.XLOOKUP(E36,'[1]TH_CC (3)'!$E:$E,'[1]TH_CC (3)'!$E:$E) -> 103000016 | D36: Z21110A | E36: 103000016 | F36: Hạ tầng mạng cho 5 chốt chặn | G36: 45714 | H36: 45717 | I36: 36 | J36: 1001203000 | K36: Kế toán | M36: =+LEFT(N36,4) -> 6424 | N36: 6424001901 | O36: 6274001905 | R36: 140570000 | S36: =+R36/I36 -> 3904722.2 | BW36: =R36-BV36 -> 140570000 | CJ36: =+SUM(BX36:CI36) -> 0 | CK36: =+BW36-CJ36 -> 140570000 | CL36: =+IF(YEAR($H36)<$CL$4,$S36,IF(AND(YEAR($H36)=$CL$4,MONTH($H36)<=CL$6),$S36,0)) -> 0 | CM36: =+IF(YEAR($H36)<$CL$4,$S36,IF(AND(YEAR($H36)=$CL$4,MONTH($H36)<=CM$6),$S36,0)) -> 0 | CN36: =+IF(YEAR($H36)<$CL$4,$S36,IF(AND(YEAR($H36)=$CL$4,MONTH($H36)<=CN$6),$S36,0)) -> 3904722.2 | CO36: =+IF(YEAR($H36)<$CL$4,$S36,IF(AND(YEAR($H36)=$CL$4,MONTH($H36)<=CO$6),$S36,0)) -> 3904722.2 | CP36: =+IF(YEAR($H36)<$CL$4,$S36,IF(AND(YEAR($H36)=$CL$4,MONTH($H36)<=CP$6),$S36,0)) -> 3904722.2 | CQ36: =+IF(YEAR($H36)<$CL$4,$S36,IF(AND(YEAR($H36)=$CL$4,MONTH($H36)<=CQ$6),$S36,0)) -> 3904722.2 | CR36: =+IF(YEAR($H36)<$CL$4,$S36,IF(AND(YEAR($H36)=$CL$4,MONTH($H36)<=CR$6),$S36,0)) -> 3904722.2 | CS36: =+IF(YEAR($H36)<$CL$4,$S36,IF(AND(YEAR($H36)=$CL$4,MONTH($H36)<=CS$6),$S36,0)) -> 3904722.2 | ... CW36: =+IF(YEAR($H36)<$CL$4,$S36,IF(AND(YEAR($H36)=$CL$4,MONTH($H36)<=CW$6),$S36,0)) -> 3904722.2 | CX36: =+SUM(CL36:CW36) -> 39047222 | CY36: =+CK36-CX36 -> 1.0152278e+08
A37: 6424.4 | B37: Chung | C37: =_xlfn.XLOOKUP(E37,'[1]TH_CC (3)'!$E:$E,'[1]TH_CC (3)'!$E:$E) -> 103000017 | D37: Z21110A | E37: 103000017 | F37: Nhà chờ cổng 1 | G37: 45808 | H37: 45809 | I37: 72 | J37: 1001202000 | K37: Xưởng sản xuất PET | M37: =+LEFT(N37,4) -> 6424 | N37: 6424001901 | O37: 6274001901 | R37: 72217040 | S37: =+R37/I37 -> 1003014.4 | BW37: =R37-BV37 -> 72217040 | CJ37: =+SUM(BX37:CI37) -> 0 | CK37: =+BW37-CJ37 -> 72217040 | CL37: =+IF(YEAR($H37)<$CL$4,$S37,IF(AND(YEAR($H37)=$CL$4,MONTH($H37)<=CL$6),$S37,0)) -> 0 | CM37: =+IF(YEAR($H37)<$CL$4,$S37,IF(AND(YEAR($H37)=$CL$4,MONTH($H37)<=CM$6),$S37,0)) -> 0 | CN37: =+IF(YEAR($H37)<$CL$4,$S37,IF(AND(YEAR($H37)=$CL$4,MONTH($H37)<=CN$6),$S37,0)) -> 0 | CO37: =+IF(YEAR($H37)<$CL$4,$S37,IF(AND(YEAR($H37)=$CL$4,MONTH($H37)<=CO$6),$S37,0)) -> 0 | CP37: =+IF(YEAR($H37)<$CL$4,$S37,IF(AND(YEAR($H37)=$CL$4,MONTH($H37)<=CP$6),$S37,0)) -> 0 | CQ37: =+IF(YEAR($H37)<$CL$4,$S37,IF(AND(YEAR($H37)=$CL$4,MONTH($H37)<=CQ$6),$S37,0)) -> 1003014.4 | CR37: =+IF(YEAR($H37)<$CL$4,$S37,IF(AND(YEAR($H37)=$CL$4,MONTH($H37)<=CR$6),$S37,0)) -> 1003014.4 | CS37: =+IF(YEAR($H37)<$CL$4,$S37,IF(AND(YEAR($H37)=$CL$4,MONTH($H37)<=CS$6),$S37,0)) -> 1003014.4 | ... CW37: =+IF(YEAR($H37)<$CL$4,$S37,IF(AND(YEAR($H37)=$CL$4,MONTH($H37)<=CW$6),$S37,0)) -> 1003014.4 | CX37: =+SUM(CL37:CW37) -> 7021101.1 | CY37: =+CK37-CX37 -> 65195939
A38: 6274.4 | B38: Chung | C38: =_xlfn.XLOOKUP(E38,'[1]TH_CC (3)'!$E:$E,'[1]TH_CC (3)'!$E:$E) -> 103000018 | D38: Z21110A | E38: 103000018 | F38: Chốt chặn F5 | G38: 45930 | H38: 45931 | I38: 72 | J38: 1001203000 | K38: Kế toán | M38: =+LEFT(N38,4) -> 6424 | N38: 6424001901 | O38: 6274001901 | R38: 108193230 | S38: =+R38/I38 -> 1502683.8 | BP38: =+IF(YEAR($H38)<$BJ$5,$S38,IF(AND(YEAR($H38)=$BJ$5,MONTH($H38)<=BP$6),$S38,0)) -> 0 | BQ38: =+IF(YEAR($H38)<$BJ$5,$S38,IF(AND(YEAR($H38)=$BJ$5,MONTH($H38)<=BQ$6),$S38,0)) -> 0 | BR38: =+IF(YEAR($H38)<$BJ$5,$S38,IF(AND(YEAR($H38)=$BJ$5,MONTH($H38)<=BR$6),$S38,0)) -> 0 | BS38: =+IF(YEAR($H38)<$BJ$5,$S38,IF(AND(YEAR($H38)=$BJ$5,MONTH($H38)<=BS$6),$S38,0)) -> 0 | BT38: =+IF(YEAR($H38)<$BJ$5,$S38,IF(AND(YEAR($H38)=$BJ$5,MONTH($H38)<=BT$6),$S38,0)) -> 0 | BU38: =+IF(YEAR($H38)<$BJ$5,$S38,IF(AND(YEAR($H38)=$BJ$5,MONTH($H38)<=BU$6),$S38,0)) -> 0 | BV38: =+SUM(BJ38:BU38) -> 0 | BW38: =+R38-BV38 -> 108193230 | BX38: =+IF(YEAR($H38)<$BX$5,$S38,IF(AND(YEAR($H38)=$BX$5,MONTH($H38)<=BX$6),$S38,0)) -> 0 | BY38: =+IF(YEAR($H38)<$BX$5,$S38,IF(AND(YEAR($H38)=$BX$5,MONTH($H38)<=BY$6),$S38,0)) -> 0 | BZ38: =+IF(YEAR($H38)<$BX$5,$S38,IF(AND(YEAR($H38)=$BX$5,MONTH($H38)<=BZ$6),$S38,0)) -> 0 | CA38: =+IF(YEAR($H38)<$BX$5,$S38,IF(AND(YEAR($H38)=$BX$5,MONTH($H38)<=CA$6),$S38,0)) -> 0 | CB38: =+IF(YEAR($H38)<$BX$5,$S38,IF(AND(YEAR($H38)=$BX$5,MONTH($H38)<=CB$6),$S38,0)) -> 0 | CC38: =+IF(YEAR($H38)<$BX$5,$S38,IF(AND(YEAR($H38)=$BX$5,MONTH($H38)<=CC$6),$S38,0)) -> 0 | CD38: =+IF(YEAR($H38)<$BX$5,$S38,IF(AND(YEAR($H38)=$BX$5,MONTH($H38)<=CD$6),$S38,0)) -> 0 | CE38: =+IF(YEAR($H38)<$BX$5,$S38,IF(AND(YEAR($H38)=$BX$5,MONTH($H38)<=CE$6),$S38,0)) -> 0 | ... CI38: =+IF(YEAR($H38)<$BX$5,$S38,IF(AND(YEAR($H38)=$BX$5,MONTH($H38)<=CI$6),$S38,0)) -> 0 | CJ38: =+SUM(BX38:CI38) -> 0 | CK38: =+BW38-CJ38 -> 108193230 | CL38: =+IF(YEAR($H38)<$CL$4,$S38,IF(AND(YEAR($H38)=$CL$4,MONTH($H38)<=CL$6),$S38,0)) -> 0 | CM38: =+IF(YEAR($H38)<$CL$4,$S38,IF(AND(YEAR($H38)=$CL$4,MONTH($H38)<=CM$6),$S38,0)) -> 0 | CN38: =+IF(YEAR($H38)<$CL$4,$S38,IF(AND(YEAR($H38)=$CL$4,MONTH($H38)<=CN$6),$S38,0)) -> 0 | CO38: =+IF(YEAR($H38)<$CL$4,$S38,IF(AND(YEAR($H38)=$CL$4,MONTH($H38)<=CO$6),$S38,0)) -> 0 | CP38: =+IF(YEAR($H38)<$CL$4,$S38,IF(AND(YEAR($H38)=$CL$4,MONTH($H38)<=CP$6),$S38,0)) -> 0 | CQ38: =+IF(YEAR($H38)<$CL$4,$S38,IF(AND(YEAR($H38)=$CL$4,MONTH($H38)<=CQ$6),$S38,0)) -> 0 | CR38: =+IF(YEAR($H38)<$CL$4,$S38,IF(AND(YEAR($H38)=$CL$4,MONTH($H38)<=CR$6),$S38,0)) -> 0 | CS38: =+IF(YEAR($H38)<$CL$4,$S38,IF(AND(YEAR($H38)=$CL$4,MONTH($H38)<=CS$6),$S38,0)) -> 0 | ... CW38: =+IF(YEAR($H38)<$CL$4,$S38,IF(AND(YEAR($H38)=$CL$4,MONTH($H38)<=CW$6),$S38,0)) -> 1502683.8 | CX38: =+SUM(CL38:CW38) -> 4508051.2 | CY38: =+CK38-CX38 -> 1.0368518e+08
A39: 6274.4 | B39: Chung | C39: =_xlfn.XLOOKUP(E39,'[1]TH_CC (3)'!$E:$E,'[1]TH_CC (3)'!$E:$E) -> 101000026 | D39: Z21110P | E39: 101000026 | F39: Lắp mái che di động trục giữa F1 và F2 | G39: 45961 | H39: 45962 | I39: 60 | J39: 1001607000 | K39: Kho | M39: =+LEFT(N39,4) -> 6274 | N39: 6274001901 | O39: 6274001901 | R39: 723140800 | S39: =+R39/I39 -> 12052347 | BP39: =+IF(YEAR($H39)<$BJ$5,$S39,IF(AND(YEAR($H39)=$BJ$5,MONTH($H39)<=BP$6),$S39,0)) -> 0 | BQ39: =+IF(YEAR($H39)<$BJ$5,$S39,IF(AND(YEAR($H39)=$BJ$5,MONTH($H39)<=BQ$6),$S39,0)) -> 0 | BR39: =+IF(YEAR($H39)<$BJ$5,$S39,IF(AND(YEAR($H39)=$BJ$5,MONTH($H39)<=BR$6),$S39,0)) -> 0 | BS39: =+IF(YEAR($H39)<$BJ$5,$S39,IF(AND(YEAR($H39)=$BJ$5,MONTH($H39)<=BS$6),$S39,0)) -> 0 | BT39: =+IF(YEAR($H39)<$BJ$5,$S39,IF(AND(YEAR($H39)=$BJ$5,MONTH($H39)<=BT$6),$S39,0)) -> 0 | BU39: =+IF(YEAR($H39)<$BJ$5,$S39,IF(AND(YEAR($H39)=$BJ$5,MONTH($H39)<=BU$6),$S39,0)) -> 0 | BV39: =+SUM(BJ39:BU39) -> 0 | BW39: =+R39-BV39 -> 723140800 | BX39: =+IF(YEAR($H39)<$BX$5,$S39,IF(AND(YEAR($H39)=$BX$5,MONTH($H39)<=BX$6),$S39,0)) -> 0 | BY39: =+IF(YEAR($H39)<$BX$5,$S39,IF(AND(YEAR($H39)=$BX$5,MONTH($H39)<=BY$6),$S39,0)) -> 0 | BZ39: =+IF(YEAR($H39)<$BX$5,$S39,IF(AND(YEAR($H39)=$BX$5,MONTH($H39)<=BZ$6),$S39,0)) -> 0 | CA39: =+IF(YEAR($H39)<$BX$5,$S39,IF(AND(YEAR($H39)=$BX$5,MONTH($H39)<=CA$6),$S39,0)) -> 0 | CB39: =+IF(YEAR($H39)<$BX$5,$S39,IF(AND(YEAR($H39)=$BX$5,MONTH($H39)<=CB$6),$S39,0)) -> 0 | CC39: =+IF(YEAR($H39)<$BX$5,$S39,IF(AND(YEAR($H39)=$BX$5,MONTH($H39)<=CC$6),$S39,0)) -> 0 | CD39: =+IF(YEAR($H39)<$BX$5,$S39,IF(AND(YEAR($H39)=$BX$5,MONTH($H39)<=CD$6),$S39,0)) -> 0 | CE39: =+IF(YEAR($H39)<$BX$5,$S39,IF(AND(YEAR($H39)=$BX$5,MONTH($H39)<=CE$6),$S39,0)) -> 0 | ... CI39: =+IF(YEAR($H39)<$BX$5,$S39,IF(AND(YEAR($H39)=$BX$5,MONTH($H39)<=CI$6),$S39,0)) -> 0 | CJ39: =+SUM(BX39:CI39) -> 0 | CK39: =+BW39-CJ39 -> 723140800 | CL39: =+IF(YEAR($H39)<$CL$4,$S39,IF(AND(YEAR($H39)=$CL$4,MONTH($H39)<=CL$6),$S39,0)) -> 0 | CM39: =+IF(YEAR($H39)<$CL$4,$S39,IF(AND(YEAR($H39)=$CL$4,MONTH($H39)<=CM$6),$S39,0)) -> 0 | CN39: =+IF(YEAR($H39)<$CL$4,$S39,IF(AND(YEAR($H39)=$CL$4,MONTH($H39)<=CN$6),$S39,0)) -> 0 | CO39: =+IF(YEAR($H39)<$CL$4,$S39,IF(AND(YEAR($H39)=$CL$4,MONTH($H39)<=CO$6),$S39,0)) -> 0 | CP39: =+IF(YEAR($H39)<$CL$4,$S39,IF(AND(YEAR($H39)=$CL$4,MONTH($H39)<=CP$6),$S39,0)) -> 0 | CQ39: =+IF(YEAR($H39)<$CL$4,$S39,IF(AND(YEAR($H39)=$CL$4,MONTH($H39)<=CQ$6),$S39,0)) -> 0 | CR39: =+IF(YEAR($H39)<$CL$4,$S39,IF(AND(YEAR($H39)=$CL$4,MONTH($H39)<=CR$6),$S39,0)) -> 0 | CS39: =+IF(YEAR($H39)<$CL$4,$S39,IF(AND(YEAR($H39)=$CL$4,MONTH($H39)<=CS$6),$S39,0)) -> 0 | ... CW39: =+IF(YEAR($H39)<$CL$4,$S39,IF(AND(YEAR($H39)=$CL$4,MONTH($H39)<=CW$6),$S39,0)) -> 12052347 | CX39: =+SUM(CL39:CW39) -> 24104693 | CY39: =+CK39-CX39 -> 6.9903611e+08
A40: 6274.4 | B40: Chung | C40: =_xlfn.XLOOKUP(E40,'[1]TH_CC (3)'!$E:$E,'[1]TH_CC (3)'!$E:$E) -> 115000032 | D40: Z21180P | E40: 115000032 | F40: Thi công mới nhà vệ sinh Văn phòng F02 | G40: 45991 | H40: 45992 | I40: 300 | J40: 1001606000 | K40: Xưởng sản xuất HDPE | M40: =+LEFT(N40,4) -> 6274 | N40: 6274001909 | R40: 248009202 | S40: =+R40/I40 -> 826697.34 | CJ40: =+SUM(BX40:CI40) -> 0 | CK40: =+R40-CJ40 -> 248009202 | CL40: =+IF(YEAR($H40)<$CL$4,$S40,IF(AND(YEAR($H40)=$CL$4,MONTH($H40)<=CL$6),$S40,0)) -> 0 | CM40: =+IF(YEAR($H40)<$CL$4,$S40,IF(AND(YEAR($H40)=$CL$4,MONTH($H40)<=CM$6),$S40,0)) -> 0 | CN40: =+IF(YEAR($H40)<$CL$4,$S40,IF(AND(YEAR($H40)=$CL$4,MONTH($H40)<=CN$6),$S40,0)) -> 0 | CO40: =+IF(YEAR($H40)<$CL$4,$S40,IF(AND(YEAR($H40)=$CL$4,MONTH($H40)<=CO$6),$S40,0)) -> 0 | CP40: =+IF(YEAR($H40)<$CL$4,$S40,IF(AND(YEAR($H40)=$CL$4,MONTH($H40)<=CP$6),$S40,0)) -> 0 | CQ40: =+IF(YEAR($H40)<$CL$4,$S40,IF(AND(YEAR($H40)=$CL$4,MONTH($H40)<=CQ$6),$S40,0)) -> 0 | CR40: =+IF(YEAR($H40)<$CL$4,$S40,IF(AND(YEAR($H40)=$CL$4,MONTH($H40)<=CR$6),$S40,0)) -> 0 | CS40: =+IF(YEAR($H40)<$CL$4,$S40,IF(AND(YEAR($H40)=$CL$4,MONTH($H40)<=CS$6),$S40,0)) -> 0 | ... CW40: =+IF(YEAR($H40)<$CL$4,$S40,IF(AND(YEAR($H40)=$CL$4,MONTH($H40)<=CW$6),$S40,0)) -> 826697.34 | CX40: =+SUM(CL40:CW40) -> 826697.34 | CY40: =+CK40-CX40 -> 2.471825e+08
A41: 6274.4 | B41: Chung | C41: =_xlfn.XLOOKUP(E41,'[1]TH_CC (3)'!$E:$E,'[1]TH_CC (3)'!$E:$E) -> #N/A | D41: Z21180P | E41: 115000035 | F41: Trạm sạc xe nâng-F5 | G41: 46022 | H41: 46023 | I41: 120 | J41: 1001602000 | K41: Xưởng sản xuất PET | M41: =+LEFT(N41,4) -> 6274 | N41: 6274001909 | R41: 332694101 | S41: =+R41/I41 -> 2772450.8 | CJ41: =+SUM(BX41:CI41) -> 0 | CK41: =+R41-CJ41 -> 332694101 | CL41: =+IF(YEAR($H41)<$CL$4,$S41,IF(AND(YEAR($H41)=$CL$4,MONTH($H41)<=CL$6),$S41,0)) -> 0 | CM41: =+IF(YEAR($H41)<$CL$4,$S41,IF(AND(YEAR($H41)=$CL$4,MONTH($H41)<=CM$6),$S41,0)) -> 0 | CN41: =+IF(YEAR($H41)<$CL$4,$S41,IF(AND(YEAR($H41)=$CL$4,MONTH($H41)<=CN$6),$S41,0)) -> 0 | CO41: =+IF(YEAR($H41)<$CL$4,$S41,IF(AND(YEAR($H41)=$CL$4,MONTH($H41)<=CO$6),$S41,0)) -> 0 | CP41: =+IF(YEAR($H41)<$CL$4,$S41,IF(AND(YEAR($H41)=$CL$4,MONTH($H41)<=CP$6),$S41,0)) -> 0 | CQ41: =+IF(YEAR($H41)<$CL$4,$S41,IF(AND(YEAR($H41)=$CL$4,MONTH($H41)<=CQ$6),$S41,0)) -> 0 | CR41: =+IF(YEAR($H41)<$CL$4,$S41,IF(AND(YEAR($H41)=$CL$4,MONTH($H41)<=CR$6),$S41,0)) -> 0 | CS41: =+IF(YEAR($H41)<$CL$4,$S41,IF(AND(YEAR($H41)=$CL$4,MONTH($H41)<=CS$6),$S41,0)) -> 0 | ... CW41: =+IF(YEAR($H41)<$CL$4,$S41,IF(AND(YEAR($H41)=$CL$4,MONTH($H41)<=CW$6),$S41,0)) -> 0 | CX41: =+SUM(CL41:CW41) -> 0 | CY41: =+CK41-CX41 -> 332694101 | CZ41: Mới tăng tháng 12
E42: 1.2 | F42: THẠNH PHÁT SỞ HỮU | S42: =SUM(S43:S85) -> 1.239798e+09 | T42: =SUM(T43:T85) -> 41638573 | U42: =SUM(U43:U85) -> 41638573 | V42: =SUM(V43:V85) -> 41638573 | W42: =SUM(W43:W85) -> 41638573 | X42: =SUM(X43:X85) -> 41638573 | Y42: =SUM(Y43:Y85) -> 41638573 | Z42: =SUM(Z43:Z85) -> 41638573 | ... CY42: =SUM(CY43:CY85) -> 1.6397799e+11
A43: 6274.4 | B43: Chung | D43: Z21110P | E43: 101000000 | F43: Nhà xưởng số 03 | G43: 44288 | H43: 44287 | I43: 300 | J43: 1001602000 | K43: Xưởng sản xuất PET | M43: =+LEFT(N43,4) -> 6274 | N43: 6274001901 | R43: 23688321578 | S43: 78961072 | T43: =+IF(YEAR($H43)<$T$5,$S43,IF(AND(YEAR($H43)=$T$5,MONTH($H43)<=T$6),$S43,0)) -> 0 | U43: =+IF(YEAR($H43)<$T$5,$S43,IF(AND(YEAR($H43)=$T$5,MONTH($H43)<=U$6),$S43,0)) -> 0 | V43: =+IF(YEAR($H43)<$T$5,$S43,IF(AND(YEAR($H43)=$T$5,MONTH($H43)<=V$6),$S43,0)) -> 0 | W43: =+IF(YEAR($H43)<$T$5,$S43,IF(AND(YEAR($H43)=$T$5,MONTH($H43)<=W$6),$S43,0)) -> 0 | X43: =+IF(YEAR($H43)<$T$5,$S43,IF(AND(YEAR($H43)=$T$5,MONTH($H43)<=X$6),$S43,0)) -> 0 | Y43: =+IF(YEAR($H43)<$T$5,$S43,IF(AND(YEAR($H43)=$T$5,MONTH($H43)<=Y$6),$S43,0)) -> 0 | Z43: =+IF(YEAR($H43)<$T$5,$S43,IF(AND(YEAR($H43)=$T$5,MONTH($H43)<=Z$6),$S43,0)) -> 0 | AA43: =+IF(YEAR($H43)<$T$5,$S43,IF(AND(YEAR($H43)=$T$5,MONTH($H43)<=AA$6),$S43,0)) -> 0 | ... AE43: =+IF(YEAR($H43)<$T$5,$S43,IF(AND(YEAR($H43)=$T$5,MONTH($H43)<=AE$6),$S43,0)) -> 0 | AF43: =+SUM(T43:AE43) -> 0 | AG43: 0 | AH43: =+IF(YEAR($H43)<$AH$5,$S43,IF(AND(YEAR($H43)=$AH$5,MONTH($H43)<=AH$6),$S43,0)) -> 0 | AI43: =+IF(YEAR($H43)<$AH$5,$S43,IF(AND(YEAR($H43)=$AH$5,MONTH($H43)<=AI$6),$S43,0)) -> 0 | AJ43: =+IF(YEAR($H43)<$AH$5,$S43,IF(AND(YEAR($H43)=$AH$5,MONTH($H43)<=AJ$6),$S43,0)) -> 0 | AK43: =+IF(YEAR($H43)<$AH$5,$S43,IF(AND(YEAR($H43)=$AH$5,MONTH($H43)<=AK$6),$S43,0)) -> 78961072 | AL43: =+IF(YEAR($H43)<$AH$5,$S43,IF(AND(YEAR($H43)=$AH$5,MONTH($H43)<=AL$6),$S43,0)) -> 78961072 | AM43: =+IF(YEAR($H43)<$AH$5,$S43,IF(AND(YEAR($H43)=$AH$5,MONTH($H43)<=AM$6),$S43,0)) -> 78961072 | AN43: =+IF(YEAR($H43)<$AH$5,$S43,IF(AND(YEAR($H43)=$AH$5,MONTH($H43)<=AN$6),$S43,0)) -> 78961072 | AO43: =+IF(YEAR($H43)<$AH$5,$S43,IF(AND(YEAR($H43)=$AH$5,MONTH($H43)<=AO$6),$S43,0)) -> 78961072 | ... AS43: =+IF(YEAR($H43)<$AH$5,$S43,IF(AND(YEAR($H43)=$AH$5,MONTH($H43)<=AS$6),$S43,0)) -> 78961072 | AT43: =+SUM(AH43:AS43) -> 7.1064965e+08 | AU43: =+R43-AT43 -> 2.2977672e+10 | AV43: =+IF(YEAR($H43)<$AV$5,$S43,IF(AND(YEAR($H43)=$AV$5,MONTH($H43)<=AV$6),$S43,0)) -> 78961072 | AW43: =+IF(YEAR($H43)<$AV$5,$S43,IF(AND(YEAR($H43)=$AV$5,MONTH($H43)<=AW$6),$S43,0)) -> 78961072 | AX43: =+IF(YEAR($H43)<$AV$5,$S43,IF(AND(YEAR($H43)=$AV$5,MONTH($H43)<=AX$6),$S43,0)) -> 78961072 | AY43: =+IF(YEAR($H43)<$AV$5,$S43,IF(AND(YEAR($H43)=$AV$5,MONTH($H43)<=AY$6),$S43,0)) -> 78961072 | AZ43: =+IF(YEAR($H43)<$AV$5,$S43,IF(AND(YEAR($H43)=$AV$5,MONTH($H43)<=AZ$6),$S43,0)) -> 78961072 | BA43: =+IF(YEAR($H43)<$AV$5,$S43,IF(AND(YEAR($H43)=$AV$5,MONTH($H43)<=BA$6),$S43,0)) -> 78961072 | BB43: =+IF(YEAR($H43)<$AV$5,$S43,IF(AND(YEAR($H43)=$AV$5,MONTH($H43)<=BB$6),$S43,0)) -> 78961072 | BC43: =+IF(YEAR($H43)<$AV$5,$S43,IF(AND(YEAR($H43)=$AV$5,MONTH($H43)<=BC$6),$S43,0)) -> 78961072 | ... BG43: =+IF(YEAR($H43)<$AV$5,$S43,IF(AND(YEAR($H43)=$AV$5,MONTH($H43)<=BG$6),$S43,0)) -> 78961072 | BH43: =+SUM(AV43:BG43) -> 9.4753286e+08 | BI43: =+AU43-BH43 -> 2.2030139e+10 | BJ43: =+IF(YEAR($H43)<$BJ$5,$S43,IF(AND(YEAR($H43)=$BJ$5,MONTH($H43)<=BJ$6),$S43,0)) -> 78961072 | BK43: =+IF(YEAR($H43)<$BJ$5,$S43,IF(AND(YEAR($H43)=$BJ$5,MONTH($H43)<=BK$6),$S43,0)) -> 78961072 | BL43: =+IF(YEAR($H43)<$BJ$5,$S43,IF(AND(YEAR($H43)=$BJ$5,MONTH($H43)<=BL$6),$S43,0)) -> 78961072 | BM43: =+IF(YEAR($H43)<$BJ$5,$S43,IF(AND(YEAR($H43)=$BJ$5,MONTH($H43)<=BM$6),$S43,0)) -> 78961072 | BN43: =+IF(YEAR($H43)<$BJ$5,$S43,IF(AND(YEAR($H43)=$BJ$5,MONTH($H43)<=BN$6),$S43,0)) -> 78961072 | BO43: =+IF(YEAR($H43)<$BJ$5,$S43,IF(AND(YEAR($H43)=$BJ$5,MONTH($H43)<=BO$6),$S43,0)) -> 78961072 | BP43: =+IF(YEAR($H43)<$BJ$5,$S43,IF(AND(YEAR($H43)=$BJ$5,MONTH($H43)<=BP$6),$S43,0)) -> 78961072 | BQ43: =+IF(YEAR($H43)<$BJ$5,$S43,IF(AND(YEAR($H43)=$BJ$5,MONTH($H43)<=BQ$6),$S43,0)) -> 78961072 | ... BU43: =+IF(YEAR($H43)<$BJ$5,$S43,IF(AND(YEAR($H43)=$BJ$5,MONTH($H43)<=BU$6),$S43,0)) -> 78961072 | BV43: =+SUM(BJ43:BU43) -> 9.4753286e+08 | BW43: =+BI43-BV43 -> 2.1082606e+10 | BX43: =+$S43 -> 78961072 | BY43: =+$S43 -> 78961072 | BZ43: =+$S43 -> 78961072 | CA43: =+$S43 -> 78961072 | CB43: =+$S43 -> 78961072 | CC43: =+$S43 -> 78961072 | CD43: =+$S43 -> 78961072 | CE43: =+$S43 -> 78961072 | ... CI43: =+$S43 -> 78961072 | CJ43: =+SUM(BX43:CI43) -> 9.4753286e+08 | CK43: =+BW43-CJ43 -> 2.0135073e+10 | CL43: =+IF(YEAR($H43)<$CL$4,$S43,IF(AND(YEAR($H43)=$CL$4,MONTH($H43)<=CL$6),$S43,0)) -> 78961072 | CM43: =+IF(YEAR($H43)<$CL$4,$S43,IF(AND(YEAR($H43)=$CL$4,MONTH($H43)<=CM$6),$S43,0)) -> 78961072 | CN43: =+IF(YEAR($H43)<$CL$4,$S43,IF(AND(YEAR($H43)=$CL$4,MONTH($H43)<=CN$6),$S43,0)) -> 78961072 | CO43: =+IF(YEAR($H43)<$CL$4,$S43,IF(AND(YEAR($H43)=$CL$4,MONTH($H43)<=CO$6),$S43,0)) -> 78961072 | CP43: =+IF(YEAR($H43)<$CL$4,$S43,IF(AND(YEAR($H43)=$CL$4,MONTH($H43)<=CP$6),$S43,0)) -> 78961072 | CQ43: =+IF(YEAR($H43)<$CL$4,$S43,IF(AND(YEAR($H43)=$CL$4,MONTH($H43)<=CQ$6),$S43,0)) -> 78961072 | CR43: =+IF(YEAR($H43)<$CL$4,$S43,IF(AND(YEAR($H43)=$CL$4,MONTH($H43)<=CR$6),$S43,0)) -> 78961072 | CS43: =+IF(YEAR($H43)<$CL$4,$S43,IF(AND(YEAR($H43)=$CL$4,MONTH($H43)<=CS$6),$S43,0)) -> 78961072 | ... CW43: =+IF(YEAR($H43)<$CL$4,$S43,IF(AND(YEAR($H43)=$CL$4,MONTH($H43)<=CW$6),$S43,0)) -> 78961072 | CX43: =+SUM(CL43:CW43) -> 9.4753286e+08 | CY43: =+CK43-CX43 -> 1.918754e+10
A44: 6274.4 | B44: Chung | D44: Z21110P | E44: 101000001 | F44: Hạng mục làm đường nhà máy | G44: 44439 | H44: 44438 | I44: 240 | J44: 1001602000 | K44: Xưởng sản xuất PET | M44: =+LEFT(N44,4) -> 6274 | N44: 6274001901 | R44: 3206333890 | S44: 13359725 | T44: =+IF(YEAR($H44)<$T$5,$S44,IF(AND(YEAR($H44)=$T$5,MONTH($H44)<=T$6),$S44,0)) -> 0 | U44: =+IF(YEAR($H44)<$T$5,$S44,IF(AND(YEAR($H44)=$T$5,MONTH($H44)<=U$6),$S44,0)) -> 0 | V44: =+IF(YEAR($H44)<$T$5,$S44,IF(AND(YEAR($H44)=$T$5,MONTH($H44)<=V$6),$S44,0)) -> 0 | W44: =+IF(YEAR($H44)<$T$5,$S44,IF(AND(YEAR($H44)=$T$5,MONTH($H44)<=W$6),$S44,0)) -> 0 | X44: =+IF(YEAR($H44)<$T$5,$S44,IF(AND(YEAR($H44)=$T$5,MONTH($H44)<=X$6),$S44,0)) -> 0 | Y44: =+IF(YEAR($H44)<$T$5,$S44,IF(AND(YEAR($H44)=$T$5,MONTH($H44)<=Y$6),$S44,0)) -> 0 | Z44: =+IF(YEAR($H44)<$T$5,$S44,IF(AND(YEAR($H44)=$T$5,MONTH($H44)<=Z$6),$S44,0)) -> 0 | AA44: =+IF(YEAR($H44)<$T$5,$S44,IF(AND(YEAR($H44)=$T$5,MONTH($H44)<=AA$6),$S44,0)) -> 0 | ... AE44: =+IF(YEAR($H44)<$T$5,$S44,IF(AND(YEAR($H44)=$T$5,MONTH($H44)<=AE$6),$S44,0)) -> 0 | AF44: =+SUM(T44:AE44) -> 0 | AG44: 0 | AH44: =+IF(YEAR($H44)<$AH$5,$S44,IF(AND(YEAR($H44)=$AH$5,MONTH($H44)<=AH$6),$S44,0)) -> 0 | AI44: =+IF(YEAR($H44)<$AH$5,$S44,IF(AND(YEAR($H44)=$AH$5,MONTH($H44)<=AI$6),$S44,0)) -> 0 | AJ44: =+IF(YEAR($H44)<$AH$5,$S44,IF(AND(YEAR($H44)=$AH$5,MONTH($H44)<=AJ$6),$S44,0)) -> 0 | AK44: =+IF(YEAR($H44)<$AH$5,$S44,IF(AND(YEAR($H44)=$AH$5,MONTH($H44)<=AK$6),$S44,0)) -> 0 | AL44: =+IF(YEAR($H44)<$AH$5,$S44,IF(AND(YEAR($H44)=$AH$5,MONTH($H44)<=AL$6),$S44,0)) -> 0 | AM44: =+IF(YEAR($H44)<$AH$5,$S44,IF(AND(YEAR($H44)=$AH$5,MONTH($H44)<=AM$6),$S44,0)) -> 0 | AN44: =+IF(YEAR($H44)<$AH$5,$S44,IF(AND(YEAR($H44)=$AH$5,MONTH($H44)<=AN$6),$S44,0)) -> 0 | AO44: =+IF(YEAR($H44)<$AH$5,$S44,IF(AND(YEAR($H44)=$AH$5,MONTH($H44)<=AO$6),$S44,0)) -> 13359725 | ... AS44: =+IF(YEAR($H44)<$AH$5,$S44,IF(AND(YEAR($H44)=$AH$5,MONTH($H44)<=AS$6),$S44,0)) -> 13359725 | AT44: =+SUM(AH44:AS44) -> 66798623 | AU44: =+R44-AT44 -> 3.1395353e+09 | AV44: =+IF(YEAR($H44)<$AV$5,$S44,IF(AND(YEAR($H44)=$AV$5,MONTH($H44)<=AV$6),$S44,0)) -> 13359725 | AW44: =+IF(YEAR($H44)<$AV$5,$S44,IF(AND(YEAR($H44)=$AV$5,MONTH($H44)<=AW$6),$S44,0)) -> 13359725 | AX44: =+IF(YEAR($H44)<$AV$5,$S44,IF(AND(YEAR($H44)=$AV$5,MONTH($H44)<=AX$6),$S44,0)) -> 13359725 | AY44: =+IF(YEAR($H44)<$AV$5,$S44,IF(AND(YEAR($H44)=$AV$5,MONTH($H44)<=AY$6),$S44,0)) -> 13359725 | AZ44: =+IF(YEAR($H44)<$AV$5,$S44,IF(AND(YEAR($H44)=$AV$5,MONTH($H44)<=AZ$6),$S44,0)) -> 13359725 | BA44: =+IF(YEAR($H44)<$AV$5,$S44,IF(AND(YEAR($H44)=$AV$5,MONTH($H44)<=BA$6),$S44,0)) -> 13359725 | BB44: =+IF(YEAR($H44)<$AV$5,$S44,IF(AND(YEAR($H44)=$AV$5,MONTH($H44)<=BB$6),$S44,0)) -> 13359725 | BC44: =+IF(YEAR($H44)<$AV$5,$S44,IF(AND(YEAR($H44)=$AV$5,MONTH($H44)<=BC$6),$S44,0)) -> 13359725 | ... BG44: =+IF(YEAR($H44)<$AV$5,$S44,IF(AND(YEAR($H44)=$AV$5,MONTH($H44)<=BG$6),$S44,0)) -> 13359725 | BH44: =+SUM(AV44:BG44) -> 1.6031669e+08 | BI44: =+AU44-BH44 -> 2.9792186e+09 | BJ44: =+IF(YEAR($H44)<$BJ$5,$S44,IF(AND(YEAR($H44)=$BJ$5,MONTH($H44)<=BJ$6),$S44,0)) -> 13359725 | BK44: =+IF(YEAR($H44)<$BJ$5,$S44,IF(AND(YEAR($H44)=$BJ$5,MONTH($H44)<=BK$6),$S44,0)) -> 13359725 | BL44: =+IF(YEAR($H44)<$BJ$5,$S44,IF(AND(YEAR($H44)=$BJ$5,MONTH($H44)<=BL$6),$S44,0)) -> 13359725 | BM44: =+IF(YEAR($H44)<$BJ$5,$S44,IF(AND(YEAR($H44)=$BJ$5,MONTH($H44)<=BM$6),$S44,0)) -> 13359725 | BN44: =+IF(YEAR($H44)<$BJ$5,$S44,IF(AND(YEAR($H44)=$BJ$5,MONTH($H44)<=BN$6),$S44,0)) -> 13359725 | BO44: =+IF(YEAR($H44)<$BJ$5,$S44,IF(AND(YEAR($H44)=$BJ$5,MONTH($H44)<=BO$6),$S44,0)) -> 13359725 | BP44: =+IF(YEAR($H44)<$BJ$5,$S44,IF(AND(YEAR($H44)=$BJ$5,MONTH($H44)<=BP$6),$S44,0)) -> 13359725 | BQ44: =+IF(YEAR($H44)<$BJ$5,$S44,IF(AND(YEAR($H44)=$BJ$5,MONTH($H44)<=BQ$6),$S44,0)) -> 13359725 | ... BU44: =+IF(YEAR($H44)<$BJ$5,$S44,IF(AND(YEAR($H44)=$BJ$5,MONTH($H44)<=BU$6),$S44,0)) -> 13359725 | BV44: =+SUM(BJ44:BU44) -> 1.6031669e+08 | BW44: =+BI44-BV44 -> 2.8189019e+09 | BX44: =+$S44 -> 13359725 | BY44: =+$S44 -> 13359725 | BZ44: =+$S44 -> 13359725 | CA44: =+$S44 -> 13359725 | CB44: =+$S44 -> 13359725 | CC44: =+$S44 -> 13359725 | CD44: =+$S44 -> 13359725 | CE44: =+$S44 -> 13359725 | ... CI44: =+$S44 -> 13359725 | CJ44: =+SUM(BX44:CI44) -> 1.6031669e+08 | CK44: =+BW44-CJ44 -> 2.6585852e+09 | CL44: =+IF(YEAR($H44)<$CL$4,$S44,IF(AND(YEAR($H44)=$CL$4,MONTH($H44)<=CL$6),$S44,0)) -> 13359725 | CM44: =+IF(YEAR($H44)<$CL$4,$S44,IF(AND(YEAR($H44)=$CL$4,MONTH($H44)<=CM$6),$S44,0)) -> 13359725 | CN44: =+IF(YEAR($H44)<$CL$4,$S44,IF(AND(YEAR($H44)=$CL$4,MONTH($H44)<=CN$6),$S44,0)) -> 13359725 | CO44: =+IF(YEAR($H44)<$CL$4,$S44,IF(AND(YEAR($H44)=$CL$4,MONTH($H44)<=CO$6),$S44,0)) -> 13359725 | CP44: =+IF(YEAR($H44)<$CL$4,$S44,IF(AND(YEAR($H44)=$CL$4,MONTH($H44)<=CP$6),$S44,0)) -> 13359725 | CQ44: =+IF(YEAR($H44)<$CL$4,$S44,IF(AND(YEAR($H44)=$CL$4,MONTH($H44)<=CQ$6),$S44,0)) -> 13359725 | CR44: =+IF(YEAR($H44)<$CL$4,$S44,IF(AND(YEAR($H44)=$CL$4,MONTH($H44)<=CR$6),$S44,0)) -> 13359725 | CS44: =+IF(YEAR($H44)<$CL$4,$S44,IF(AND(YEAR($H44)=$CL$4,MONTH($H44)<=CS$6),$S44,0)) -> 13359725 | ... CW44: =+IF(YEAR($H44)<$CL$4,$S44,IF(AND(YEAR($H44)=$CL$4,MONTH($H44)<=CW$6),$S44,0)) -> 13359725 | CX44: =+SUM(CL44:CW44) -> 1.6031669e+08 | CY44: =+CK44-CX44 -> 2.4982685e+09
A45: 6274.4 | B45: Chung | D45: Z21110P | E45: 101000002 | F45: Nhà kho lều bạt | G45: 44439 | H45: 44438 | I45: 60 | J45: 1001602000 | K45: Xưởng sản xuất PET | M45: =+LEFT(N45,4) -> 6274 | N45: 6274001901 | R45: 445541459 | S45: 7425691 | T45: =+IF(YEAR($H45)<$T$5,$S45,IF(AND(YEAR($H45)=$T$5,MONTH($H45)<=T$6),$S45,0)) -> 0 | U45: =+IF(YEAR($H45)<$T$5,$S45,IF(AND(YEAR($H45)=$T$5,MONTH($H45)<=U$6),$S45,0)) -> 0 | V45: =+IF(YEAR($H45)<$T$5,$S45,IF(AND(YEAR($H45)=$T$5,MONTH($H45)<=V$6),$S45,0)) -> 0 | W45: =+IF(YEAR($H45)<$T$5,$S45,IF(AND(YEAR($H45)=$T$5,MONTH($H45)<=W$6),$S45,0)) -> 0 | X45: =+IF(YEAR($H45)<$T$5,$S45,IF(AND(YEAR($H45)=$T$5,MONTH($H45)<=X$6),$S45,0)) -> 0 | Y45: =+IF(YEAR($H45)<$T$5,$S45,IF(AND(YEAR($H45)=$T$5,MONTH($H45)<=Y$6),$S45,0)) -> 0 | Z45: =+IF(YEAR($H45)<$T$5,$S45,IF(AND(YEAR($H45)=$T$5,MONTH($H45)<=Z$6),$S45,0)) -> 0 | AA45: =+IF(YEAR($H45)<$T$5,$S45,IF(AND(YEAR($H45)=$T$5,MONTH($H45)<=AA$6),$S45,0)) -> 0 | ... AE45: =+IF(YEAR($H45)<$T$5,$S45,IF(AND(YEAR($H45)=$T$5,MONTH($H45)<=AE$6),$S45,0)) -> 0 | AF45: =+SUM(T45:AE45) -> 0 | AG45: 0 | AH45: =+IF(YEAR($H45)<$AH$5,$S45,IF(AND(YEAR($H45)=$AH$5,MONTH($H45)<=AH$6),$S45,0)) -> 0 | AI45: =+IF(YEAR($H45)<$AH$5,$S45,IF(AND(YEAR($H45)=$AH$5,MONTH($H45)<=AI$6),$S45,0)) -> 0 | AJ45: =+IF(YEAR($H45)<$AH$5,$S45,IF(AND(YEAR($H45)=$AH$5,MONTH($H45)<=AJ$6),$S45,0)) -> 0 | AK45: =+IF(YEAR($H45)<$AH$5,$S45,IF(AND(YEAR($H45)=$AH$5,MONTH($H45)<=AK$6),$S45,0)) -> 0 | AL45: =+IF(YEAR($H45)<$AH$5,$S45,IF(AND(YEAR($H45)=$AH$5,MONTH($H45)<=AL$6),$S45,0)) -> 0 | AM45: =+IF(YEAR($H45)<$AH$5,$S45,IF(AND(YEAR($H45)=$AH$5,MONTH($H45)<=AM$6),$S45,0)) -> 0 | AN45: =+IF(YEAR($H45)<$AH$5,$S45,IF(AND(YEAR($H45)=$AH$5,MONTH($H45)<=AN$6),$S45,0)) -> 0 | AO45: =+IF(YEAR($H45)<$AH$5,$S45,IF(AND(YEAR($H45)=$AH$5,MONTH($H45)<=AO$6),$S45,0)) -> 7425691 | ... AS45: =+IF(YEAR($H45)<$AH$5,$S45,IF(AND(YEAR($H45)=$AH$5,MONTH($H45)<=AS$6),$S45,0)) -> 7425691 | AT45: =+SUM(AH45:AS45) -> 37128455 | AU45: =+R45-AT45 -> 4.08413e+08 | AV45: =+IF(YEAR($H45)<$AV$5,$S45,IF(AND(YEAR($H45)=$AV$5,MONTH($H45)<=AV$6),$S45,0)) -> 7425691 | AW45: =+IF(YEAR($H45)<$AV$5,$S45,IF(AND(YEAR($H45)=$AV$5,MONTH($H45)<=AW$6),$S45,0)) -> 7425691 | AX45: =+IF(YEAR($H45)<$AV$5,$S45,IF(AND(YEAR($H45)=$AV$5,MONTH($H45)<=AX$6),$S45,0)) -> 7425691 | AY45: =+IF(YEAR($H45)<$AV$5,$S45,IF(AND(YEAR($H45)=$AV$5,MONTH($H45)<=AY$6),$S45,0)) -> 7425691 | AZ45: =+IF(YEAR($H45)<$AV$5,$S45,IF(AND(YEAR($H45)=$AV$5,MONTH($H45)<=AZ$6),$S45,0)) -> 7425691 | BA45: =+IF(YEAR($H45)<$AV$5,$S45,IF(AND(YEAR($H45)=$AV$5,MONTH($H45)<=BA$6),$S45,0)) -> 7425691 | BB45: =+IF(YEAR($H45)<$AV$5,$S45,IF(AND(YEAR($H45)=$AV$5,MONTH($H45)<=BB$6),$S45,0)) -> 7425691 | BC45: =+IF(YEAR($H45)<$AV$5,$S45,IF(AND(YEAR($H45)=$AV$5,MONTH($H45)<=BC$6),$S45,0)) -> 7425691 | ... BG45: =+IF(YEAR($H45)<$AV$5,$S45,IF(AND(YEAR($H45)=$AV$5,MONTH($H45)<=BG$6),$S45,0)) -> 7425691 | BH45: =+SUM(AV45:BG45) -> 89108292 | BI45: =+AU45-BH45 -> 3.1930471e+08 | BJ45: =+IF(YEAR($H45)<$BJ$5,$S45,IF(AND(YEAR($H45)=$BJ$5,MONTH($H45)<=BJ$6),$S45,0)) -> 7425691 | BK45: =+IF(YEAR($H45)<$BJ$5,$S45,IF(AND(YEAR($H45)=$BJ$5,MONTH($H45)<=BK$6),$S45,0)) -> 7425691 | BL45: =+IF(YEAR($H45)<$BJ$5,$S45,IF(AND(YEAR($H45)=$BJ$5,MONTH($H45)<=BL$6),$S45,0)) -> 7425691 | BM45: =+IF(YEAR($H45)<$BJ$5,$S45,IF(AND(YEAR($H45)=$BJ$5,MONTH($H45)<=BM$6),$S45,0)) -> 7425691 | BN45: =+IF(YEAR($H45)<$BJ$5,$S45,IF(AND(YEAR($H45)=$BJ$5,MONTH($H45)<=BN$6),$S45,0)) -> 7425691 | BO45: =+IF(YEAR($H45)<$BJ$5,$S45,IF(AND(YEAR($H45)=$BJ$5,MONTH($H45)<=BO$6),$S45,0)) -> 7425691 | BP45: =+IF(YEAR($H45)<$BJ$5,$S45,IF(AND(YEAR($H45)=$BJ$5,MONTH($H45)<=BP$6),$S45,0)) -> 7425691 | BQ45: =+IF(YEAR($H45)<$BJ$5,$S45,IF(AND(YEAR($H45)=$BJ$5,MONTH($H45)<=BQ$6),$S45,0)) -> 7425691 | ... BU45: =+IF(YEAR($H45)<$BJ$5,$S45,IF(AND(YEAR($H45)=$BJ$5,MONTH($H45)<=BU$6),$S45,0)) -> 7425691 | BV45: =+SUM(BJ45:BU45) -> 89108292 | BW45: =+BI45-BV45 -> 2.3019642e+08 | BX45: =+$S45 -> 7425691 | BY45: =+$S45 -> 7425691 | BZ45: =+$S45 -> 7425691 | CA45: =+$S45 -> 7425691 | CB45: =+$S45 -> 7425691 | CC45: =+$S45 -> 7425691 | CD45: =+$S45 -> 7425691 | CE45: =+$S45 -> 7425691 | ... CI45: =+$S45 -> 7425691 | CJ45: =+SUM(BX45:CI45) -> 89108292 | CK45: =+BW45-CJ45 -> 1.4108813e+08 | CL45: =+IF(YEAR($H45)<$CL$4,$S45,IF(AND(YEAR($H45)=$CL$4,MONTH($H45)<=CL$6),$S45,0)) -> 7425691 | CM45: =+IF(YEAR($H45)<$CL$4,$S45,IF(AND(YEAR($H45)=$CL$4,MONTH($H45)<=CM$6),$S45,0)) -> 7425691 | CN45: =+IF(YEAR($H45)<$CL$4,$S45,IF(AND(YEAR($H45)=$CL$4,MONTH($H45)<=CN$6),$S45,0)) -> 7425691 | CO45: =+IF(YEAR($H45)<$CL$4,$S45,IF(AND(YEAR($H45)=$CL$4,MONTH($H45)<=CO$6),$S45,0)) -> 7425691 | CP45: =+IF(YEAR($H45)<$CL$4,$S45,IF(AND(YEAR($H45)=$CL$4,MONTH($H45)<=CP$6),$S45,0)) -> 7425691 | CQ45: =+IF(YEAR($H45)<$CL$4,$S45,IF(AND(YEAR($H45)=$CL$4,MONTH($H45)<=CQ$6),$S45,0)) -> 7425691 | CR45: =+IF(YEAR($H45)<$CL$4,$S45,IF(AND(YEAR($H45)=$CL$4,MONTH($H45)<=CR$6),$S45,0)) -> 7425691 | CS45: =+IF(YEAR($H45)<$CL$4,$S45,IF(AND(YEAR($H45)=$CL$4,MONTH($H45)<=CS$6),$S45,0)) -> 7425691 | ... CW45: =+IF(YEAR($H45)<$CL$4,$S45,IF(AND(YEAR($H45)=$CL$4,MONTH($H45)<=CW$6),$S45,0)) -> 7425691 | CX45: =+SUM(CL45:CW45) -> 89108292 | CY45: =+CK45-CX45 -> 51979837
A46: 6274.4 | B46: Chung | D46: Z21110P | E46: 101000003 | F46: Văn phòng bộ phận kỹ thuật | G46: 44775 | H46: 44757 | I46: 60 | J46: 1001601300 | K46: Kỹ thuật | M46: =+LEFT(N46,4) -> 6274 | N46: 6274001901 | R46: 201303632 | S46: 3355060.5 | T46: =+IF(YEAR($H46)<$T$5,$S46,IF(AND(YEAR($H46)=$T$5,MONTH($H46)<=T$6),$S46,0)) -> 0 | U46: =+IF(YEAR($H46)<$T$5,$S46,IF(AND(YEAR($H46)=$T$5,MONTH($H46)<=U$6),$S46,0)) -> 0 | V46: =+IF(YEAR($H46)<$T$5,$S46,IF(AND(YEAR($H46)=$T$5,MONTH($H46)<=V$6),$S46,0)) -> 0 | W46: =+IF(YEAR($H46)<$T$5,$S46,IF(AND(YEAR($H46)=$T$5,MONTH($H46)<=W$6),$S46,0)) -> 0 | X46: =+IF(YEAR($H46)<$T$5,$S46,IF(AND(YEAR($H46)=$T$5,MONTH($H46)<=X$6),$S46,0)) -> 0 | Y46: =+IF(YEAR($H46)<$T$5,$S46,IF(AND(YEAR($H46)=$T$5,MONTH($H46)<=Y$6),$S46,0)) -> 0 | Z46: =+IF(YEAR($H46)<$T$5,$S46,IF(AND(YEAR($H46)=$T$5,MONTH($H46)<=Z$6),$S46,0)) -> 0 | AA46: =+IF(YEAR($H46)<$T$5,$S46,IF(AND(YEAR($H46)=$T$5,MONTH($H46)<=AA$6),$S46,0)) -> 0 | ... AE46: =+IF(YEAR($H46)<$T$5,$S46,IF(AND(YEAR($H46)=$T$5,MONTH($H46)<=AE$6),$S46,0)) -> 0 | AF46: =+SUM(T46:AE46) -> 0 | AG46: 0 | AH46: =+IF(YEAR($H46)<$AH$5,$S46,IF(AND(YEAR($H46)=$AH$5,MONTH($H46)<=AH$6),$S46,0)) -> 0 | AI46: =+IF(YEAR($H46)<$AH$5,$S46,IF(AND(YEAR($H46)=$AH$5,MONTH($H46)<=AI$6),$S46,0)) -> 0 | AJ46: =+IF(YEAR($H46)<$AH$5,$S46,IF(AND(YEAR($H46)=$AH$5,MONTH($H46)<=AJ$6),$S46,0)) -> 0 | AK46: =+IF(YEAR($H46)<$AH$5,$S46,IF(AND(YEAR($H46)=$AH$5,MONTH($H46)<=AK$6),$S46,0)) -> 0 | AL46: =+IF(YEAR($H46)<$AH$5,$S46,IF(AND(YEAR($H46)=$AH$5,MONTH($H46)<=AL$6),$S46,0)) -> 0 | AM46: =+IF(YEAR($H46)<$AH$5,$S46,IF(AND(YEAR($H46)=$AH$5,MONTH($H46)<=AM$6),$S46,0)) -> 0 | AN46: =+IF(YEAR($H46)<$AH$5,$S46,IF(AND(YEAR($H46)=$AH$5,MONTH($H46)<=AN$6),$S46,0)) -> 0 | AO46: =+IF(YEAR($H46)<$AH$5,$S46,IF(AND(YEAR($H46)=$AH$5,MONTH($H46)<=AO$6),$S46,0)) -> 0 | ... AS46: =+IF(YEAR($H46)<$AH$5,$S46,IF(AND(YEAR($H46)=$AH$5,MONTH($H46)<=AS$6),$S46,0)) -> 0 | AT46: =+SUM(AH46:AS46) -> 0 | AU46: 0 | AV46: =+IF(YEAR($H46)<$AV$5,$S46,IF(AND(YEAR($H46)=$AV$5,MONTH($H46)<=AV$6),$S46,0)) -> 0 | AW46: =+IF(YEAR($H46)<$AV$5,$S46,IF(AND(YEAR($H46)=$AV$5,MONTH($H46)<=AW$6),$S46,0)) -> 0 | AX46: =+IF(YEAR($H46)<$AV$5,$S46,IF(AND(YEAR($H46)=$AV$5,MONTH($H46)<=AX$6),$S46,0)) -> 0 | AY46: =+IF(YEAR($H46)<$AV$5,$S46,IF(AND(YEAR($H46)=$AV$5,MONTH($H46)<=AY$6),$S46,0)) -> 0 | AZ46: =+IF(YEAR($H46)<$AV$5,$S46,IF(AND(YEAR($H46)=$AV$5,MONTH($H46)<=AZ$6),$S46,0)) -> 0 | BA46: =+IF(YEAR($H46)<$AV$5,$S46,IF(AND(YEAR($H46)=$AV$5,MONTH($H46)<=BA$6),$S46,0)) -> 0 | BB46: =+IF(YEAR($H46)<$AV$5,$S46,IF(AND(YEAR($H46)=$AV$5,MONTH($H46)<=BB$6),$S46,0)) -> 3355060.5 | BC46: =+IF(YEAR($H46)<$AV$5,$S46,IF(AND(YEAR($H46)=$AV$5,MONTH($H46)<=BC$6),$S46,0)) -> 3355060.5 | ... BG46: =+IF(YEAR($H46)<$AV$5,$S46,IF(AND(YEAR($H46)=$AV$5,MONTH($H46)<=BG$6),$S46,0)) -> 3355060.5 | BH46: =+SUM(AV46:BG46) -> 20130363 | BI46: =+R46-BH46 -> 1.8117327e+08 | BJ46: =+IF(YEAR($H46)<$BJ$5,$S46,IF(AND(YEAR($H46)=$BJ$5,MONTH($H46)<=BJ$6),$S46,0)) -> 3355060.5 | BK46: =+IF(YEAR($H46)<$BJ$5,$S46,IF(AND(YEAR($H46)=$BJ$5,MONTH($H46)<=BK$6),$S46,0)) -> 3355060.5 | BL46: =+IF(YEAR($H46)<$BJ$5,$S46,IF(AND(YEAR($H46)=$BJ$5,MONTH($H46)<=BL$6),$S46,0)) -> 3355060.5 | BM46: =+IF(YEAR($H46)<$BJ$5,$S46,IF(AND(YEAR($H46)=$BJ$5,MONTH($H46)<=BM$6),$S46,0)) -> 3355060.5 | BN46: =+IF(YEAR($H46)<$BJ$5,$S46,IF(AND(YEAR($H46)=$BJ$5,MONTH($H46)<=BN$6),$S46,0)) -> 3355060.5 | BO46: =+IF(YEAR($H46)<$BJ$5,$S46,IF(AND(YEAR($H46)=$BJ$5,MONTH($H46)<=BO$6),$S46,0)) -> 3355060.5 | BP46: =+IF(YEAR($H46)<$BJ$5,$S46,IF(AND(YEAR($H46)=$BJ$5,MONTH($H46)<=BP$6),$S46,0)) -> 3355060.5 | BQ46: =+IF(YEAR($H46)<$BJ$5,$S46,IF(AND(YEAR($H46)=$BJ$5,MONTH($H46)<=BQ$6),$S46,0)) -> 3355060.5 | ... BU46: =+IF(YEAR($H46)<$BJ$5,$S46,IF(AND(YEAR($H46)=$BJ$5,MONTH($H46)<=BU$6),$S46,0)) -> 3355060.5 | BV46: =+SUM(BJ46:BU46) -> 40260726 | BW46: =+BI46-BV46 -> 1.4091254e+08 | BX46: =+$S46 -> 3355060.5 | BY46: =+$S46 -> 3355060.5 | BZ46: =+$S46 -> 3355060.5 | CA46: =+$S46 -> 3355060.5 | CB46: =+$S46 -> 3355060.5 | CC46: =+$S46 -> 3355060.5 | CD46: =+$S46 -> 3355060.5 | CE46: =+$S46 -> 3355060.5 | ... CI46: =+$S46 -> 3355060.5 | CJ46: =+SUM(BX46:CI46) -> 40260726 | CK46: =+BW46-CJ46 -> 1.0065182e+08 | CL46: =+IF(YEAR($H46)<$CL$4,$S46,IF(AND(YEAR($H46)=$CL$4,MONTH($H46)<=CL$6),$S46,0)) -> 3355060.5 | CM46: =+IF(YEAR($H46)<$CL$4,$S46,IF(AND(YEAR($H46)=$CL$4,MONTH($H46)<=CM$6),$S46,0)) -> 3355060.5 | CN46: =+IF(YEAR($H46)<$CL$4,$S46,IF(AND(YEAR($H46)=$CL$4,MONTH($H46)<=CN$6),$S46,0)) -> 3355060.5 | CO46: =+IF(YEAR($H46)<$CL$4,$S46,IF(AND(YEAR($H46)=$CL$4,MONTH($H46)<=CO$6),$S46,0)) -> 3355060.5 | CP46: =+IF(YEAR($H46)<$CL$4,$S46,IF(AND(YEAR($H46)=$CL$4,MONTH($H46)<=CP$6),$S46,0)) -> 3355060.5 | CQ46: =+IF(YEAR($H46)<$CL$4,$S46,IF(AND(YEAR($H46)=$CL$4,MONTH($H46)<=CQ$6),$S46,0)) -> 3355060.5 | CR46: =+IF(YEAR($H46)<$CL$4,$S46,IF(AND(YEAR($H46)=$CL$4,MONTH($H46)<=CR$6),$S46,0)) -> 3355060.5 | CS46: =+IF(YEAR($H46)<$CL$4,$S46,IF(AND(YEAR($H46)=$CL$4,MONTH($H46)<=CS$6),$S46,0)) -> 3355060.5 | ... CW46: =+IF(YEAR($H46)<$CL$4,$S46,IF(AND(YEAR($H46)=$CL$4,MONTH($H46)<=CW$6),$S46,0)) -> 3355060.5 | CX46: =+SUM(CL46:CW46) -> 40260726 | CY46: =+CK46-CX46 -> 60391090
A47: 6274.4 | B47: Chung | D47: Z21110P | E47: 101000004 | F47: Xây dựng phòng Quản lý chất lượng | G47: 44775 | H47: 44757 | I47: 60 | J47: 1001601400 | K47: Kiểm soát chất lượng | M47: =+LEFT(N47,4) -> 6274 | N47: 6274001901 | R47: 269569137 | S47: 4492819 | T47: =+IF(YEAR($H47)<$T$5,$S47,IF(AND(YEAR($H47)=$T$5,MONTH($H47)<=T$6),$S47,0)) -> 0 | U47: =+IF(YEAR($H47)<$T$5,$S47,IF(AND(YEAR($H47)=$T$5,MONTH($H47)<=U$6),$S47,0)) -> 0 | V47: =+IF(YEAR($H47)<$T$5,$S47,IF(AND(YEAR($H47)=$T$5,MONTH($H47)<=V$6),$S47,0)) -> 0 | W47: =+IF(YEAR($H47)<$T$5,$S47,IF(AND(YEAR($H47)=$T$5,MONTH($H47)<=W$6),$S47,0)) -> 0 | X47: =+IF(YEAR($H47)<$T$5,$S47,IF(AND(YEAR($H47)=$T$5,MONTH($H47)<=X$6),$S47,0)) -> 0 | Y47: =+IF(YEAR($H47)<$T$5,$S47,IF(AND(YEAR($H47)=$T$5,MONTH($H47)<=Y$6),$S47,0)) -> 0 | Z47: =+IF(YEAR($H47)<$T$5,$S47,IF(AND(YEAR($H47)=$T$5,MONTH($H47)<=Z$6),$S47,0)) -> 0 | AA47: =+IF(YEAR($H47)<$T$5,$S47,IF(AND(YEAR($H47)=$T$5,MONTH($H47)<=AA$6),$S47,0)) -> 0 | ... AE47: =+IF(YEAR($H47)<$T$5,$S47,IF(AND(YEAR($H47)=$T$5,MONTH($H47)<=AE$6),$S47,0)) -> 0 | AF47: =+SUM(T47:AE47) -> 0 | AG47: 0 | AH47: =+IF(YEAR($H47)<$AH$5,$S47,IF(AND(YEAR($H47)=$AH$5,MONTH($H47)<=AH$6),$S47,0)) -> 0 | AI47: =+IF(YEAR($H47)<$AH$5,$S47,IF(AND(YEAR($H47)=$AH$5,MONTH($H47)<=AI$6),$S47,0)) -> 0 | AJ47: =+IF(YEAR($H47)<$AH$5,$S47,IF(AND(YEAR($H47)=$AH$5,MONTH($H47)<=AJ$6),$S47,0)) -> 0 | AK47: =+IF(YEAR($H47)<$AH$5,$S47,IF(AND(YEAR($H47)=$AH$5,MONTH($H47)<=AK$6),$S47,0)) -> 0 | AL47: =+IF(YEAR($H47)<$AH$5,$S47,IF(AND(YEAR($H47)=$AH$5,MONTH($H47)<=AL$6),$S47,0)) -> 0 | AM47: =+IF(YEAR($H47)<$AH$5,$S47,IF(AND(YEAR($H47)=$AH$5,MONTH($H47)<=AM$6),$S47,0)) -> 0 | AN47: =+IF(YEAR($H47)<$AH$5,$S47,IF(AND(YEAR($H47)=$AH$5,MONTH($H47)<=AN$6),$S47,0)) -> 0 | AO47: =+IF(YEAR($H47)<$AH$5,$S47,IF(AND(YEAR($H47)=$AH$5,MONTH($H47)<=AO$6),$S47,0)) -> 0 | ... AS47: =+IF(YEAR($H47)<$AH$5,$S47,IF(AND(YEAR($H47)=$AH$5,MONTH($H47)<=AS$6),$S47,0)) -> 0 | AT47: =+SUM(AH47:AS47) -> 0 | AU47: 0 | AV47: =+IF(YEAR($H47)<$AV$5,$S47,IF(AND(YEAR($H47)=$AV$5,MONTH($H47)<=AV$6),$S47,0)) -> 0 | AW47: =+IF(YEAR($H47)<$AV$5,$S47,IF(AND(YEAR($H47)=$AV$5,MONTH($H47)<=AW$6),$S47,0)) -> 0 | AX47: =+IF(YEAR($H47)<$AV$5,$S47,IF(AND(YEAR($H47)=$AV$5,MONTH($H47)<=AX$6),$S47,0)) -> 0 | AY47: =+IF(YEAR($H47)<$AV$5,$S47,IF(AND(YEAR($H47)=$AV$5,MONTH($H47)<=AY$6),$S47,0)) -> 0 | AZ47: =+IF(YEAR($H47)<$AV$5,$S47,IF(AND(YEAR($H47)=$AV$5,MONTH($H47)<=AZ$6),$S47,0)) -> 0 | BA47: =+IF(YEAR($H47)<$AV$5,$S47,IF(AND(YEAR($H47)=$AV$5,MONTH($H47)<=BA$6),$S47,0)) -> 0 | BB47: =+IF(YEAR($H47)<$AV$5,$S47,IF(AND(YEAR($H47)=$AV$5,MONTH($H47)<=BB$6),$S47,0)) -> 4492819 | BC47: =+IF(YEAR($H47)<$AV$5,$S47,IF(AND(YEAR($H47)=$AV$5,MONTH($H47)<=BC$6),$S47,0)) -> 4492819 | ... BG47: =+IF(YEAR($H47)<$AV$5,$S47,IF(AND(YEAR($H47)=$AV$5,MONTH($H47)<=BG$6),$S47,0)) -> 4492819 | BH47: =+SUM(AV47:BG47) -> 26956914 | BI47: =+R47-BH47 -> 2.4261222e+08 | BJ47: =+IF(YEAR($H47)<$BJ$5,$S47,IF(AND(YEAR($H47)=$BJ$5,MONTH($H47)<=BJ$6),$S47,0)) -> 4492819 | BK47: =+IF(YEAR($H47)<$BJ$5,$S47,IF(AND(YEAR($H47)=$BJ$5,MONTH($H47)<=BK$6),$S47,0)) -> 4492819 | BL47: =+IF(YEAR($H47)<$BJ$5,$S47,IF(AND(YEAR($H47)=$BJ$5,MONTH($H47)<=BL$6),$S47,0)) -> 4492819 | BM47: =+IF(YEAR($H47)<$BJ$5,$S47,IF(AND(YEAR($H47)=$BJ$5,MONTH($H47)<=BM$6),$S47,0)) -> 4492819 | BN47: =+IF(YEAR($H47)<$BJ$5,$S47,IF(AND(YEAR($H47)=$BJ$5,MONTH($H47)<=BN$6),$S47,0)) -> 4492819 | BO47: =+IF(YEAR($H47)<$BJ$5,$S47,IF(AND(YEAR($H47)=$BJ$5,MONTH($H47)<=BO$6),$S47,0)) -> 4492819 | BP47: =+IF(YEAR($H47)<$BJ$5,$S47,IF(AND(YEAR($H47)=$BJ$5,MONTH($H47)<=BP$6),$S47,0)) -> 4492819 | BQ47: =+IF(YEAR($H47)<$BJ$5,$S47,IF(AND(YEAR($H47)=$BJ$5,MONTH($H47)<=BQ$6),$S47,0)) -> 4492819 | ... BU47: =+IF(YEAR($H47)<$BJ$5,$S47,IF(AND(YEAR($H47)=$BJ$5,MONTH($H47)<=BU$6),$S47,0)) -> 4492819 | BV47: =+SUM(BJ47:BU47) -> 53913827 | BW47: =+BI47-BV47 -> 1.886984e+08 | BX47: =+$S47 -> 4492819 | BY47: =+$S47 -> 4492819 | BZ47: =+$S47 -> 4492819 | CA47: =+$S47 -> 4492819 | CB47: =+$S47 -> 4492819 | CC47: =+$S47 -> 4492819 | CD47: =+$S47 -> 4492819 | CE47: =+$S47 -> 4492819 | ... CI47: =+$S47 -> 4492819 | CJ47: =+SUM(BX47:CI47) -> 53913827 | CK47: =+BW47-CJ47 -> 1.3478457e+08 | CL47: =+IF(YEAR($H47)<$CL$4,$S47,IF(AND(YEAR($H47)=$CL$4,MONTH($H47)<=CL$6),$S47,0)) -> 4492819 | CM47: =+IF(YEAR($H47)<$CL$4,$S47,IF(AND(YEAR($H47)=$CL$4,MONTH($H47)<=CM$6),$S47,0)) -> 4492819 | CN47: =+IF(YEAR($H47)<$CL$4,$S47,IF(AND(YEAR($H47)=$CL$4,MONTH($H47)<=CN$6),$S47,0)) -> 4492819 | CO47: =+IF(YEAR($H47)<$CL$4,$S47,IF(AND(YEAR($H47)=$CL$4,MONTH($H47)<=CO$6),$S47,0)) -> 4492819 | CP47: =+IF(YEAR($H47)<$CL$4,$S47,IF(AND(YEAR($H47)=$CL$4,MONTH($H47)<=CP$6),$S47,0)) -> 4492819 | CQ47: =+IF(YEAR($H47)<$CL$4,$S47,IF(AND(YEAR($H47)=$CL$4,MONTH($H47)<=CQ$6),$S47,0)) -> 4492819 | CR47: =+IF(YEAR($H47)<$CL$4,$S47,IF(AND(YEAR($H47)=$CL$4,MONTH($H47)<=CR$6),$S47,0)) -> 4492819 | CS47: =+IF(YEAR($H47)<$CL$4,$S47,IF(AND(YEAR($H47)=$CL$4,MONTH($H47)<=CS$6),$S47,0)) -> 4492819 | ... CW47: =+IF(YEAR($H47)<$CL$4,$S47,IF(AND(YEAR($H47)=$CL$4,MONTH($H47)<=CW$6),$S47,0)) -> 4492819 | CX47: =+SUM(CL47:CW47) -> 53913827 | CY47: =+CK47-CX47 -> 80870741
A48: 6274.4 | B48: Chung | D48: Z21110P | E48: 101000005 | F48: Nhà xưởng số F02 | G48: 44804 | H48: 44788 | I48: 300 | J48: 1001604000 | K48: Khối SX - Xưởng 2 | M48: =+LEFT(N48,4) -> 6274 | N48: 6274001901 | R48: 24510513422 | S48: 81701711 | T48: =+IF(YEAR($H48)<$T$5,$S48,IF(AND(YEAR($H48)=$T$5,MONTH($H48)<=T$6),$S48,0)) -> 0 | U48: =+IF(YEAR($H48)<$T$5,$S48,IF(AND(YEAR($H48)=$T$5,MONTH($H48)<=U$6),$S48,0)) -> 0 | V48: =+IF(YEAR($H48)<$T$5,$S48,IF(AND(YEAR($H48)=$T$5,MONTH($H48)<=V$6),$S48,0)) -> 0 | W48: =+IF(YEAR($H48)<$T$5,$S48,IF(AND(YEAR($H48)=$T$5,MONTH($H48)<=W$6),$S48,0)) -> 0 | X48: =+IF(YEAR($H48)<$T$5,$S48,IF(AND(YEAR($H48)=$T$5,MONTH($H48)<=X$6),$S48,0)) -> 0 | Y48: =+IF(YEAR($H48)<$T$5,$S48,IF(AND(YEAR($H48)=$T$5,MONTH($H48)<=Y$6),$S48,0)) -> 0 | Z48: =+IF(YEAR($H48)<$T$5,$S48,IF(AND(YEAR($H48)=$T$5,MONTH($H48)<=Z$6),$S48,0)) -> 0 | AA48: =+IF(YEAR($H48)<$T$5,$S48,IF(AND(YEAR($H48)=$T$5,MONTH($H48)<=AA$6),$S48,0)) -> 0 | ... AE48: =+IF(YEAR($H48)<$T$5,$S48,IF(AND(YEAR($H48)=$T$5,MONTH($H48)<=AE$6),$S48,0)) -> 0 | AF48: =+SUM(T48:AE48) -> 0 | AG48: 0 | AH48: =+IF(YEAR($H48)<$AH$5,$S48,IF(AND(YEAR($H48)=$AH$5,MONTH($H48)<=AH$6),$S48,0)) -> 0 | AI48: =+IF(YEAR($H48)<$AH$5,$S48,IF(AND(YEAR($H48)=$AH$5,MONTH($H48)<=AI$6),$S48,0)) -> 0 | AJ48: =+IF(YEAR($H48)<$AH$5,$S48,IF(AND(YEAR($H48)=$AH$5,MONTH($H48)<=AJ$6),$S48,0)) -> 0 | AK48: =+IF(YEAR($H48)<$AH$5,$S48,IF(AND(YEAR($H48)=$AH$5,MONTH($H48)<=AK$6),$S48,0)) -> 0 | AL48: =+IF(YEAR($H48)<$AH$5,$S48,IF(AND(YEAR($H48)=$AH$5,MONTH($H48)<=AL$6),$S48,0)) -> 0 | AM48: =+IF(YEAR($H48)<$AH$5,$S48,IF(AND(YEAR($H48)=$AH$5,MONTH($H48)<=AM$6),$S48,0)) -> 0 | AN48: =+IF(YEAR($H48)<$AH$5,$S48,IF(AND(YEAR($H48)=$AH$5,MONTH($H48)<=AN$6),$S48,0)) -> 0 | AO48: =+IF(YEAR($H48)<$AH$5,$S48,IF(AND(YEAR($H48)=$AH$5,MONTH($H48)<=AO$6),$S48,0)) -> 0 | ... AS48: =+IF(YEAR($H48)<$AH$5,$S48,IF(AND(YEAR($H48)=$AH$5,MONTH($H48)<=AS$6),$S48,0)) -> 0 | AT48: =+SUM(AH48:AS48) -> 0 | AU48: 0 | AV48: =+IF(YEAR($H48)<$AV$5,$S48,IF(AND(YEAR($H48)=$AV$5,MONTH($H48)<=AV$6),$S48,0)) -> 0 | AW48: =+IF(YEAR($H48)<$AV$5,$S48,IF(AND(YEAR($H48)=$AV$5,MONTH($H48)<=AW$6),$S48,0)) -> 0 | AX48: =+IF(YEAR($H48)<$AV$5,$S48,IF(AND(YEAR($H48)=$AV$5,MONTH($H48)<=AX$6),$S48,0)) -> 0 | AY48: =+IF(YEAR($H48)<$AV$5,$S48,IF(AND(YEAR($H48)=$AV$5,MONTH($H48)<=AY$6),$S48,0)) -> 0 | AZ48: =+IF(YEAR($H48)<$AV$5,$S48,IF(AND(YEAR($H48)=$AV$5,MONTH($H48)<=AZ$6),$S48,0)) -> 0 | BA48: =+IF(YEAR($H48)<$AV$5,$S48,IF(AND(YEAR($H48)=$AV$5,MONTH($H48)<=BA$6),$S48,0)) -> 0 | BB48: =+IF(YEAR($H48)<$AV$5,$S48,IF(AND(YEAR($H48)=$AV$5,MONTH($H48)<=BB$6),$S48,0)) -> 0 | BC48: =+IF(YEAR($H48)<$AV$5,$S48,IF(AND(YEAR($H48)=$AV$5,MONTH($H48)<=BC$6),$S48,0)) -> 81701711 | ... BG48: =+IF(YEAR($H48)<$AV$5,$S48,IF(AND(YEAR($H48)=$AV$5,MONTH($H48)<=BG$6),$S48,0)) -> 81701711 | BH48: =+SUM(AV48:BG48) -> 4.0850856e+08 | BI48: =+R48-BH48 -> 2.4102005e+10 | BJ48: =+IF(YEAR($H48)<$BJ$5,$S48,IF(AND(YEAR($H48)=$BJ$5,MONTH($H48)<=BJ$6),$S48,0)) -> 81701711 | BK48: =+IF(YEAR($H48)<$BJ$5,$S48,IF(AND(YEAR($H48)=$BJ$5,MONTH($H48)<=BK$6),$S48,0)) -> 81701711 | BL48: =+IF(YEAR($H48)<$BJ$5,$S48,IF(AND(YEAR($H48)=$BJ$5,MONTH($H48)<=BL$6),$S48,0)) -> 81701711 | BM48: =+IF(YEAR($H48)<$BJ$5,$S48,IF(AND(YEAR($H48)=$BJ$5,MONTH($H48)<=BM$6),$S48,0)) -> 81701711 | BN48: =+IF(YEAR($H48)<$BJ$5,$S48,IF(AND(YEAR($H48)=$BJ$5,MONTH($H48)<=BN$6),$S48,0)) -> 81701711 | BO48: =+IF(YEAR($H48)<$BJ$5,$S48,IF(AND(YEAR($H48)=$BJ$5,MONTH($H48)<=BO$6),$S48,0)) -> 81701711 | BP48: =+IF(YEAR($H48)<$BJ$5,$S48,IF(AND(YEAR($H48)=$BJ$5,MONTH($H48)<=BP$6),$S48,0)) -> 81701711 | BQ48: =+IF(YEAR($H48)<$BJ$5,$S48,IF(AND(YEAR($H48)=$BJ$5,MONTH($H48)<=BQ$6),$S48,0)) -> 81701711 | ... BU48: =+IF(YEAR($H48)<$BJ$5,$S48,IF(AND(YEAR($H48)=$BJ$5,MONTH($H48)<=BU$6),$S48,0)) -> 81701711 | BV48: =+SUM(BJ48:BU48) -> 9.8042054e+08 | BW48: =+BI48-BV48 -> 2.3121584e+10 | BX48: =+$S48 -> 81701711 | BY48: =+$S48 -> 81701711 | BZ48: =+$S48 -> 81701711 | CA48: =+$S48 -> 81701711 | CB48: =+$S48 -> 81701711 | CC48: =+$S48 -> 81701711 | CD48: =+$S48 -> 81701711 | CE48: =+$S48 -> 81701711 | ... CI48: =+$S48 -> 81701711 | CJ48: =+SUM(BX48:CI48) -> 9.8042054e+08 | CK48: =+BW48-CJ48 -> 2.2141164e+10 | CL48: =+IF(YEAR($H48)<$CL$4,$S48,IF(AND(YEAR($H48)=$CL$4,MONTH($H48)<=CL$6),$S48,0)) -> 81701711 | CM48: =+IF(YEAR($H48)<$CL$4,$S48,IF(AND(YEAR($H48)=$CL$4,MONTH($H48)<=CM$6),$S48,0)) -> 81701711 | CN48: =+IF(YEAR($H48)<$CL$4,$S48,IF(AND(YEAR($H48)=$CL$4,MONTH($H48)<=CN$6),$S48,0)) -> 81701711 | CO48: =+IF(YEAR($H48)<$CL$4,$S48,IF(AND(YEAR($H48)=$CL$4,MONTH($H48)<=CO$6),$S48,0)) -> 81701711 | CP48: =+IF(YEAR($H48)<$CL$4,$S48,IF(AND(YEAR($H48)=$CL$4,MONTH($H48)<=CP$6),$S48,0)) -> 81701711 | CQ48: =+IF(YEAR($H48)<$CL$4,$S48,IF(AND(YEAR($H48)=$CL$4,MONTH($H48)<=CQ$6),$S48,0)) -> 81701711 | CR48: =+IF(YEAR($H48)<$CL$4,$S48,IF(AND(YEAR($H48)=$CL$4,MONTH($H48)<=CR$6),$S48,0)) -> 81701711 | CS48: =+IF(YEAR($H48)<$CL$4,$S48,IF(AND(YEAR($H48)=$CL$4,MONTH($H48)<=CS$6),$S48,0)) -> 81701711 | ... CW48: =+IF(YEAR($H48)<$CL$4,$S48,IF(AND(YEAR($H48)=$CL$4,MONTH($H48)<=CW$6),$S48,0)) -> 81701711 | CX48: =+SUM(CL48:CW48) -> 9.8042054e+08 | CY48: =+CK48-CX48 -> 2.1160743e+10
A49: 6274.4 | B49: Chung | D49: Z21110P | E49: 101000006 | F49: Nhà chứa hóa chất XLNT | G49: 44804 | H49: 44788 | I49: 60 | J49: 1001602000 | K49: Xưởng sản xuất PET | M49: =+LEFT(N49,4) -> 6274 | N49: 6274001901 | R49: 210559021 | S49: 3509317 | T49: =+IF(YEAR($H49)<$T$5,$S49,IF(AND(YEAR($H49)=$T$5,MONTH($H49)<=T$6),$S49,0)) -> 0 | U49: =+IF(YEAR($H49)<$T$5,$S49,IF(AND(YEAR($H49)=$T$5,MONTH($H49)<=U$6),$S49,0)) -> 0 | V49: =+IF(YEAR($H49)<$T$5,$S49,IF(AND(YEAR($H49)=$T$5,MONTH($H49)<=V$6),$S49,0)) -> 0 | W49: =+IF(YEAR($H49)<$T$5,$S49,IF(AND(YEAR($H49)=$T$5,MONTH($H49)<=W$6),$S49,0)) -> 0 | X49: =+IF(YEAR($H49)<$T$5,$S49,IF(AND(YEAR($H49)=$T$5,MONTH($H49)<=X$6),$S49,0)) -> 0 | Y49: =+IF(YEAR($H49)<$T$5,$S49,IF(AND(YEAR($H49)=$T$5,MONTH($H49)<=Y$6),$S49,0)) -> 0 | Z49: =+IF(YEAR($H49)<$T$5,$S49,IF(AND(YEAR($H49)=$T$5,MONTH($H49)<=Z$6),$S49,0)) -> 0 | AA49: =+IF(YEAR($H49)<$T$5,$S49,IF(AND(YEAR($H49)=$T$5,MONTH($H49)<=AA$6),$S49,0)) -> 0 | ... AE49: =+IF(YEAR($H49)<$T$5,$S49,IF(AND(YEAR($H49)=$T$5,MONTH($H49)<=AE$6),$S49,0)) -> 0 | AF49: =+SUM(T49:AE49) -> 0 | AG49: 0 | AH49: =+IF(YEAR($H49)<$AH$5,$S49,IF(AND(YEAR($H49)=$AH$5,MONTH($H49)<=AH$6),$S49,0)) -> 0 | AI49: =+IF(YEAR($H49)<$AH$5,$S49,IF(AND(YEAR($H49)=$AH$5,MONTH($H49)<=AI$6),$S49,0)) -> 0 | AJ49: =+IF(YEAR($H49)<$AH$5,$S49,IF(AND(YEAR($H49)=$AH$5,MONTH($H49)<=AJ$6),$S49,0)) -> 0 | AK49: =+IF(YEAR($H49)<$AH$5,$S49,IF(AND(YEAR($H49)=$AH$5,MONTH($H49)<=AK$6),$S49,0)) -> 0 | AL49: =+IF(YEAR($H49)<$AH$5,$S49,IF(AND(YEAR($H49)=$AH$5,MONTH($H49)<=AL$6),$S49,0)) -> 0 | AM49: =+IF(YEAR($H49)<$AH$5,$S49,IF(AND(YEAR($H49)=$AH$5,MONTH($H49)<=AM$6),$S49,0)) -> 0 | AN49: =+IF(YEAR($H49)<$AH$5,$S49,IF(AND(YEAR($H49)=$AH$5,MONTH($H49)<=AN$6),$S49,0)) -> 0 | AO49: =+IF(YEAR($H49)<$AH$5,$S49,IF(AND(YEAR($H49)=$AH$5,MONTH($H49)<=AO$6),$S49,0)) -> 0 | ... AS49: =+IF(YEAR($H49)<$AH$5,$S49,IF(AND(YEAR($H49)=$AH$5,MONTH($H49)<=AS$6),$S49,0)) -> 0 | AT49: =+SUM(AH49:AS49) -> 0 | AU49: 0 | AV49: =+IF(YEAR($H49)<$AV$5,$S49,IF(AND(YEAR($H49)=$AV$5,MONTH($H49)<=AV$6),$S49,0)) -> 0 | AW49: =+IF(YEAR($H49)<$AV$5,$S49,IF(AND(YEAR($H49)=$AV$5,MONTH($H49)<=AW$6),$S49,0)) -> 0 | AX49: =+IF(YEAR($H49)<$AV$5,$S49,IF(AND(YEAR($H49)=$AV$5,MONTH($H49)<=AX$6),$S49,0)) -> 0 | AY49: =+IF(YEAR($H49)<$AV$5,$S49,IF(AND(YEAR($H49)=$AV$5,MONTH($H49)<=AY$6),$S49,0)) -> 0 | AZ49: =+IF(YEAR($H49)<$AV$5,$S49,IF(AND(YEAR($H49)=$AV$5,MONTH($H49)<=AZ$6),$S49,0)) -> 0 | BA49: =+IF(YEAR($H49)<$AV$5,$S49,IF(AND(YEAR($H49)=$AV$5,MONTH($H49)<=BA$6),$S49,0)) -> 0 | BB49: =+IF(YEAR($H49)<$AV$5,$S49,IF(AND(YEAR($H49)=$AV$5,MONTH($H49)<=BB$6),$S49,0)) -> 0 | BC49: =+IF(YEAR($H49)<$AV$5,$S49,IF(AND(YEAR($H49)=$AV$5,MONTH($H49)<=BC$6),$S49,0)) -> 3509317 | ... BG49: =+IF(YEAR($H49)<$AV$5,$S49,IF(AND(YEAR($H49)=$AV$5,MONTH($H49)<=BG$6),$S49,0)) -> 3509317 | BH49: =+SUM(AV49:BG49) -> 17546585 | BI49: =+R49-BH49 -> 1.9301244e+08 | BJ49: =+IF(YEAR($H49)<$BJ$5,$S49,IF(AND(YEAR($H49)=$BJ$5,MONTH($H49)<=BJ$6),$S49,0)) -> 3509317 | BK49: =+IF(YEAR($H49)<$BJ$5,$S49,IF(AND(YEAR($H49)=$BJ$5,MONTH($H49)<=BK$6),$S49,0)) -> 3509317 | BL49: =+IF(YEAR($H49)<$BJ$5,$S49,IF(AND(YEAR($H49)=$BJ$5,MONTH($H49)<=BL$6),$S49,0)) -> 3509317 | BM49: =+IF(YEAR($H49)<$BJ$5,$S49,IF(AND(YEAR($H49)=$BJ$5,MONTH($H49)<=BM$6),$S49,0)) -> 3509317 | BN49: =+IF(YEAR($H49)<$BJ$5,$S49,IF(AND(YEAR($H49)=$BJ$5,MONTH($H49)<=BN$6),$S49,0)) -> 3509317 | BO49: =+IF(YEAR($H49)<$BJ$5,$S49,IF(AND(YEAR($H49)=$BJ$5,MONTH($H49)<=BO$6),$S49,0)) -> 3509317 | BP49: =+IF(YEAR($H49)<$BJ$5,$S49,IF(AND(YEAR($H49)=$BJ$5,MONTH($H49)<=BP$6),$S49,0)) -> 3509317 | BQ49: =+IF(YEAR($H49)<$BJ$5,$S49,IF(AND(YEAR($H49)=$BJ$5,MONTH($H49)<=BQ$6),$S49,0)) -> 3509317 | ... BU49: =+IF(YEAR($H49)<$BJ$5,$S49,IF(AND(YEAR($H49)=$BJ$5,MONTH($H49)<=BU$6),$S49,0)) -> 3509317 | BV49: =+SUM(BJ49:BU49) -> 42111804 | BW49: =+BI49-BV49 -> 1.5090063e+08 | BX49: =+$S49 -> 3509317 | BY49: =+$S49 -> 3509317 | BZ49: =+$S49 -> 3509317 | CA49: =+$S49 -> 3509317 | CB49: =+$S49 -> 3509317 | CC49: =+$S49 -> 3509317 | CD49: =+$S49 -> 3509317 | CE49: =+$S49 -> 3509317 | ... CI49: =+$S49 -> 3509317 | CJ49: =+SUM(BX49:CI49) -> 42111804 | CK49: =+BW49-CJ49 -> 1.0878883e+08 | CL49: =+IF(YEAR($H49)<$CL$4,$S49,IF(AND(YEAR($H49)=$CL$4,MONTH($H49)<=CL$6),$S49,0)) -> 3509317 | CM49: =+IF(YEAR($H49)<$CL$4,$S49,IF(AND(YEAR($H49)=$CL$4,MONTH($H49)<=CM$6),$S49,0)) -> 3509317 | CN49: =+IF(YEAR($H49)<$CL$4,$S49,IF(AND(YEAR($H49)=$CL$4,MONTH($H49)<=CN$6),$S49,0)) -> 3509317 | CO49: =+IF(YEAR($H49)<$CL$4,$S49,IF(AND(YEAR($H49)=$CL$4,MONTH($H49)<=CO$6),$S49,0)) -> 3509317 | CP49: =+IF(YEAR($H49)<$CL$4,$S49,IF(AND(YEAR($H49)=$CL$4,MONTH($H49)<=CP$6),$S49,0)) -> 3509317 | CQ49: =+IF(YEAR($H49)<$CL$4,$S49,IF(AND(YEAR($H49)=$CL$4,MONTH($H49)<=CQ$6),$S49,0)) -> 3509317 | CR49: =+IF(YEAR($H49)<$CL$4,$S49,IF(AND(YEAR($H49)=$CL$4,MONTH($H49)<=CR$6),$S49,0)) -> 3509317 | CS49: =+IF(YEAR($H49)<$CL$4,$S49,IF(AND(YEAR($H49)=$CL$4,MONTH($H49)<=CS$6),$S49,0)) -> 3509317 | ... CW49: =+IF(YEAR($H49)<$CL$4,$S49,IF(AND(YEAR($H49)=$CL$4,MONTH($H49)<=CW$6),$S49,0)) -> 3509317 | CX49: =+SUM(CL49:CW49) -> 42111804 | CY49: =+CK49-CX49 -> 66677023
A50: 6274.4 | B50: Chung | D50: Z21110P | E50: 101000007 | F50: Hạ tầng kỹ thuật xưởng F02 | G50: 44820 | H50: 44819 | I50: 72 | J50: 1001604000 | K50: Khối SX - Xưởng 2 | M50: =+LEFT(N50,4) -> 6274 | N50: 6274001901 | R50: 1701337836 | S50: 23629692 | T50: =+IF(YEAR($H50)<$T$5,$S50,IF(AND(YEAR($H50)=$T$5,MONTH($H50)<=T$6),$S50,0)) -> 0 | U50: =+IF(YEAR($H50)<$T$5,$S50,IF(AND(YEAR($H50)=$T$5,MONTH($H50)<=U$6),$S50,0)) -> 0 | V50: =+IF(YEAR($H50)<$T$5,$S50,IF(AND(YEAR($H50)=$T$5,MONTH($H50)<=V$6),$S50,0)) -> 0 | W50: =+IF(YEAR($H50)<$T$5,$S50,IF(AND(YEAR($H50)=$T$5,MONTH($H50)<=W$6),$S50,0)) -> 0 | X50: =+IF(YEAR($H50)<$T$5,$S50,IF(AND(YEAR($H50)=$T$5,MONTH($H50)<=X$6),$S50,0)) -> 0 | Y50: =+IF(YEAR($H50)<$T$5,$S50,IF(AND(YEAR($H50)=$T$5,MONTH($H50)<=Y$6),$S50,0)) -> 0 | Z50: =+IF(YEAR($H50)<$T$5,$S50,IF(AND(YEAR($H50)=$T$5,MONTH($H50)<=Z$6),$S50,0)) -> 0 | AA50: =+IF(YEAR($H50)<$T$5,$S50,IF(AND(YEAR($H50)=$T$5,MONTH($H50)<=AA$6),$S50,0)) -> 0 | ... AE50: =+IF(YEAR($H50)<$T$5,$S50,IF(AND(YEAR($H50)=$T$5,MONTH($H50)<=AE$6),$S50,0)) -> 0 | AF50: =+SUM(T50:AE50) -> 0 | AG50: 0 | AH50: =+IF(YEAR($H50)<$AH$5,$S50,IF(AND(YEAR($H50)=$AH$5,MONTH($H50)<=AH$6),$S50,0)) -> 0 | AI50: =+IF(YEAR($H50)<$AH$5,$S50,IF(AND(YEAR($H50)=$AH$5,MONTH($H50)<=AI$6),$S50,0)) -> 0 | AJ50: =+IF(YEAR($H50)<$AH$5,$S50,IF(AND(YEAR($H50)=$AH$5,MONTH($H50)<=AJ$6),$S50,0)) -> 0 | AK50: =+IF(YEAR($H50)<$AH$5,$S50,IF(AND(YEAR($H50)=$AH$5,MONTH($H50)<=AK$6),$S50,0)) -> 0 | AL50: =+IF(YEAR($H50)<$AH$5,$S50,IF(AND(YEAR($H50)=$AH$5,MONTH($H50)<=AL$6),$S50,0)) -> 0 | AM50: =+IF(YEAR($H50)<$AH$5,$S50,IF(AND(YEAR($H50)=$AH$5,MONTH($H50)<=AM$6),$S50,0)) -> 0 | AN50: =+IF(YEAR($H50)<$AH$5,$S50,IF(AND(YEAR($H50)=$AH$5,MONTH($H50)<=AN$6),$S50,0)) -> 0 | AO50: =+IF(YEAR($H50)<$AH$5,$S50,IF(AND(YEAR($H50)=$AH$5,MONTH($H50)<=AO$6),$S50,0)) -> 0 | ... AS50: =+IF(YEAR($H50)<$AH$5,$S50,IF(AND(YEAR($H50)=$AH$5,MONTH($H50)<=AS$6),$S50,0)) -> 0 | AT50: =+SUM(AH50:AS50) -> 0 | AU50: 0 | AV50: =+IF(YEAR($H50)<$AV$5,$S50,IF(AND(YEAR($H50)=$AV$5,MONTH($H50)<=AV$6),$S50,0)) -> 0 | AW50: =+IF(YEAR($H50)<$AV$5,$S50,IF(AND(YEAR($H50)=$AV$5,MONTH($H50)<=AW$6),$S50,0)) -> 0 | AX50: =+IF(YEAR($H50)<$AV$5,$S50,IF(AND(YEAR($H50)=$AV$5,MONTH($H50)<=AX$6),$S50,0)) -> 0 | AY50: =+IF(YEAR($H50)<$AV$5,$S50,IF(AND(YEAR($H50)=$AV$5,MONTH($H50)<=AY$6),$S50,0)) -> 0 | AZ50: =+IF(YEAR($H50)<$AV$5,$S50,IF(AND(YEAR($H50)=$AV$5,MONTH($H50)<=AZ$6),$S50,0)) -> 0 | BA50: =+IF(YEAR($H50)<$AV$5,$S50,IF(AND(YEAR($H50)=$AV$5,MONTH($H50)<=BA$6),$S50,0)) -> 0 | BB50: =+IF(YEAR($H50)<$AV$5,$S50,IF(AND(YEAR($H50)=$AV$5,MONTH($H50)<=BB$6),$S50,0)) -> 0 | BC50: =+IF(YEAR($H50)<$AV$5,$S50,IF(AND(YEAR($H50)=$AV$5,MONTH($H50)<=BC$6),$S50,0)) -> 0 | ... BG50: =+IF(YEAR($H50)<$AV$5,$S50,IF(AND(YEAR($H50)=$AV$5,MONTH($H50)<=BG$6),$S50,0)) -> 23629692 | BH50: =+SUM(AV50:BG50) -> 94518769 | BI50: =+R50-BH50 -> 1.6068191e+09 | BJ50: =+IF(YEAR($H50)<$BJ$5,$S50,IF(AND(YEAR($H50)=$BJ$5,MONTH($H50)<=BJ$6),$S50,0)) -> 23629692 | BK50: =+IF(YEAR($H50)<$BJ$5,$S50,IF(AND(YEAR($H50)=$BJ$5,MONTH($H50)<=BK$6),$S50,0)) -> 23629692 | BL50: =+IF(YEAR($H50)<$BJ$5,$S50,IF(AND(YEAR($H50)=$BJ$5,MONTH($H50)<=BL$6),$S50,0)) -> 23629692 | BM50: =+IF(YEAR($H50)<$BJ$5,$S50,IF(AND(YEAR($H50)=$BJ$5,MONTH($H50)<=BM$6),$S50,0)) -> 23629692 | BN50: =+IF(YEAR($H50)<$BJ$5,$S50,IF(AND(YEAR($H50)=$BJ$5,MONTH($H50)<=BN$6),$S50,0)) -> 23629692 | BO50: =+IF(YEAR($H50)<$BJ$5,$S50,IF(AND(YEAR($H50)=$BJ$5,MONTH($H50)<=BO$6),$S50,0)) -> 23629692 | BP50: =+IF(YEAR($H50)<$BJ$5,$S50,IF(AND(YEAR($H50)=$BJ$5,MONTH($H50)<=BP$6),$S50,0)) -> 23629692 | BQ50: =+IF(YEAR($H50)<$BJ$5,$S50,IF(AND(YEAR($H50)=$BJ$5,MONTH($H50)<=BQ$6),$S50,0)) -> 23629692 | ... BU50: =+IF(YEAR($H50)<$BJ$5,$S50,IF(AND(YEAR($H50)=$BJ$5,MONTH($H50)<=BU$6),$S50,0)) -> 23629692 | BV50: =+SUM(BJ50:BU50) -> 2.8355631e+08 | BW50: =+BI50-BV50 -> 1.3232628e+09 | BX50: =+$S50 -> 23629692 | BY50: =+$S50 -> 23629692 | BZ50: =+$S50 -> 23629692 | CA50: =+$S50 -> 23629692 | CB50: =+$S50 -> 23629692 | CC50: =+$S50 -> 23629692 | CD50: =+$S50 -> 23629692 | CE50: =+$S50 -> 23629692 | ... CI50: =+$S50 -> 23629692 | CJ50: =+SUM(BX50:CI50) -> 2.8355631e+08 | CK50: =+BW50-CJ50 -> 1.0397065e+09 | CL50: =+IF(YEAR($H50)<$CL$4,$S50,IF(AND(YEAR($H50)=$CL$4,MONTH($H50)<=CL$6),$S50,0)) -> 23629692 | CM50: =+IF(YEAR($H50)<$CL$4,$S50,IF(AND(YEAR($H50)=$CL$4,MONTH($H50)<=CM$6),$S50,0)) -> 23629692 | CN50: =+IF(YEAR($H50)<$CL$4,$S50,IF(AND(YEAR($H50)=$CL$4,MONTH($H50)<=CN$6),$S50,0)) -> 23629692 | CO50: =+IF(YEAR($H50)<$CL$4,$S50,IF(AND(YEAR($H50)=$CL$4,MONTH($H50)<=CO$6),$S50,0)) -> 23629692 | CP50: =+IF(YEAR($H50)<$CL$4,$S50,IF(AND(YEAR($H50)=$CL$4,MONTH($H50)<=CP$6),$S50,0)) -> 23629692 | CQ50: =+IF(YEAR($H50)<$CL$4,$S50,IF(AND(YEAR($H50)=$CL$4,MONTH($H50)<=CQ$6),$S50,0)) -> 23629692 | CR50: =+IF(YEAR($H50)<$CL$4,$S50,IF(AND(YEAR($H50)=$CL$4,MONTH($H50)<=CR$6),$S50,0)) -> 23629692 | CS50: =+IF(YEAR($H50)<$CL$4,$S50,IF(AND(YEAR($H50)=$CL$4,MONTH($H50)<=CS$6),$S50,0)) -> 23629692 | ... CW50: =+IF(YEAR($H50)<$CL$4,$S50,IF(AND(YEAR($H50)=$CL$4,MONTH($H50)<=CW$6),$S50,0)) -> 23629692 | CX50: =+SUM(CL50:CW50) -> 2.8355631e+08 | CY50: =+CK50-CX50 -> 7.5615015e+08
A51: 6274.4 | B51: Chung | D51: Z21110P | E51: 101000008 | F51: Nhà chứa vật tư | G51: 44833 | H51: 44835 | I51: 60 | J51: 1001602000 | K51: Xưởng sản xuất PET | M51: =+LEFT(N51,4) -> 6274 | N51: 6274001901 | R51: 111000050 | S51: 1850000.8 | T51: =+IF(YEAR($H51)<$T$5,$S51,IF(AND(YEAR($H51)=$T$5,MONTH($H51)<=T$6),$S51,0)) -> 0 | U51: =+IF(YEAR($H51)<$T$5,$S51,IF(AND(YEAR($H51)=$T$5,MONTH($H51)<=U$6),$S51,0)) -> 0 | V51: =+IF(YEAR($H51)<$T$5,$S51,IF(AND(YEAR($H51)=$T$5,MONTH($H51)<=V$6),$S51,0)) -> 0 | W51: =+IF(YEAR($H51)<$T$5,$S51,IF(AND(YEAR($H51)=$T$5,MONTH($H51)<=W$6),$S51,0)) -> 0 | X51: =+IF(YEAR($H51)<$T$5,$S51,IF(AND(YEAR($H51)=$T$5,MONTH($H51)<=X$6),$S51,0)) -> 0 | Y51: =+IF(YEAR($H51)<$T$5,$S51,IF(AND(YEAR($H51)=$T$5,MONTH($H51)<=Y$6),$S51,0)) -> 0 | Z51: =+IF(YEAR($H51)<$T$5,$S51,IF(AND(YEAR($H51)=$T$5,MONTH($H51)<=Z$6),$S51,0)) -> 0 | AA51: =+IF(YEAR($H51)<$T$5,$S51,IF(AND(YEAR($H51)=$T$5,MONTH($H51)<=AA$6),$S51,0)) -> 0 | ... AE51: =+IF(YEAR($H51)<$T$5,$S51,IF(AND(YEAR($H51)=$T$5,MONTH($H51)<=AE$6),$S51,0)) -> 0 | AF51: =+SUM(T51:AE51) -> 0 | AG51: 0 | AH51: =+IF(YEAR($H51)<$AH$5,$S51,IF(AND(YEAR($H51)=$AH$5,MONTH($H51)<=AH$6),$S51,0)) -> 0 | AI51: =+IF(YEAR($H51)<$AH$5,$S51,IF(AND(YEAR($H51)=$AH$5,MONTH($H51)<=AI$6),$S51,0)) -> 0 | AJ51: =+IF(YEAR($H51)<$AH$5,$S51,IF(AND(YEAR($H51)=$AH$5,MONTH($H51)<=AJ$6),$S51,0)) -> 0 | AK51: =+IF(YEAR($H51)<$AH$5,$S51,IF(AND(YEAR($H51)=$AH$5,MONTH($H51)<=AK$6),$S51,0)) -> 0 | AL51: =+IF(YEAR($H51)<$AH$5,$S51,IF(AND(YEAR($H51)=$AH$5,MONTH($H51)<=AL$6),$S51,0)) -> 0 | AM51: =+IF(YEAR($H51)<$AH$5,$S51,IF(AND(YEAR($H51)=$AH$5,MONTH($H51)<=AM$6),$S51,0)) -> 0 | AN51: =+IF(YEAR($H51)<$AH$5,$S51,IF(AND(YEAR($H51)=$AH$5,MONTH($H51)<=AN$6),$S51,0)) -> 0 | AO51: =+IF(YEAR($H51)<$AH$5,$S51,IF(AND(YEAR($H51)=$AH$5,MONTH($H51)<=AO$6),$S51,0)) -> 0 | ... AS51: =+IF(YEAR($H51)<$AH$5,$S51,IF(AND(YEAR($H51)=$AH$5,MONTH($H51)<=AS$6),$S51,0)) -> 0 | AT51: =+SUM(AH51:AS51) -> 0 | AU51: 0 | AV51: =+IF(YEAR($H51)<$AV$5,$S51,IF(AND(YEAR($H51)=$AV$5,MONTH($H51)<=AV$6),$S51,0)) -> 0 | AW51: =+IF(YEAR($H51)<$AV$5,$S51,IF(AND(YEAR($H51)=$AV$5,MONTH($H51)<=AW$6),$S51,0)) -> 0 | AX51: =+IF(YEAR($H51)<$AV$5,$S51,IF(AND(YEAR($H51)=$AV$5,MONTH($H51)<=AX$6),$S51,0)) -> 0 | AY51: =+IF(YEAR($H51)<$AV$5,$S51,IF(AND(YEAR($H51)=$AV$5,MONTH($H51)<=AY$6),$S51,0)) -> 0 | AZ51: =+IF(YEAR($H51)<$AV$5,$S51,IF(AND(YEAR($H51)=$AV$5,MONTH($H51)<=AZ$6),$S51,0)) -> 0 | BA51: =+IF(YEAR($H51)<$AV$5,$S51,IF(AND(YEAR($H51)=$AV$5,MONTH($H51)<=BA$6),$S51,0)) -> 0 | BB51: =+IF(YEAR($H51)<$AV$5,$S51,IF(AND(YEAR($H51)=$AV$5,MONTH($H51)<=BB$6),$S51,0)) -> 0 | BC51: =+IF(YEAR($H51)<$AV$5,$S51,IF(AND(YEAR($H51)=$AV$5,MONTH($H51)<=BC$6),$S51,0)) -> 0 | ... BG51: =+IF(YEAR($H51)<$AV$5,$S51,IF(AND(YEAR($H51)=$AV$5,MONTH($H51)<=BG$6),$S51,0)) -> 1850000.8 | BH51: =+SUM(AV51:BG51) -> 5550002.5 | BI51: =+R51-BH51 -> 1.0545005e+08 | BJ51: =+IF(YEAR($H51)<$BJ$5,$S51,IF(AND(YEAR($H51)=$BJ$5,MONTH($H51)<=BJ$6),$S51,0)) -> 1850000.8 | BK51: =+IF(YEAR($H51)<$BJ$5,$S51,IF(AND(YEAR($H51)=$BJ$5,MONTH($H51)<=BK$6),$S51,0)) -> 1850000.8 | BL51: =+IF(YEAR($H51)<$BJ$5,$S51,IF(AND(YEAR($H51)=$BJ$5,MONTH($H51)<=BL$6),$S51,0)) -> 1850000.8 | BM51: =+IF(YEAR($H51)<$BJ$5,$S51,IF(AND(YEAR($H51)=$BJ$5,MONTH($H51)<=BM$6),$S51,0)) -> 1850000.8 | BN51: =+IF(YEAR($H51)<$BJ$5,$S51,IF(AND(YEAR($H51)=$BJ$5,MONTH($H51)<=BN$6),$S51,0)) -> 1850000.8 | BO51: =+IF(YEAR($H51)<$BJ$5,$S51,IF(AND(YEAR($H51)=$BJ$5,MONTH($H51)<=BO$6),$S51,0)) -> 1850000.8 | BP51: =+IF(YEAR($H51)<$BJ$5,$S51,IF(AND(YEAR($H51)=$BJ$5,MONTH($H51)<=BP$6),$S51,0)) -> 1850000.8 | BQ51: =+IF(YEAR($H51)<$BJ$5,$S51,IF(AND(YEAR($H51)=$BJ$5,MONTH($H51)<=BQ$6),$S51,0)) -> 1850000.8 | ... BU51: =+IF(YEAR($H51)<$BJ$5,$S51,IF(AND(YEAR($H51)=$BJ$5,MONTH($H51)<=BU$6),$S51,0)) -> 1850000.8 | BV51: =+SUM(BJ51:BU51) -> 22200010 | BW51: =+BI51-BV51 -> 83250038 | BX51: =+$S51 -> 1850000.8 | BY51: =+$S51 -> 1850000.8 | BZ51: =+$S51 -> 1850000.8 | CA51: =+$S51 -> 1850000.8 | CB51: =+$S51 -> 1850000.8 | CC51: =+$S51 -> 1850000.8 | CD51: =+$S51 -> 1850000.8 | CE51: =+$S51 -> 1850000.8 | ... CI51: =+$S51 -> 1850000.8 | CJ51: =+SUM(BX51:CI51) -> 22200010 | CK51: =+BW51-CJ51 -> 61050028 | CL51: =+IF(YEAR($H51)<$CL$4,$S51,IF(AND(YEAR($H51)=$CL$4,MONTH($H51)<=CL$6),$S51,0)) -> 1850000.8 | CM51: =+IF(YEAR($H51)<$CL$4,$S51,IF(AND(YEAR($H51)=$CL$4,MONTH($H51)<=CM$6),$S51,0)) -> 1850000.8 | CN51: =+IF(YEAR($H51)<$CL$4,$S51,IF(AND(YEAR($H51)=$CL$4,MONTH($H51)<=CN$6),$S51,0)) -> 1850000.8 | CO51: =+IF(YEAR($H51)<$CL$4,$S51,IF(AND(YEAR($H51)=$CL$4,MONTH($H51)<=CO$6),$S51,0)) -> 1850000.8 | CP51: =+IF(YEAR($H51)<$CL$4,$S51,IF(AND(YEAR($H51)=$CL$4,MONTH($H51)<=CP$6),$S51,0)) -> 1850000.8 | CQ51: =+IF(YEAR($H51)<$CL$4,$S51,IF(AND(YEAR($H51)=$CL$4,MONTH($H51)<=CQ$6),$S51,0)) -> 1850000.8 | CR51: =+IF(YEAR($H51)<$CL$4,$S51,IF(AND(YEAR($H51)=$CL$4,MONTH($H51)<=CR$6),$S51,0)) -> 1850000.8 | CS51: =+IF(YEAR($H51)<$CL$4,$S51,IF(AND(YEAR($H51)=$CL$4,MONTH($H51)<=CS$6),$S51,0)) -> 1850000.8 | ... CW51: =+IF(YEAR($H51)<$CL$4,$S51,IF(AND(YEAR($H51)=$CL$4,MONTH($H51)<=CW$6),$S51,0)) -> 1850000.8 | CX51: =+SUM(CL51:CW51) -> 22200010 | CY51: =+CK51-CX51 -> 38850018
A52: 6274.4 | B52: Chung | D52: Z21110P | E52: 101000009 | F52: San lắp cát nền chứa nguyên liệu | G52: 44833 | H52: 44835 | I52: 96 | J52: 1001602000 | K52: Xưởng sản xuất PET | M52: =+LEFT(N52,4) -> 6274 | N52: 6274001901 | R52: 3739738080 | S52: 38955605 | T52: =+IF(YEAR($H52)<$T$5,$S52,IF(AND(YEAR($H52)=$T$5,MONTH($H52)<=T$6),$S52,0)) -> 0 | U52: =+IF(YEAR($H52)<$T$5,$S52,IF(AND(YEAR($H52)=$T$5,MONTH($H52)<=U$6),$S52,0)) -> 0 | V52: =+IF(YEAR($H52)<$T$5,$S52,IF(AND(YEAR($H52)=$T$5,MONTH($H52)<=V$6),$S52,0)) -> 0 | W52: =+IF(YEAR($H52)<$T$5,$S52,IF(AND(YEAR($H52)=$T$5,MONTH($H52)<=W$6),$S52,0)) -> 0 | X52: =+IF(YEAR($H52)<$T$5,$S52,IF(AND(YEAR($H52)=$T$5,MONTH($H52)<=X$6),$S52,0)) -> 0 | Y52: =+IF(YEAR($H52)<$T$5,$S52,IF(AND(YEAR($H52)=$T$5,MONTH($H52)<=Y$6),$S52,0)) -> 0 | Z52: =+IF(YEAR($H52)<$T$5,$S52,IF(AND(YEAR($H52)=$T$5,MONTH($H52)<=Z$6),$S52,0)) -> 0 | AA52: =+IF(YEAR($H52)<$T$5,$S52,IF(AND(YEAR($H52)=$T$5,MONTH($H52)<=AA$6),$S52,0)) -> 0 | ... AE52: =+IF(YEAR($H52)<$T$5,$S52,IF(AND(YEAR($H52)=$T$5,MONTH($H52)<=AE$6),$S52,0)) -> 0 | AF52: =+SUM(T52:AE52) -> 0 | AG52: 0 | AH52: =+IF(YEAR($H52)<$AH$5,$S52,IF(AND(YEAR($H52)=$AH$5,MONTH($H52)<=AH$6),$S52,0)) -> 0 | AI52: =+IF(YEAR($H52)<$AH$5,$S52,IF(AND(YEAR($H52)=$AH$5,MONTH($H52)<=AI$6),$S52,0)) -> 0 | AJ52: =+IF(YEAR($H52)<$AH$5,$S52,IF(AND(YEAR($H52)=$AH$5,MONTH($H52)<=AJ$6),$S52,0)) -> 0 | AK52: =+IF(YEAR($H52)<$AH$5,$S52,IF(AND(YEAR($H52)=$AH$5,MONTH($H52)<=AK$6),$S52,0)) -> 0 | AL52: =+IF(YEAR($H52)<$AH$5,$S52,IF(AND(YEAR($H52)=$AH$5,MONTH($H52)<=AL$6),$S52,0)) -> 0 | AM52: =+IF(YEAR($H52)<$AH$5,$S52,IF(AND(YEAR($H52)=$AH$5,MONTH($H52)<=AM$6),$S52,0)) -> 0 | AN52: =+IF(YEAR($H52)<$AH$5,$S52,IF(AND(YEAR($H52)=$AH$5,MONTH($H52)<=AN$6),$S52,0)) -> 0 | AO52: =+IF(YEAR($H52)<$AH$5,$S52,IF(AND(YEAR($H52)=$AH$5,MONTH($H52)<=AO$6),$S52,0)) -> 0 | ... AS52: =+IF(YEAR($H52)<$AH$5,$S52,IF(AND(YEAR($H52)=$AH$5,MONTH($H52)<=AS$6),$S52,0)) -> 0 | AT52: =+SUM(AH52:AS52) -> 0 | AU52: 0 | AV52: =+IF(YEAR($H52)<$AV$5,$S52,IF(AND(YEAR($H52)=$AV$5,MONTH($H52)<=AV$6),$S52,0)) -> 0 | AW52: =+IF(YEAR($H52)<$AV$5,$S52,IF(AND(YEAR($H52)=$AV$5,MONTH($H52)<=AW$6),$S52,0)) -> 0 | AX52: =+IF(YEAR($H52)<$AV$5,$S52,IF(AND(YEAR($H52)=$AV$5,MONTH($H52)<=AX$6),$S52,0)) -> 0 | AY52: =+IF(YEAR($H52)<$AV$5,$S52,IF(AND(YEAR($H52)=$AV$5,MONTH($H52)<=AY$6),$S52,0)) -> 0 | AZ52: =+IF(YEAR($H52)<$AV$5,$S52,IF(AND(YEAR($H52)=$AV$5,MONTH($H52)<=AZ$6),$S52,0)) -> 0 | BA52: =+IF(YEAR($H52)<$AV$5,$S52,IF(AND(YEAR($H52)=$AV$5,MONTH($H52)<=BA$6),$S52,0)) -> 0 | BB52: =+IF(YEAR($H52)<$AV$5,$S52,IF(AND(YEAR($H52)=$AV$5,MONTH($H52)<=BB$6),$S52,0)) -> 0 | BC52: =+IF(YEAR($H52)<$AV$5,$S52,IF(AND(YEAR($H52)=$AV$5,MONTH($H52)<=BC$6),$S52,0)) -> 0 | ... BG52: =+IF(YEAR($H52)<$AV$5,$S52,IF(AND(YEAR($H52)=$AV$5,MONTH($H52)<=BG$6),$S52,0)) -> 38955605 | BH52: =+SUM(AV52:BG52) -> 116866815 | BI52: =+R52-BH52 -> 3622871265 | BJ52: =+IF(YEAR($H52)<$BJ$5,$S52,IF(AND(YEAR($H52)=$BJ$5,MONTH($H52)<=BJ$6),$S52,0)) -> 38955605 | BK52: =+IF(YEAR($H52)<$BJ$5,$S52,IF(AND(YEAR($H52)=$BJ$5,MONTH($H52)<=BK$6),$S52,0)) -> 38955605 | BL52: =+IF(YEAR($H52)<$BJ$5,$S52,IF(AND(YEAR($H52)=$BJ$5,MONTH($H52)<=BL$6),$S52,0)) -> 38955605 | BM52: =+IF(YEAR($H52)<$BJ$5,$S52,IF(AND(YEAR($H52)=$BJ$5,MONTH($H52)<=BM$6),$S52,0)) -> 38955605 | BN52: =+IF(YEAR($H52)<$BJ$5,$S52,IF(AND(YEAR($H52)=$BJ$5,MONTH($H52)<=BN$6),$S52,0)) -> 38955605 | BO52: =+IF(YEAR($H52)<$BJ$5,$S52,IF(AND(YEAR($H52)=$BJ$5,MONTH($H52)<=BO$6),$S52,0)) -> 38955605 | BP52: =+IF(YEAR($H52)<$BJ$5,$S52,IF(AND(YEAR($H52)=$BJ$5,MONTH($H52)<=BP$6),$S52,0)) -> 38955605 | BQ52: =+IF(YEAR($H52)<$BJ$5,$S52,IF(AND(YEAR($H52)=$BJ$5,MONTH($H52)<=BQ$6),$S52,0)) -> 38955605 | ... BU52: =+IF(YEAR($H52)<$BJ$5,$S52,IF(AND(YEAR($H52)=$BJ$5,MONTH($H52)<=BU$6),$S52,0)) -> 38955605 | BV52: =+SUM(BJ52:BU52) -> 467467260 | BW52: =+BI52-BV52 -> 3155404005 | BX52: =+$S52 -> 38955605 | BY52: =+$S52 -> 38955605 | BZ52: =+$S52 -> 38955605 | CA52: =+$S52 -> 38955605 | CB52: =+$S52 -> 38955605 | CC52: =+$S52 -> 38955605 | CD52: =+$S52 -> 38955605 | CE52: =+$S52 -> 38955605 | ... CI52: =+$S52 -> 38955605 | CJ52: =+SUM(BX52:CI52) -> 467467260 | CK52: =+BW52-CJ52 -> 2687936745 | CL52: =+IF(YEAR($H52)<$CL$4,$S52,IF(AND(YEAR($H52)=$CL$4,MONTH($H52)<=CL$6),$S52,0)) -> 38955605 | CM52: =+IF(YEAR($H52)<$CL$4,$S52,IF(AND(YEAR($H52)=$CL$4,MONTH($H52)<=CM$6),$S52,0)) -> 38955605 | CN52: =+IF(YEAR($H52)<$CL$4,$S52,IF(AND(YEAR($H52)=$CL$4,MONTH($H52)<=CN$6),$S52,0)) -> 38955605 | CO52: =+IF(YEAR($H52)<$CL$4,$S52,IF(AND(YEAR($H52)=$CL$4,MONTH($H52)<=CO$6),$S52,0)) -> 38955605 | CP52: =+IF(YEAR($H52)<$CL$4,$S52,IF(AND(YEAR($H52)=$CL$4,MONTH($H52)<=CP$6),$S52,0)) -> 38955605 | CQ52: =+IF(YEAR($H52)<$CL$4,$S52,IF(AND(YEAR($H52)=$CL$4,MONTH($H52)<=CQ$6),$S52,0)) -> 38955605 | CR52: =+IF(YEAR($H52)<$CL$4,$S52,IF(AND(YEAR($H52)=$CL$4,MONTH($H52)<=CR$6),$S52,0)) -> 38955605 | CS52: =+IF(YEAR($H52)<$CL$4,$S52,IF(AND(YEAR($H52)=$CL$4,MONTH($H52)<=CS$6),$S52,0)) -> 38955605 | ... CW52: =+IF(YEAR($H52)<$CL$4,$S52,IF(AND(YEAR($H52)=$CL$4,MONTH($H52)<=CW$6),$S52,0)) -> 38955605 | CX52: =+SUM(CL52:CW52) -> 467467260 | CY52: =+CK52-CX52 -> 2220469485
A53: 6274.4 | B53: Chung | D53: Z21110P | E53: 101000010 | F53: Kho bao bì xưởng F04 | G53: 44866 | H53: 44866 | I53: 36 | J53: 1001602000 | K53: Xưởng sản xuất PET | M53: =+LEFT(N53,4) -> 6274 | N53: 6274001901 | R53: 83293056 | S53: 2313696 | T53: =+IF(YEAR($H53)<$T$5,$S53,IF(AND(YEAR($H53)=$T$5,MONTH($H53)<=T$6),$S53,0)) -> 0 | U53: =+IF(YEAR($H53)<$T$5,$S53,IF(AND(YEAR($H53)=$T$5,MONTH($H53)<=U$6),$S53,0)) -> 0 | V53: =+IF(YEAR($H53)<$T$5,$S53,IF(AND(YEAR($H53)=$T$5,MONTH($H53)<=V$6),$S53,0)) -> 0 | W53: =+IF(YEAR($H53)<$T$5,$S53,IF(AND(YEAR($H53)=$T$5,MONTH($H53)<=W$6),$S53,0)) -> 0 | X53: =+IF(YEAR($H53)<$T$5,$S53,IF(AND(YEAR($H53)=$T$5,MONTH($H53)<=X$6),$S53,0)) -> 0 | Y53: =+IF(YEAR($H53)<$T$5,$S53,IF(AND(YEAR($H53)=$T$5,MONTH($H53)<=Y$6),$S53,0)) -> 0 | Z53: =+IF(YEAR($H53)<$T$5,$S53,IF(AND(YEAR($H53)=$T$5,MONTH($H53)<=Z$6),$S53,0)) -> 0 | AA53: =+IF(YEAR($H53)<$T$5,$S53,IF(AND(YEAR($H53)=$T$5,MONTH($H53)<=AA$6),$S53,0)) -> 0 | ... AE53: =+IF(YEAR($H53)<$T$5,$S53,IF(AND(YEAR($H53)=$T$5,MONTH($H53)<=AE$6),$S53,0)) -> 0 | AF53: =+SUM(T53:AE53) -> 0 | AG53: 0 | AH53: =+IF(YEAR($H53)<$AH$5,$S53,IF(AND(YEAR($H53)=$AH$5,MONTH($H53)<=AH$6),$S53,0)) -> 0 | AI53: =+IF(YEAR($H53)<$AH$5,$S53,IF(AND(YEAR($H53)=$AH$5,MONTH($H53)<=AI$6),$S53,0)) -> 0 | AJ53: =+IF(YEAR($H53)<$AH$5,$S53,IF(AND(YEAR($H53)=$AH$5,MONTH($H53)<=AJ$6),$S53,0)) -> 0 | AK53: =+IF(YEAR($H53)<$AH$5,$S53,IF(AND(YEAR($H53)=$AH$5,MONTH($H53)<=AK$6),$S53,0)) -> 0 | AL53: =+IF(YEAR($H53)<$AH$5,$S53,IF(AND(YEAR($H53)=$AH$5,MONTH($H53)<=AL$6),$S53,0)) -> 0 | AM53: =+IF(YEAR($H53)<$AH$5,$S53,IF(AND(YEAR($H53)=$AH$5,MONTH($H53)<=AM$6),$S53,0)) -> 0 | AN53: =+IF(YEAR($H53)<$AH$5,$S53,IF(AND(YEAR($H53)=$AH$5,MONTH($H53)<=AN$6),$S53,0)) -> 0 | AO53: =+IF(YEAR($H53)<$AH$5,$S53,IF(AND(YEAR($H53)=$AH$5,MONTH($H53)<=AO$6),$S53,0)) -> 0 | ... AS53: =+IF(YEAR($H53)<$AH$5,$S53,IF(AND(YEAR($H53)=$AH$5,MONTH($H53)<=AS$6),$S53,0)) -> 0 | AT53: =+SUM(AH53:AS53) -> 0 | AU53: 0 | AV53: =+IF(YEAR($H53)<$AV$5,$S53,IF(AND(YEAR($H53)=$AV$5,MONTH($H53)<=AV$6),$S53,0)) -> 0 | AW53: =+IF(YEAR($H53)<$AV$5,$S53,IF(AND(YEAR($H53)=$AV$5,MONTH($H53)<=AW$6),$S53,0)) -> 0 | AX53: =+IF(YEAR($H53)<$AV$5,$S53,IF(AND(YEAR($H53)=$AV$5,MONTH($H53)<=AX$6),$S53,0)) -> 0 | AY53: =+IF(YEAR($H53)<$AV$5,$S53,IF(AND(YEAR($H53)=$AV$5,MONTH($H53)<=AY$6),$S53,0)) -> 0 | AZ53: =+IF(YEAR($H53)<$AV$5,$S53,IF(AND(YEAR($H53)=$AV$5,MONTH($H53)<=AZ$6),$S53,0)) -> 0 | BA53: =+IF(YEAR($H53)<$AV$5,$S53,IF(AND(YEAR($H53)=$AV$5,MONTH($H53)<=BA$6),$S53,0)) -> 0 | BB53: =+IF(YEAR($H53)<$AV$5,$S53,IF(AND(YEAR($H53)=$AV$5,MONTH($H53)<=BB$6),$S53,0)) -> 0 | BC53: =+IF(YEAR($H53)<$AV$5,$S53,IF(AND(YEAR($H53)=$AV$5,MONTH($H53)<=BC$6),$S53,0)) -> 0 | ... BG53: =+IF(YEAR($H53)<$AV$5,$S53,IF(AND(YEAR($H53)=$AV$5,MONTH($H53)<=BG$6),$S53,0)) -> 2313696 | BH53: =+SUM(AV53:BG53) -> 4627392 | BI53: =+R53-BH53 -> 78665664 | BJ53: =+IF(YEAR($H53)<$BJ$5,$S53,IF(AND(YEAR($H53)=$BJ$5,MONTH($H53)<=BJ$6),$S53,0)) -> 2313696 | BK53: =+IF(YEAR($H53)<$BJ$5,$S53,IF(AND(YEAR($H53)=$BJ$5,MONTH($H53)<=BK$6),$S53,0)) -> 2313696 | BL53: =+IF(YEAR($H53)<$BJ$5,$S53,IF(AND(YEAR($H53)=$BJ$5,MONTH($H53)<=BL$6),$S53,0)) -> 2313696 | BM53: =+IF(YEAR($H53)<$BJ$5,$S53,IF(AND(YEAR($H53)=$BJ$5,MONTH($H53)<=BM$6),$S53,0)) -> 2313696 | BN53: =+IF(YEAR($H53)<$BJ$5,$S53,IF(AND(YEAR($H53)=$BJ$5,MONTH($H53)<=BN$6),$S53,0)) -> 2313696 | BO53: =+IF(YEAR($H53)<$BJ$5,$S53,IF(AND(YEAR($H53)=$BJ$5,MONTH($H53)<=BO$6),$S53,0)) -> 2313696 | BP53: =+IF(YEAR($H53)<$BJ$5,$S53,IF(AND(YEAR($H53)=$BJ$5,MONTH($H53)<=BP$6),$S53,0)) -> 2313696 | BQ53: =+IF(YEAR($H53)<$BJ$5,$S53,IF(AND(YEAR($H53)=$BJ$5,MONTH($H53)<=BQ$6),$S53,0)) -> 2313696 | ... BU53: =+IF(YEAR($H53)<$BJ$5,$S53,IF(AND(YEAR($H53)=$BJ$5,MONTH($H53)<=BU$6),$S53,0)) -> 2313696 | BV53: =+SUM(BJ53:BU53) -> 27764352 | BW53: =+BI53-BV53 -> 50901312 | BX53: =+$S53 -> 2313696 | BY53: =+$S53 -> 2313696 | BZ53: =+$S53 -> 2313696 | CA53: =+$S53 -> 2313696 | CB53: =+$S53 -> 2313696 | CC53: =+$S53 -> 2313696 | CD53: =+$S53 -> 2313696 | CE53: =+$S53 -> 2313696 | ... CI53: =+$S53 -> 2313696 | CJ53: =+SUM(BX53:CI53) -> 27764352 | CK53: =+BW53-CJ53 -> 23136960 | CL53: =+IF(YEAR($H53)<$CL$4,$S53,IF(AND(YEAR($H53)=$CL$4,MONTH($H53)<=CL$6),$S53,0)) -> 2313696 | CM53: =+IF(YEAR($H53)<$CL$4,$S53,IF(AND(YEAR($H53)=$CL$4,MONTH($H53)<=CM$6),$S53,0)) -> 2313696 | CN53: =+IF(YEAR($H53)<$CL$4,$S53,IF(AND(YEAR($H53)=$CL$4,MONTH($H53)<=CN$6),$S53,0)) -> 2313696 | CO53: =+IF(YEAR($H53)<$CL$4,$S53,IF(AND(YEAR($H53)=$CL$4,MONTH($H53)<=CO$6),$S53,0)) -> 2313696 | CP53: =+IF(YEAR($H53)<$CL$4,$S53,IF(AND(YEAR($H53)=$CL$4,MONTH($H53)<=CP$6),$S53,0)) -> 2313696 | CQ53: =+IF(YEAR($H53)<$CL$4,$S53,IF(AND(YEAR($H53)=$CL$4,MONTH($H53)<=CQ$6),$S53,0)) -> 2313696 | CR53: =+IF(YEAR($H53)<$CL$4,$S53,IF(AND(YEAR($H53)=$CL$4,MONTH($H53)<=CR$6),$S53,0)) -> 2313696 | CS53: =+IF(YEAR($H53)<$CL$4,$S53,IF(AND(YEAR($H53)=$CL$4,MONTH($H53)<=CS$6),$S53,0)) -> 2313696 | ... CU53: =+IF(YEAR($H53)<$CL$4,$S53,IF(AND(YEAR($H53)=$CL$4,MONTH($H53)<=CU$6),$S53,0)) -> 2313696 | CX53: =+SUM(CL53:CW53) -> 23136960 | CY53: =+CK53-CX53 -> 0
