Workbook
Name __accountcodevg__X: #REF!
Name __disaccountcode1__X: #REF!
Name __disaccountcode2__X: #REF!
Name __disaccountcode3__X: #REF!
Name __lookup1__X: #REF!
Name __lookup2__X: #REF!
Name __params__: #REF!
Name thang10: #REF!
Name thang12: #REF!

Sheet 00. DM
C1: DANH MỤC
A3: STT | C3: Tên sheet | D3: Cập nhật | E3: Ghi chú
A4: 1 | B4: Data>> | C4: 01. CP Nhân sự | D4: Diễm
A5: 2 | C5: 02. ĐỊNH BIÊN | D5: Diễm
A6: 3
A7: 4 | B7: Báo cáo >> | C7: 03. Chart | D7: Tự động cập nhật
A8: 5 | C8: 04. CP nhân sự thuê ngoài | D8: Diễm
A9: 6 | C9: 05. Giờ công | D9: Diễm
A10: 7 | C10: 06. Chart giờ công | D10: Tự động cập nhật
C11: Chart nghỉ việc | D11: Tự động cập nhật

Sheet Data>> 2025
N1: =SUBTOTAL(9,N3:N9980) -> 173250515310
B2: Bộ phận | C2: KM | D2: Posting Date | E2: Document Number | F2: Cost Element | G2: Cost element name | H2: Cost Center | I2: CO object name | J2: Name | K2: Document Header Text | L2: Period | M2: Fiscal Year | N2: Val/COArea Crcy | O2: Ref Document Number | P2: Reversal document | Q2: User Name | R2: Material | S2: Material Description | T2: Total quantity
B3: Ban Giám Đốc | C3: Lương Chính +T13 | D3: 45716 | E3: 1013535130 | F3: 6421002604 | G3: CP lương chính-Gián | H3: 1001101000 | I3: Ban giám đốc | J3: CHI PHÍ LƯƠNG THÁNG 02.2025 | K3: CP LƯƠNG T2.2025 | L3: 2 | M3: 2025 | N3: 1178412592 | O3: 5100001271 | Q3: CUC.NT | T3: 0
B4: Ban Giám Đốc | C4: Lương Chính +T13 | D4: 45716 | E4: 1013535130 | F4: 6421002605 | G4: CP Lương tháng 13, P | H4: 1001101000 | I4: Ban giám đốc | J4: CHI PHÍ LƯƠNG THÁNG 02.2025 | K4: CP LƯƠNG T2.2025 | L4: 2 | M4: 2025 | N4: 10777046 | O4: 5100001271 | Q4: CUC.NT | T4: 0
B5: Ban Giám Đốc | C5: Lương Chính +T13 | D5: 45716 | E5: 1013535132 | F5: 6421002605 | G5: CP Lương tháng 13, P | H5: 1001101000 | I5: Ban giám đốc | J5: TRÍCH LƯƠNG T13, PHÉP NĂM T02.2025 | K5: CP LƯƠNG T2.2025 | L5: 2 | M5: 2025 | N5: 93775083 | O5: 5100001273 | Q5: CUC.NT | T5: 0
B6: Ban Giám Đốc | C6: Thưởng | D6: 45716 | E6: 1013535130 | F6: 6421002802 | G6: Chi phí Khen thưởng | H6: 1001101000 | I6: Ban giám đốc | J6: CHI PHÍ LƯƠNG THÁNG 02.2025 | K6: CP LƯƠNG T2.2025 | L6: 2 | M6: 2025 | N6: 9720000 | O6: 5100001271 | Q6: CUC.NT | T6: 0
B7: Ban Giám Đốc | C7: Thưởng | D7: 45716 | E7: 1013535132 | F7: 6421002806 | G7: Thưởng danh hiệu | H7: 1001101000 | I7: Ban giám đốc | J7: TRÍCH DANH HIỆU T02.2025 | K7: CP LƯƠNG T2.2025 | L7: 2 | M7: 2025 | N7: 86272326 | O7: 5100001273 | Q7: CUC.NT | T7: 0
B8: Ban Giám Đốc | C8: BHXH, BHYT, KPCĐ | D8: 45716 | E8: 1013535131 | F8: 6421003401 | G8: BHXH, BHYT, KPCĐ, BH | H8: 1001101000 | I8: Ban giám đốc | J8: BHXH,BHYT,KPCĐ,BHTN T2.25 | K8: CP LƯƠNG T2.2025 | L8: 2 | M8: 2025 | N8: 112158010 | O8: 5100001272 | Q8: CUC.NT | T8: 0
B9: Hành Chánh Nhân Sự | C9: Khen thưởng BD khác | D9: 45694 | E9: 1013521257 | F9: 6421007202 | G9: Khen thưởng BD khác | H9: 1001202000 | I9: Hành chánh nhân sự | J9: Khen thưởng ý tưởng cải tiến T9+10.2024 - H.T.Nhâm | K9: CP khen thưởng ý tưởng | L9: 2 | M9: 2025 | N9: 400000 | O9: 5100000759 | Q9: NHI.NHN | T9: 0
B10: Hành Chánh Nhân Sự | C10: Khen thưởng BD khác | D10: 45694 | E10: 1013521257 | F10: 6421007202 | G10: Khen thưởng BD khác | H10: 1001202000 | I10: Hành chánh nhân sự | J10: Khen thưởng ý tưởng cải tiến T9+10.2024 - M.H.Nhân | K10: CP khen thưởng ý tưởng | L10: 2 | M10: 2025 | N10: 200000 | O10: 5100000759 | Q10: NHI.NHN | T10: 0
B11: Hành Chánh Nhân Sự | C11: Khen thưởng BD khác | D11: 45694 | E11: 1013521257 | F11: 6421007202 | G11: Khen thưởng BD khác | H11: 1001202000 | I11: Hành chánh nhân sự | J11: Khen thưởng ý tưởng cải tiến T9+10.2024- L.M.Thanh | K11: CP khen thưởng ý tưởng | L11: 2 | M11: 2025 | N11: 200000 | O11: 5100000759 | Q11: NHI.NHN | T11: 0
B12: Hành Chánh Nhân Sự | C12: Khen thưởng BD khác | D12: 45694 | E12: 1013521257 | F12: 6421007202 | G12: Khen thưởng BD khác | H12: 1001202000 | I12: Hành chánh nhân sự | J12: Khen thưởng ý tưởng cải tiến T9+10.2024 - N.V.Tú | K12: CP khen thưởng ý tưởng | L12: 2 | M12: 2025 | N12: 200000 | O12: 5100000759 | Q12: NHI.NHN | T12: 0
B13: Hành Chánh Nhân Sự | C13: Khen thưởng BD khác | D13: 45694 | E13: 1013521257 | F13: 6421007202 | G13: Khen thưởng BD khác | H13: 1001202000 | I13: Hành chánh nhân sự | J13: Khen thưởng ý tưởng cải tiến T9+10.2024 - T.V.Hiền | K13: CP khen thưởng ý tưởng | L13: 2 | M13: 2025 | N13: 1400000 | O13: 5100000759 | Q13: NHI.NHN | T13: 0
B14: Hành Chánh Nhân Sự | C14: Khen thưởng BD khác | D14: 45694 | E14: 1013521257 | F14: 6421007202 | G14: Khen thưởng BD khác | H14: 1001202000 | I14: Hành chánh nhân sự | J14: Khen thưởng ý tưởng cải tiến T9+10.2024-N.T.P.Hằng | K14: CP khen thưởng ý tưởng | L14: 2 | M14: 2025 | N14: 200000 | O14: 5100000759 | Q14: NHI.NHN | T14: 0
... B109: Hành Chánh Nhân Sự | C109: Khen thưởng BD khác | D109: 45716 | E109: 1013536241 | F109: 6421007202 | G109: Khen thưởng BD khác | H109: 1001204000 | I109: Tổ 5S & an toàn | J109: Bồi dưỡng ATVSV T1/25 | K109: Bồi dưỡng ATVSV T1/25 | L109: 2 | M109: 2025 | N109: 2981191 | O109: 5100001292 | Q109: DIEM.NTT | T109: 0
A110: 622 | B110: Xưởng Sản Xuất | C110: Lương Chính +T13 | D110: 45695 | E110: 1013531766 | F110: 6220002601 | G110: CP lương chính-Trực | H110: 1001602000 | I110: Xưởng sản xuất PET | J110: CP công nhân thuê ngoài T01.2025 (14 PET) | K110: CP công nhân thuê ngoài T | L110: 2 | M110: 2025 | N110: 102130449 | O110: 3500000700 | Q110: NHI.NHN | T110: 0
A111: 622 | B111: Xưởng Sản Xuất | C111: Lương Chính +T13 | D111: 45695 | E111: 1013531766 | F111: 6220002601 | G111: CP lương chính-Trực | H111: 1001602000 | I111: Xưởng sản xuất PET | J111: CP công nhân thuê ngoài T01.2025 (9 PET) | K111: CP công nhân thuê ngoài T | L111: 2 | M111: 2025 | N111: 9000000 | O111: 3500000700 | Q111: NHI.NHN | T111: 0
A112: 622 | B112: Xưởng Sản Xuất | C112: Lương Chính +T13 | D112: 45696 | E112: 1013532601 | F112: 6220002601 | G112: CP lương chính-Trực | H112: 1001602000 | I112: Xưởng sản xuất PET | J112: CP công nhân thuê ngoài T01.2025 (2 PET) | K112: CP công nhân thuê ngoài T | L112: 2 | M112: 2025 | N112: 8333333 | O112: 3500000726 | Q112: NHI.NHN | T112: 0
B113: Kiểm Soát Chất Lượng | C113: Phụ Cấp | D113: 45715 | E113: 1013532775 | F113: 6271003202 | G113: Tiền ăn giữa ca-Gián | H113: 1001601400 | I113: Kiểm soát chất lượng | J113: chi phí suất ăn - Đắc Bảo An tháng 02/2025 | K113: chi phí suất ăn - Đắc Bảo | L113: 2 | M113: 2025 | N113: 24425000 | O113: 3500000749 | Q113: NHI.NHN | T113: 0
A114: 622 | B114: Xưởng Sản Xuất | C114: Phụ Cấp | D114: 45716 | E114: 1013533313 | F114: 6220003201 | G114: Tiền ăn giữa ca-Trực | H114: 1001602000 | I114: Xưởng sản xuất PET | J114: CHUYỂN GL TIỀN CƠM | K114: CHUYỂN GL TIỀN CƠM | L114: 2 | M114: 2025 | N114: 81650000 | O114: 5100000871 | Q114: DIEM.NTT | T114: 0
B115: Kiểm Soát Chất Lượng | C115: Phụ Cấp | D115: 45716 | E115: 1013535130 | F115: 6271002603 | G115: Phụ cấp ca đêm | H115: 1001601400 | I115: Kiểm soát chất lượng | J115: CHI PHÍ LƯƠNG THÁNG 02.2025 | K115: CP LƯƠNG T2.2025 | L115: 2 | M115: 2025 | N115: 19448803 | O115: 5100001271 | Q115: CUC.NT | T115: 0
B116: Kiểm Soát Chất Lượng | C116: Lương Chính +T13 | D116: 45716 | E116: 1013535130 | F116: 6271002604 | G116: CP lương chính-Gián | H116: 1001601400 | I116: Kiểm soát chất lượng | J116: CHI PHÍ LƯƠNG THÁNG 02.2025 | K116: CP LƯƠNG T2.2025 | L116: 2 | M116: 2025 | N116: 450069010 | O116: 5100001271 | Q116: CUC.NT | T116: 0
B117: Kiểm Soát Chất Lượng | C117: Lương Chính +T13 | D117: 45716 | E117: 1013535130 | F117: 6271002605 | G117: CP Lương tháng 13, P | H117: 1001601400 | I117: Kiểm soát chất lượng | J117: CHI PHÍ LƯƠNG THÁNG 02.2025 | K117: CP LƯƠNG T2.2025 | L117: 2 | M117: 2025 | N117: 26400136 | O117: 5100001271 | Q117: CUC.NT | T117: 0
B118: Kiểm Soát Chất Lượng | C118: Lương Ngoài giờ | D118: 45716 | E118: 1013535130 | F118: 6271002703 | G118: CP lương ngoài giờ - | H118: 1001601400 | I118: Kiểm soát chất lượng | J118: CHI PHÍ LƯƠNG THÁNG 02.2025 | K118: CP LƯƠNG T2.2025 | L118: 2 | M118: 2025 | N118: 134337444 | O118: 5100001271 | Q118: CUC.NT | T118: 0
B119: Kiểm Soát Chất Lượng | C119: Thưởng | D119: 45716 | E119: 1013535130 | F119: 6271002802 | G119: Chi phí Khen thưởng | H119: 1001601400 | I119: Kiểm soát chất lượng | J119: CHI PHÍ LƯƠNG THÁNG 02.2025 | K119: CP LƯƠNG T2.2025 | L119: 2 | M119: 2025 | N119: 31440000 | O119: 5100001271 | Q119: CUC.NT | T119: 0
B120: Kiểm Soát Chất Lượng | C120: Phụ Cấp | D120: 45716 | E120: 1013535130 | F120: 6271003202 | G120: Tiền ăn giữa ca-Gián | H120: 1001601400 | I120: Kiểm soát chất lượng | J120: CHI PHÍ LƯƠNG THÁNG 02.2025 | K120: CP LƯƠNG T2.2025 | L120: 2 | M120: 2025 | N120: 6400000 | O120: 5100001271 | Q120: CUC.NT | T120: 0
B121: Nghiên Cứu & Phát Triển | C121: Lương Chính +T13 | D121: 45716 | E121: 1013535130 | F121: 6271002604 | G121: CP lương chính-Gián | H121: 1001601500 | I121: Nghiên Cứu & PT | J121: CHI PHÍ LƯƠNG THÁNG 02.2025 | K121: CP LƯƠNG T2.2025 | L121: 2 | M121: 2025 | N121: 139172326 | O121: 5100001271 | Q121: CUC.NT | T121: 0
B122: Nghiên Cứu & Phát Triển | C122: Lương Chính +T13 | D122: 45716 | E122: 1013535130 | F122: 6271002605 | G122: CP Lương tháng 13, P | H122: 1001601500 | I122: Nghiên Cứu & PT | J122: CHI PHÍ LƯƠNG THÁNG 02.2025 | K122: CP LƯƠNG T2.2025 | L122: 2 | M122: 2025 | N122: 4664808 | O122: 5100001271 | Q122: CUC.NT | T122: 0
B123: Nghiên Cứu & Phát Triển | C123: Thưởng | D123: 45716 | E123: 1013535130 | F123: 6271002802 | G123: Chi phí Khen thưởng | H123: 1001601500 | I123: Nghiên Cứu & PT | J123: CHI PHÍ LƯƠNG THÁNG 02.2025 | K123: CP LƯƠNG T2.2025 | L123: 2 | M123: 2025 | N123: 3000000 | O123: 5100001271 | Q123: CUC.NT | T123: 0
A124: 622 | B124: Xưởng Sản Xuất | C124: Lương Chính +T13 | D124: 45716 | E124: 1013535130 | F124: 6220002601 | G124: CP lương chính-Trực | H124: 1001602000 | I124: Xưởng sản xuất PET | J124: CHI PHÍ LƯƠNG THÁNG 02.2025 | K124: CP LƯƠNG T2.2025 | L124: 2 | M124: 2025 | N124: 1400002480 | O124: 5100001271 | Q124: CUC.NT | T124: 0
A125: 622 | B125: Xưởng Sản Xuất | C125: Lương Chính +T13 | D125: 45716 | E125: 1013535130 | F125: 6220002602 | G125: CP Lương tháng 13, P | H125: 1001602000 | I125: Xưởng sản xuất PET | J125: CHI PHÍ LƯƠNG THÁNG 02.2025 | K125: CP LƯƠNG T2.2025 | L125: 2 | M125: 2025 | N125: 33470186 | O125: 5100001271 | Q125: CUC.NT | T125: 0
A126: 622 | B126: Xưởng Sản Xuất | C126: Phụ Cấp | D126: 45716 | E126: 1013535130 | F126: 6220002603 | G126: Phụ cấp ca đêm | H126: 1001602000 | I126: Xưởng sản xuất PET | J126: CHI PHÍ LƯƠNG THÁNG 02.2025 | K126: CP LƯƠNG T2.2025 | L126: 2 | M126: 2025 | N126: 92249649 | O126: 5100001271 | Q126: CUC.NT | T126: 0
A127: 622 | B127: Xưởng Sản Xuất | C127: Lương Ngoài giờ | D127: 45716 | E127: 1013535130 | F127: 6220002701 | G127: CP lương ngoài giờ | H127: 1001602000 | I127: Xưởng sản xuất PET | J127: CHI PHÍ LƯƠNG THÁNG 02.2025 | K127: CP LƯƠNG T2.2025 | L127: 2 | M127: 2025 | N127: 259898689 | O127: 5100001271 | Q127: CUC.NT | T127: 0
A128: 622 | B128: Xưởng Sản Xuất | C128: Thưởng | D128: 45716 | E128: 1013535130 | F128: 6220002802 | G128: Chi phí Khen thưởng | H128: 1001602000 | I128: Xưởng sản xuất PET | J128: CHI PHÍ LƯƠNG THÁNG 02.2025 | K128: CP LƯƠNG T2.2025 | L128: 2 | M128: 2025 | N128: 84500000 | O128: 5100001271 | Q128: CUC.NT | T128: 0
A129: 622 | B129: Xưởng Sản Xuất | C129: Phụ Cấp | D129: 45716 | E129: 1013535130 | F129: 6220003201 | G129: Tiền ăn giữa ca-Trực | H129: 1001602000 | I129: Xưởng sản xuất PET | J129: CHI PHÍ LƯƠNG THÁNG 02.2025 | K129: CP LƯƠNG T2.2025 | L129: 2 | M129: 2025 | N129: 27890000 | O129: 5100001271 | Q129: CUC.NT | T129: 0
A130: 627 | B130: Xưởng Sản Xuất | C130: Phụ Cấp | D130: 45716 | E130: 1013535130 | F130: 6271002603 | G130: Phụ cấp ca đêm | H130: 1001602000 | I130: Xưởng sản xuất PET | J130: CHI PHÍ LƯƠNG THÁNG 02.2025 | K130: CP LƯƠNG T2.2025 | L130: 2 | M130: 2025 | N130: 11105572 | O130: 5100001271 | Q130: CUC.NT | T130: 0
A131: 627 | B131: Xưởng Sản Xuất | C131: Lương Chính +T13 | D131: 45716 | E131: 1013535130 | F131: 6271002604 | G131: CP lương chính-Gián | H131: 1001602000 | I131: Xưởng sản xuất PET | J131: CHI PHÍ LƯƠNG THÁNG 02.2025 | K131: CP LƯƠNG T2.2025 | L131: 2 | M131: 2025 | N131: 411544399 | O131: 5100001271 | Q131: CUC.NT | T131: 0
A132: 627 | B132: Xưởng Sản Xuất | C132: Lương Chính +T13 | D132: 45716 | E132: 1013535130 | F132: 6271002605 | G132: CP Lương tháng 13, P | H132: 1001602000 | I132: Xưởng sản xuất PET | J132: CHI PHÍ LƯƠNG THÁNG 02.2025 | K132: CP LƯƠNG T2.2025 | L132: 2 | M132: 2025 | N132: 17666383 | O132: 5100001271 | Q132: CUC.NT | T132: 0
A133: 627 | B133: Xưởng Sản Xuất | C133: Lương Ngoài giờ | D133: 45716 | E133: 1013535130 | F133: 6271002703 | G133: CP lương ngoài giờ - | H133: 1001602000 | I133: Xưởng sản xuất PET | J133: CHI PHÍ LƯƠNG THÁNG 02.2025 | K133: CP LƯƠNG T2.2025 | L133: 2 | M133: 2025 | N133: 35669591 | O133: 5100001271 | Q133: CUC.NT | T133: 0
A134: 627 | B134: Xưởng Sản Xuất | C134: Thưởng | D134: 45716 | E134: 1013535130 | F134: 6271002802 | G134: Chi phí Khen thưởng | H134: 1001602000 | I134: Xưởng sản xuất PET | J134: CHI PHÍ LƯƠNG THÁNG 02.2025 | K134: CP LƯƠNG T2.2025 | L134: 2 | M134: 2025 | N134: 15500000 | O134: 5100001271 | Q134: CUC.NT | T134: 0
B135: Kiểm Soát Chất Lượng | C135: BHXH, BHYT, KPCĐ | D135: 45716 | E135: 1013535131 | F135: 6271003401 | G135: BHXH, BHYT, KPCĐ, BH | H135: 1001601400 | I135: Kiểm soát chất lượng | J135: BHXH,BHYT,KPCĐ,BHTN T2.25 | K135: CP LƯƠNG T2.2025 | L135: 2 | M135: 2025 | N135: 104949590 | O135: 5100001272 | Q135: CUC.NT | T135: 0
B136: Nghiên Cứu & Phát Triển | C136: BHXH, BHYT, KPCĐ | D136: 45716 | E136: 1013535131 | F136: 6271003401 | G136: BHXH, BHYT, KPCĐ, BH | H136: 1001601500 | I136: Nghiên Cứu & PT | J136: BHXH,BHYT,KPCĐ,BHTN T2.25 | K136: CP LƯƠNG T2.2025 | L136: 2 | M136: 2025 | N136: 35154315 | O136: 5100001272 | Q136: CUC.NT | T136: 0
A137: 622 | B137: Xưởng Sản Xuất | C137: BHXH, BHYT, KPCĐ | D137: 45716 | E137: 1013535131 | F137: 6220003401 | G137: BHXH, BHYT, KPCĐ, BH | H137: 1001602000 | I137: Xưởng sản xuất PET | J137: BHXH,BHYT,KPCĐ,BHTN T2.25 | K137: CP LƯƠNG T2.2025 | L137: 2 | M137: 2025 | N137: 237611785 | O137: 5100001272 | Q137: CUC.NT | T137: 0
B138: Kiểm Soát Chất Lượng | C138: BHXH, BHYT, KPCĐ | D138: 45716 | E138: 1013535131 | F138: 6271003401 | G138: BHXH, BHYT, KPCĐ, BH | H138: 1001601400 | I138: Kiểm soát chất lượng | J138: BHXH,BHYT,KPCĐ,BHTN T2.25 | K138: CP LƯƠNG T2.2025 | L138: 2 | M138: 2025 | N138: 1694350 | O138: 5100001272 | Q138: CUC.NT | T138: 0
A139: 622 | B139: Xưởng Sản Xuất | C139: BHXH, BHYT, KPCĐ | D139: 45716 | E139: 1013535131 | F139: 6220003401 | G139: BHXH, BHYT, KPCĐ, BH | H139: 1001602000 | I139: Xưởng sản xuất PET | J139: BHXH,BHYT,KPCĐ,BHTN T2.25 | K139: CP LƯƠNG T2.2025 | L139: 2 | M139: 2025 | N139: 2573250 | O139: 5100001272 | Q139: CUC.NT | T139: 0
B140: Kiểm Soát Chất Lượng | C140: Lương Chính +T13 | D140: 45716 | E140: 1013535132 | F140: 6271002605 | G140: CP Lương tháng 13, P | H140: 1001601400 | I140: Kiểm soát chất lượng | J140: TRÍCH LƯƠNG T13, PHÉP NĂM T02.2025 | K140: CP LƯƠNG T2.2025 | L140: 2 | M140: 2025 | N140: 37799500 | O140: 5100001273 | Q140: CUC.NT | T140: 0
B141: Nghiên Cứu & Phát Triển | C141: Lương Chính +T13 | D141: 45716 | E141: 1013535132 | F141: 6271002605 | G141: CP Lương tháng 13, P | H141: 1001601500 | I141: Nghiên Cứu & PT | J141: TRÍCH LƯƠNG T13, PHÉP NĂM T02.2025 | K141: CP LƯƠNG T2.2025 | L141: 2 | M141: 2025 | N141: 12960750 | O141: 5100001273 | Q141: CUC.NT | T141: 0
B142: Kiểm Soát Chất Lượng | C142: Thưởng | D142: 45716 | E142: 1013535132 | F142: 6271002806 | G142: Thưởng danh hiệu | H142: 1001601400 | I142: Kiểm soát chất lượng | J142: TRÍCH DANH HIỆU T02.2025 | K142: CP LƯƠNG T2.2025 | L142: 2 | M142: 2025 | N142: 34775238 | O142: 5100001273 | Q142: CUC.NT | T142: 0
B143: Nghiên Cứu & Phát Triển | C143: Thưởng | D143: 45716 | E143: 1013535132 | F143: 6271002806 | G143: Thưởng danh hiệu | H143: 1001601500 | I143: Nghiên Cứu & PT | J143: TRÍCH DANH HIỆU T02.2025 | K143: CP LƯƠNG T2.2025 | L143: 2 | M143: 2025 | N143: 11923786 | O143: 5100001273 | Q143: CUC.NT | T143: 0
A144: 627 | B144: Xưởng Sản Xuất | C144: Lương Chính +T13 | D144: 45716 | E144: 1013535132 | F144: 6271002605 | G144: CP Lương tháng 13, P | H144: 1001602000 | I144: Xưởng sản xuất PET | J144: TRÍCH LƯƠNG T13, PHÉP NĂM T02.2025 | K144: CP LƯƠNG T2.2025 | L144: 2 | M144: 2025 | N144: 32593741 | O144: 5100001273 | Q144: CUC.NT | T144: 0
A145: 622 | B145: Xưởng Sản Xuất | C145: Lương Chính +T13 | D145: 45716 | E145: 1013535132 | F145: 6220002602 | G145: CP Lương tháng 13, P | H145: 1001602000 | I145: Xưởng sản xuất PET | J145: TRÍCH LƯƠNG T13, PHÉP NĂM T02.2025 | K145: CP LƯƠNG T2.2025 | L145: 2 | M145: 2025 | N145: 98346036 | O145: 5100001273 | Q145: CUC.NT | T145: 0
A146: 622 | B146: Xưởng Sản Xuất | C146: Thưởng | D146: 45716 | E146: 1013535132 | F146: 6220002806 | G146: Thưởng danh hiệu | H146: 1001602000 | I146: Xưởng sản xuất PET | J146: TRÍCH DANH HIỆU T02.2025 | K146: CP LƯƠNG T2.2025 | L146: 2 | M146: 2025 | N146: 24234748 | O146: 5100001273 | Q146: CUC.NT | T146: 0
A147: 627 | B147: Xưởng Sản Xuất | C147: Phụ Cấp | D147: 45715 | E147: 1013532775 | F147: 6271003202 | G147: Tiền ăn giữa ca-Gián | H147: 1001602000 | I147: Xưởng sản xuất PET | J147: chi phí suất ăn - Đắc Bảo An tháng 02/2025 | K147: chi phí suất ăn - Đắc Bảo | L147: 2 | M147: 2025 | N147: 89075000 | O147: 3500000749 | Q147: NHI.NHN | T147: 0
A148: 627 | B148: Xưởng Sản Xuất | C148: Phụ Cấp | D148: 45716 | E148: 1013533313 | F148: 6271003202 | G148: Tiền ăn giữa ca-Gián | H148: 1001602000 | I148: Xưởng sản xuất PET | J148: CHUYỂN GL TIỀN CƠM | K148: CHUYỂN GL TIỀN CƠM | L148: 2 | M148: 2025 | N148: -81650000 | O148: 5100000871 | Q148: DIEM.NTT | T148: 0
A149: 627 | B149: Xưởng Sản Xuất | C149: Phụ Cấp | D149: 45716 | E149: 1013535130 | F149: 6271003202 | G149: Tiền ăn giữa ca-Gián | H149: 1001602000 | I149: Xưởng sản xuất PET | J149: CHI PHÍ LƯƠNG THÁNG 02.2025 | K149: CP LƯƠNG T2.2025 | L149: 2 | M149: 2025 | N149: 2690000 | O149: 5100001271 | Q149: CUC.NT | T149: 0
A150: 627 | B150: Xưởng Sản Xuất | C150: BHXH, BHYT, KPCĐ | D150: 45716 | E150: 1013535131 | F150: 6271003401 | G150: BHXH, BHYT, KPCĐ, BH | H150: 1001602000 | I150: Xưởng sản xuất PET | J150: BHXH,BHYT,KPCĐ,BHTN T2.25 | K150: CP LƯƠNG T2.2025 | L150: 2 | M150: 2025 | N150: 79799555 | O150: 5100001272 | Q150: CUC.NT | T150: 0
A151: 627 | B151: Xưởng Sản Xuất | C151: BHXH, BHYT, KPCĐ | D151: 45716 | E151: 1013535131 | F151: 6271003401 | G151: BHXH, BHYT, KPCĐ, BH | H151: 1001602000 | I151: Xưởng sản xuất PET | J151: BHXH,BHYT,KPCĐ,BHTN T2.25 | K151: CP LƯƠNG T2.2025 | L151: 2 | M151: 2025 | N151: 1452300 | O151: 5100001272 | Q151: CUC.NT | T151: 0
A152: 627 | B152: Xưởng Sản Xuất | C152: Thưởng | D152: 45716 | E152: 1013535132 | F152: 6271002806 | G152: Thưởng danh hiệu | H152: 1001602000 | I152: Xưởng sản xuất PET | J152: TRÍCH DANH HIỆU T02.2025 | K152: CP LƯƠNG T2.2025 | L152: 2 | M152: 2025 | N152: 29362158 | O152: 5100001273 | Q152: CUC.NT | T152: 0
A153: 627 | B153: Xưởng Sản Xuất | C153: BHXH, BHYT, KPCĐ | D153: 45716 | E153: 1013535134 | F153: 6271003401 | G153: BHXH, BHYT, KPCĐ, BH | H153: 1001602000 | I153: Xưởng sản xuất PET | J153: Điều chỉnh tăng BHYT T2.2025 | K153: CP LƯƠNG T2.2025 | L153: 2 | M153: 2025 | N153: 4088520 | O153: 5100001277 | Q153: CUC.NT | T153: 0
A154: 622 | B154: Xưởng Sản Xuất | C154: Lương Chính +T13 | D154: 45695 | E154: 1013531766 | F154: 6220002601 | G154: CP lương chính-Trực | H154: 1001606000 | I154: Xưởng sản xuất HDPE | J154: CP công nhân thuê ngoài T01.2025 (12 HDPE) | K154: CP công nhân thuê ngoài T | L154: 2 | M154: 2025 | N154: 87540384 | O154: 3500000700 | Q154: NHI.NHN | T154: 0
A155: 622 | B155: Xưởng Sản Xuất | C155: Lương Chính +T13 | D155: 45696 | E155: 1013532601 | F155: 6220002601 | G155: CP lương chính-Trực | H155: 1001606000 | I155: Xưởng sản xuất HDPE | J155: CP công nhân thuê ngoài T01.2025 (1 HDPE) | K155: CP công nhân thuê ngoài T | L155: 2 | M155: 2025 | N155: 4166667 | O155: 3500000726 | Q155: NHI.NHN | T155: 0
... A190: 627 | B190: Xưởng Sản Xuất | C190: Phụ Cấp | D190: 45716 | E190: 1013535130 | F190: 6271003202 | G190: Tiền ăn giữa ca-Gián | H190: 1001607000 | I190: Kho | J190: CHI PHÍ LƯƠNG THÁNG 02.2025 | K190: CP LƯƠNG T2.2025 | L190: 2 | M190: 2025 | N190: 7820000 | O190: 5100001271 | Q190: CUC.NT | T190: 0
B191: Tư vấn dịch vụ | C191: Lương Chính +T13 | D191: 45716 | E191: 1013535130 | F191: 6421002604 | G191: CP lương chính-Gián | H191: 1001609000 | I191: Tư Vấn Dịch Vụ | J191: CHI PHÍ LƯƠNG THÁNG 02.2025 | K191: CP LƯƠNG T2.2025 | L191: 2 | M191: 2025 | N191: 225000000 | O191: 5100001271 | Q191: CUC.NT | T191: 0
A192: 622 | B192: Xưởng Sản Xuất | C192: Lương Chính +T13 | D192: 45716 | E192: 1013535130 | F192: 6220002601 | G192: CP lương chính-Trực | H192: 1001608000 | I192: Xưởng sản xuất PP | J192: CHI PHÍ LƯƠNG THÁNG 02.2025 | K192: CP LƯƠNG T2.2025 | L192: 2 | M192: 2025 | N192: 15768731 | O192: 5100001271 | Q192: CUC.NT | T192: 0
A193: 622 | B193: Xưởng Sản Xuất | C193: Lương Chính +T13 | D193: 45716 | E193: 1013535130 | F193: 6220002602 | G193: CP Lương tháng 13, P | H193: 1001608000 | I193: Xưởng sản xuất PP | J193: CHI PHÍ LƯƠNG THÁNG 02.2025 | K193: CP LƯƠNG T2.2025 | L193: 2 | M193: 2025 | N193: 214154 | O193: 5100001271 | Q193: CUC.NT | T193: 0
A194: 622 | B194: Xưởng Sản Xuất | C194: Phụ Cấp | D194: 45716 | E194: 1013535130 | F194: 6220002603 | G194: Phụ cấp ca đêm | H194: 1001608000 | I194: Xưởng sản xuất PP | J194: CHI PHÍ LƯƠNG THÁNG 02.2025 | K194: CP LƯƠNG T2.2025 | L194: 2 | M194: 2025 | N194: 1247100 | O194: 5100001271 | Q194: CUC.NT | T194: 0
A195: 622 | B195: Xưởng Sản Xuất | C195: Lương Ngoài giờ | D195: 45716 | E195: 1013535130 | F195: 6220002701 | G195: CP lương ngoài giờ | H195: 1001608000 | I195: Xưởng sản xuất PP | J195: CHI PHÍ LƯƠNG THÁNG 02.2025 | K195: CP LƯƠNG T2.2025 | L195: 2 | M195: 2025 | N195: 2988232 | O195: 5100001271 | Q195: CUC.NT | T195: 0
A196: 622 | B196: Xưởng Sản Xuất | C196: Thưởng | D196: 45716 | E196: 1013535130 | F196: 6220002802 | G196: Chi phí Khen thưởng | H196: 1001608000 | I196: Xưởng sản xuất PP | J196: CHI PHÍ LƯƠNG THÁNG 02.2025 | K196: CP LƯƠNG T2.2025 | L196: 2 | M196: 2025 | N196: 1000000 | O196: 5100001271 | Q196: CUC.NT | T196: 0
A197: 622 | B197: Xưởng Sản Xuất | C197: Phụ Cấp | D197: 45716 | E197: 1013535130 | F197: 6220003201 | G197: Tiền ăn giữa ca-Trực | H197: 1001608000 | I197: Xưởng sản xuất PP | J197: CHI PHÍ LƯƠNG THÁNG 02.2025 | K197: CP LƯƠNG T2.2025 | L197: 2 | M197: 2025 | N197: 310000 | O197: 5100001271 | Q197: CUC.NT | T197: 0
A198: 627 | B198: Xưởng Sản Xuất | C198: BHXH, BHYT, KPCĐ | D198: 45716 | E198: 1013535131 | F198: 6271003401 | G198: BHXH, BHYT, KPCĐ, BH | H198: 1001607000 | I198: Kho | J198: BHXH,BHYT,KPCĐ,BHTN T2.25 | K198: CP LƯƠNG T2.2025 | L198: 2 | M198: 2025 | N198: 64832035 | O198: 5100001272 | Q198: CUC.NT | T198: 0
A199: 622 | B199: Xưởng Sản Xuất | C199: BHXH, BHYT, KPCĐ | D199: 45716 | E199: 1013535131 | F199: 6220003401 | G199: BHXH, BHYT, KPCĐ, BH | H199: 1001608000 | I199: Xưởng sản xuất PP | J199: BHXH,BHYT,KPCĐ,BHTN T2.25 | K199: CP LƯƠNG T2.2025 | L199: 2 | M199: 2025 | N199: 2604740 | O199: 5100001272 | Q199: CUC.NT | T199: 0
A200: 627 | B200: Xưởng Sản Xuất | C200: BHXH, BHYT, KPCĐ | D200: 45716 | E200: 1013535131 | F200: 6271003401 | G200: BHXH, BHYT, KPCĐ, BH | H200: 1001607000 | I200: Kho | J200: BHXH,BHYT,KPCĐ,BHTN T2.25 | K200: CP LƯƠNG T2.2025 | L200: 2 | M200: 2025 | N200: 4000170 | O200: 5100001272 | Q200: CUC.NT | T200: 0
A201: 627 | B201: Xưởng Sản Xuất | C201: Lương Chính +T13 | D201: 45716 | E201: 1013535132 | F201: 6271002605 | G201: CP Lương tháng 13, P | H201: 1001607000 | I201: Kho | J201: TRÍCH LƯƠNG T13, PHÉP NĂM T02.2025 | K201: CP LƯƠNG T2.2025 | L201: 2 | M201: 2025 | N201: 31649112 | O201: 5100001273 | Q201: CUC.NT | T201: 0
A202: 627 | B202: Xưởng Sản Xuất | C202: Thưởng | D202: 45716 | E202: 1013535132 | F202: 6271002806 | G202: Thưởng danh hiệu | H202: 1001607000 | I202: Kho | J202: TRÍCH DANH HIỆU T02.2025 | K202: CP LƯƠNG T2.2025 | L202: 2 | M202: 2025 | N202: 18942115 | O202: 5100001273 | Q202: CUC.NT | T202: 0
B203: Tư vấn dịch vụ | C203: Lương Chính +T13 | D203: 45716 | E203: 1013535132 | F203: 6421002605 | G203: CP Lương tháng 13, P | H203: 1001609000 | I203: Tư Vấn Dịch Vụ | J203: TRÍCH LƯƠNG T13, PHÉP NĂM T02.2025 | K203: CP LƯƠNG T2.2025 | L203: 2 | M203: 2025 | N203: 18750000 | O203: 5100001273 | Q203: CUC.NT | T203: 0
B204: Tư vấn dịch vụ | C204: Thưởng | D204: 45716 | E204: 1013535132 | F204: 6421002806 | G204: Thưởng danh hiệu | H204: 1001609000 | I204: Tư Vấn Dịch Vụ | J204: TRÍCH DANH HIỆU T02.2025 | K204: CP LƯƠNG T2.2025 | L204: 2 | M204: 2025 | N204: 17249850 | O204: 5100001273 | Q204: CUC.NT | T204: 0
A205: 622 | B205: Xưởng Sản Xuất | C205: Lương Chính +T13 | D205: 45716 | E205: 1013535132 | F205: 6220002602 | G205: CP Lương tháng 13, P | H205: 1001608000 | I205: Xưởng sản xuất PP | J205: TRÍCH LƯƠNG T13, PHÉP NĂM T02.2025 | K205: CP LƯƠNG T2.2025 | L205: 2 | M205: 2025 | N205: 1176360 | O205: 5100001273 | Q205: CUC.NT | T205: 0
A206: 622 | B206: Xưởng Sản Xuất | C206: Thưởng | D206: 45716 | E206: 1013535132 | F206: 6220002806 | G206: Thưởng danh hiệu | H206: 1001608000 | I206: Xưởng sản xuất PP | J206: TRÍCH DANH HIỆU T02.2025 | K206: CP LƯƠNG T2.2025 | L206: 2 | M206: 2025 | N206: 157016 | O206: 5100001273 | Q206: CUC.NT | T206: 0
A207: 627 | B207: Xưởng Sản Xuất | C207: Khen thưởng BD khác | D207: 45698 | E207: 1013546450 | F207: 6271007202 | G207: Khen thưởng BD khác | H207: 1001607000 | I207: Kho | J207: TT BD lên xuống Cont T12/24-Huy Vũ | K207: TT BD lên xuống Cont T12 | L207: 2 | M207: 2025 | N207: -7500000 | O207: 8500000254 | P207: X | Q207: CUC.NT | T207: 0
A208: 627 | B208: Xưởng Sản Xuất | C208: Khen thưởng BD khác | D208: 45698 | E208: 1013546454 | F208: 6271007202 | G208: Khen thưởng BD khác | H208: 1001607000 | I208: Kho | J208: TT BD lên xuống Cont T12/24-Huy Vũ | K208: BD lên xuống Cont T12/24 | L208: 2 | M208: 2025 | N208: 7500000 | O208: 5100001729 | Q208: ANH.NTK | T208: 0
A209: 627 | B209: Xưởng Sản Xuất | C209: Khen thưởng BD khác | D209: 45698 | E209: 1013546458 | F209: 6271007202 | G209: Khen thưởng BD khác | H209: 1001607000 | I209: Kho | J209: TT BD lên xuống Cont T12/24-Huy Vũ | K209: BD lên xuống Cont T12/24 | L209: 2 | M209: 2025 | N209: -7500000 | O209: 8500000255 | P209: X | Q209: CUC.NT | T209: 0
A210: 627 | B210: Xưởng Sản Xuất | C210: Khen thưởng BD khác | D210: 45698 | E210: 1013546460 | F210: 6271007202 | G210: Khen thưởng BD khác | H210: 1001607000 | I210: Kho | J210: TT BD lên xuống Cont T12/24-Huy Vũ | K210: BD lên xuống Cont T12/24 | L210: 2 | M210: 2025 | N210: 7500000 | O210: 5100001731 | Q210: ANH.NTK | T210: 0
B211: Ban Giám Đốc | C211: Lương Chính +T13 | D211: 45688 | E211: 1013519176 | F211: 6421002604 | G211: CP lương chính-Gián | H211: 1001101000 | I211: Ban giám đốc | J211: CHI PHÍ LƯƠNG T01.2025 | K211: CP LƯƠNG T1.2025 | L211: 1 | M211: 2025 | N211: 1133420318 | O211: 5100000503 | Q211: CUC.NT | T211: 0
B212: Ban Giám Đốc | C212: Lương Chính +T13 | D212: 45688 | E212: 1013519176 | F212: 6421002605 | G212: CP Lương tháng 13, P | H212: 1001101000 | I212: Ban giám đốc | J212: CHI PHÍ LƯƠNG T01.2025 | K212: CP LƯƠNG T1.2025 | L212: 1 | M212: 2025 | N212: 37445455 | O212: 5100000503 | Q212: CUC.NT | T212: 0
B213: Ban Giám Đốc | C213: Lương Chính +T13 | D213: 45688 | E213: 1013519177 | F213: 6421002605 | G213: CP Lương tháng 13, P | H213: 1001101000 | I213: Ban giám đốc | J213: TRÍCH LƯƠNG T13, PHÉP NĂM T1.2025 | K213: CP LƯƠNG T1.2025 | L213: 1 | M213: 2025 | N213: 93275083 | O213: 5100000504 | Q213: CUC.NT | T213: 0
B214: Ban Giám Đốc | C214: Thưởng | D214: 45688 | E214: 1013519176 | F214: 6421002802 | G214: Chi phí Khen thưởng | H214: 1001101000 | I214: Ban giám đốc | J214: CHI PHÍ LƯƠNG T01.2025 | K214: CP LƯƠNG T1.2025 | L214: 1 | M214: 2025 | N214: 2000000 | O214: 5100000503 | Q214: CUC.NT | T214: 0
B215: Ban Giám Đốc | C215: Thưởng | D215: 45688 | E215: 1013519177 | F215: 6421002806 | G215: Thưởng danh hiệu | H215: 1001101000 | I215: Ban giám đốc | J215: TRÍCH DANH HIỆU T1.2025 | K215: CP LƯƠNG T1.2025 | L215: 1 | M215: 2025 | N215: 85812330 | O215: 5100000504 | Q215: CUC.NT | T215: 0
B216: Ban Giám Đốc | C216: BHXH, BHYT, KPCĐ | D216: 45688 | E216: 1013519180 | F216: 6421003401 | G216: BHXH, BHYT, KPCĐ, BH | H216: 1001101000 | I216: Ban giám đốc | J216: BHXH,BHYT,KPCĐ,BHTN T1.25 | K216: CP LƯƠNG T1.2025 | L216: 1 | M216: 2025 | N216: 101568010 | O216: 5100000505 | Q216: CUC.NT | T216: 0
B217: Ban Giám Đốc | C217: BHXH, BHYT, KPCĐ | D217: 45688 | E217: 1013519189 | F217: 6421003401 | G217: BHXH, BHYT, KPCĐ, BH | H217: 1001101000 | I217: Ban giám đốc | J217: BHXH,BHYT,KPCĐ,BHTN T1.25 | K217: CP LƯƠNG T1.2025 | L217: 1 | M217: 2025 | N217: 101568010 | O217: 5100000511 | Q217: CUC.NT | T217: 0
B218: Ban Giám Đốc | C218: BHXH, BHYT, KPCĐ | D218: 45688 | E218: 1013519191 | F218: 6421003401 | G218: BHXH, BHYT, KPCĐ, BH | H218: 1001101000 | I218: Ban giám đốc | J218: BHXH,BHYT,KPCĐ,BHTN T1.25 | K218: CP LƯƠNG T1.2025 | L218: 1 | M218: 2025 | N218: -101568010 | O218: 8500000106 | P218: X | Q218: CUC.NT | T218: 0
B219: Văn Phòng Giám Đốc | C219: Khen thưởng BD khác | D219: 45678 | E219: 1013515475 | F219: 6421007202 | G219: Khen thưởng BD khác | H219: 1001201000 | I219: Văn phòng giám đốc | J219: TT CP BD Khen thưởng ATVSV T12/24-Lê Viết Thiện | K219: TT CP BD Khen thưởng ATVS | L219: 1 | M219: 2025 | N219: 3292753 | O219: 5100000087 | Q219: ANH.NTK | T219: 0
B220: Văn Phòng Giám Đốc | C220: Khen thưởng BD khác | D220: 45680 | E220: 1013516854 | F220: 6421007202 | G220: Khen thưởng BD khác | H220: 1001201000 | I220: Văn phòng giám đốc | J220: CP khen thưởng cải tiến tiết kiệm 2024 | K220: CP khen thưởng cải tiến | L220: 1 | M220: 2025 | N220: 545636253 | O220: 5100000139 | Q220: NHI.NHN | T220: 0
B221: Văn Phòng Giám Đốc | C221: Khen thưởng BD khác | D221: 45688 | E221: 1013516955 | F221: 6421007202 | G221: Khen thưởng BD khác | H221: 1001201000 | I221: Văn phòng giám đốc | J221: Trích BD 5S T1.25 | K221: Trích BD 5S T01.25 | L221: 1 | M221: 2025 | N221: 1500000 | O221: 5100000156 | Q221: ANH.NTK | T221: 0
B222: Hành Chánh Nhân Sự | C222: Lương Chính +T13 | D222: 45688 | E222: 1013517302 | F222: 6421002604 | G222: CP lương chính-Gián | H222: 1001202000 | I222: Hành chánh nhân sự | J222: Phí dịch vụ bảo vệ tháng 01/2025 | K222: Phí dịch vụ bảo vệ tháng | L222: 1 | M222: 2025 | N222: 83314193 | O222: 3500000364 | Q222: NHI.NHN | T222: 0
B223: Hành Chánh Nhân Sự | C223: Khen thưởng BD khác | D223: 45688 | E223: 1013517303 | F223: 6421007202 | G223: Khen thưởng BD khác | H223: 1001202000 | I223: Hành chánh nhân sự | J223: Trích trước lương IT T01.2025 - Phạm Đình Lợi | K223: Trích trước lương IT T01 | L223: 1 | M223: 2025 | N223: 5400000 | O223: 5100000159 | Q223: NHI.NHN | T223: 0
B224: Hành Chánh Nhân Sự | C224: Phụ Cấp | D224: 45682 | E224: 1013517351 | F224: 6421003202 | G224: Tiền ăn giữa ca-Gián | H224: 1001202000 | I224: Hành chánh nhân sự | J224: chi phí suất ăn - Đắc Bảo An tháng 01/2025 | K224: chi phí suất ăn - Đắc Bảo | L224: 1 | M224: 2025 | N224: 29450000 | O224: 3500000374 | Q224: NHI.NHN | T224: 0
B225: Văn Phòng Giám Đốc | C225: Phụ Cấp | D225: 45682 | E225: 1013517351 | F225: 6421003202 | G225: Tiền ăn giữa ca-Gián | H225: 1001201000 | I225: Văn phòng giám đốc | J225: chi phí suất ăn - Đắc Bảo An tháng 01/2025 | K225: chi phí suất ăn - Đắc Bảo | L225: 1 | M225: 2025 | N225: 5375000 | O225: 3500000374 | Q225: NHI.NHN | T225: 0
B226: Văn Phòng Giám Đốc | C226: Khen thưởng BD khác | D226: 45680 | E226: 1013517476 | F226: 6421007202 | G226: Khen thưởng BD khác | H226: 1001201000 | I226: Văn phòng giám đốc | J226: CP khen thưởng cải tiến tiết kiệm 2024 | K226: CP khen thưởng cải tiến | L226: 1 | M226: 2025 | N226: -545636253 | O226: 8500000089 | P226: X | Q226: CUC.NT | T226: 0
B227: Văn Phòng Giám Đốc | C227: Lương Chính +T13 | D227: 45688 | E227: 1013519176 | F227: 6421002604 | G227: CP lương chính-Gián | H227: 1001201000 | I227: Văn phòng giám đốc | J227: CHI PHÍ LƯƠNG T01.2025 | K227: CP LƯƠNG T1.2025 | L227: 1 | M227: 2025 | N227: 85653727 | O227: 5100000503 | Q227: CUC.NT | T227: 0
B228: Văn Phòng Giám Đốc | C228: Lương Chính +T13 | D228: 45688 | E228: 1013519176 | F228: 6421002605 | G228: CP Lương tháng 13, P | H228: 1001201000 | I228: Văn phòng giám đốc | J228: CHI PHÍ LƯƠNG T01.2025 | K228: CP LƯƠNG T1.2025 | L228: 1 | M228: 2025 | N228: 4863461 | O228: 5100000503 | Q228: CUC.NT | T228: 0
...

Sheet Mapping
A1: Cost Element | B1: Cost element name | C1: Cost Center | D1: CO object name | E1: Bộ phận | F1: KM
A2: 6421002604 | B2: CP lương chính-Gián | C2: 1001101000 | D2: Ban giám đốc | E2: Ban Giám Đốc | F2: Lương Chính +T13
A3: 6421002605 | B3: CP Lương tháng 13, P | C3: 1001101000 | D3: Ban giám đốc | E3: Ban Giám Đốc | F3: Lương Chính +T13
A4: 6421002802 | B4: Chi phí Khen thưởng | C4: 1001101000 | D4: Ban giám đốc | E4: Ban Giám Đốc | F4: Thưởng
A5: 6421002806 | B5: Thưởng danh hiệu | C5: 1001101000 | D5: Ban giám đốc | E5: Ban Giám Đốc | F5: Thưởng
A6: 6421003401 | B6: BHXH, BHYT, KPCĐ, BH | C6: 1001101000 | D6: Ban giám đốc | E6: Ban Giám Đốc | F6: BHXH, BHYT, KPCĐ
A7: 6421007202 | B7: Khen thưởng BD khác | C7: 1001202000 | D7: Hành chánh nhân sự | E7: Hành Chánh Nhân Sự | F7: Khen thưởng BD khác
A8: 6421007202 | B8: Khen thưởng BD khác | C8: 1001201000 | D8: Văn phòng giám đốc | E8: Văn Phòng Giám Đốc | F8: Khen thưởng BD khác
A9: 6421002604 | B9: CP lương chính-Gián | C9: 1001202000 | D9: Hành chánh nhân sự | E9: Hành Chánh Nhân Sự | F9: Lương Chính +T13
A10: 6421003202 | B10: Tiền ăn giữa ca-Gián | C10: 1001202000 | D10: Hành chánh nhân sự | E10: Hành Chánh Nhân Sự | F10: Phụ Cấp
A11: 6421003202 | B11: Tiền ăn giữa ca-Gián | C11: 1001201000 | D11: Văn phòng giám đốc | E11: Văn Phòng Giám Đốc | F11: Phụ Cấp
A12: 6421002604 | B12: CP lương chính-Gián | C12: 1001201000 | D12: Văn phòng giám đốc | E12: Văn Phòng Giám Đốc | F12: Lương Chính +T13
... A137: 6271003202 | B137: Tiền ăn giữa ca-Gián | C137: 1001601500 | D137: Nghiên Cứu & PT | E137: Nghiên Cứu & Phát Triển | F137: Phụ Cấp
A138: 6421002801 | B138: Chi phí bồi dưỡng | F138: Khen thưởng BD khác
C139: 1001206000 | D139: Chiến Lược CCU | E139: Chiến Lược CCU
C140: 1001103000 | D140: Ban tổng giám đốc | E140: Ban Giám Đốc

Sheet Data 2025 >>
N1: =SUBTOTAL(9,N3:N9999) -> 168377071168
B2: Bộ phận | C2: KM | D2: Posting Date | E2: Document Number | F2: Cost Element | G2: Cost element name | H2: Cost Center | I2: CO object name | J2: Name | K2: Document Header Text | L2: Period | M2: Fiscal Year | N2: Val/COArea Crcy | O2: Ref Document Number | P2: Reversal document | Q2: User Name | R2: Material | S2: Material Description | T2: Total quantity
B3: Ban Giám Đốc | C3: Lương Chính +T13 | D3: 45716 | E3: 1013535130 | F3: 6421002604 | G3: CP lương chính-Gián | H3: 1001101000 | I3: Ban giám đốc | J3: CHI PHÍ LƯƠNG THÁNG 02.2025 | K3: CP LƯƠNG T2.2025 | L3: 2 | M3: 2025 | N3: 1178412592 | O3: 5100001271 | Q3: CUC.NT | T3: 0
B4: Ban Giám Đốc | C4: Lương Chính +T13 | D4: 45716 | E4: 1013535130 | F4: 6421002605 | G4: CP Lương tháng 13, P | H4: 1001101000 | I4: Ban giám đốc | J4: CHI PHÍ LƯƠNG THÁNG 02.2025 | K4: CP LƯƠNG T2.2025 | L4: 2 | M4: 2025 | N4: 10777046 | O4: 5100001271 | Q4: CUC.NT | T4: 0
B5: Ban Giám Đốc | C5: Lương Chính +T13 | D5: 45716 | E5: 1013535132 | F5: 6421002605 | G5: CP Lương tháng 13, P | H5: 1001101000 | I5: Ban giám đốc | J5: TRÍCH LƯƠNG T13, PHÉP NĂM T02.2025 | K5: CP LƯƠNG T2.2025 | L5: 2 | M5: 2025 | N5: 93775083 | O5: 5100001273 | Q5: CUC.NT | T5: 0
B6: Ban Giám Đốc | C6: Thưởng | D6: 45716 | E6: 1013535130 | F6: 6421002802 | G6: Chi phí Khen thưởng | H6: 1001101000 | I6: Ban giám đốc | J6: CHI PHÍ LƯƠNG THÁNG 02.2025 | K6: CP LƯƠNG T2.2025 | L6: 2 | M6: 2025 | N6: 9720000 | O6: 5100001271 | Q6: CUC.NT | T6: 0
B7: Ban Giám Đốc | C7: Thưởng | D7: 45716 | E7: 1013535132 | F7: 6421002806 | G7: Thưởng danh hiệu | H7: 1001101000 | I7: Ban giám đốc | J7: TRÍCH DANH HIỆU T02.2025 | K7: CP LƯƠNG T2.2025 | L7: 2 | M7: 2025 | N7: 86272326 | O7: 5100001273 | Q7: CUC.NT | T7: 0
B8: Ban Giám Đốc | C8: BHXH, BHYT, KPCĐ | D8: 45716 | E8: 1013535131 | F8: 6421003401 | G8: BHXH, BHYT, KPCĐ, BH | H8: 1001101000 | I8: Ban giám đốc | J8: BHXH,BHYT,KPCĐ,BHTN T2.25 | K8: CP LƯƠNG T2.2025 | L8: 2 | M8: 2025 | N8: 112158010 | O8: 5100001272 | Q8: CUC.NT | T8: 0
B9: Hành Chánh Nhân Sự | C9: Khen thưởng BD khác | D9: 45694 | E9: 1013521257 | F9: 6421007202 | G9: Khen thưởng BD khác | H9: 1001202000 | I9: Hành chánh nhân sự | J9: Khen thưởng ý tưởng cải tiến T9+10.2024 - H.T.Nhâm | K9: CP khen thưởng ý tưởng | L9: 2 | M9: 2025 | N9: 400000 | O9: 5100000759 | Q9: NHI.NHN | T9: 0
B10: Hành Chánh Nhân Sự | C10: Khen thưởng BD khác | D10: 45694 | E10: 1013521257 | F10: 6421007202 | G10: Khen thưởng BD khác | H10: 1001202000 | I10: Hành chánh nhân sự | J10: Khen thưởng ý tưởng cải tiến T9+10.2024 - M.H.Nhân | K10: CP khen thưởng ý tưởng | L10: 2 | M10: 2025 | N10: 200000 | O10: 5100000759 | Q10: NHI.NHN | T10: 0
B11: Hành Chánh Nhân Sự | C11: Khen thưởng BD khác | D11: 45694 | E11: 1013521257 | F11: 6421007202 | G11: Khen thưởng BD khác | H11: 1001202000 | I11: Hành chánh nhân sự | J11: Khen thưởng ý tưởng cải tiến T9+10.2024- L.M.Thanh | K11: CP khen thưởng ý tưởng | L11: 2 | M11: 2025 | N11: 200000 | O11: 5100000759 | Q11: NHI.NHN | T11: 0
B12: Hành Chánh Nhân Sự | C12: Khen thưởng BD khác | D12: 45694 | E12: 1013521257 | F12: 6421007202 | G12: Khen thưởng BD khác | H12: 1001202000 | I12: Hành chánh nhân sự | J12: Khen thưởng ý tưởng cải tiến T9+10.2024 - N.V.Tú | K12: CP khen thưởng ý tưởng | L12: 2 | M12: 2025 | N12: 200000 | O12: 5100000759 | Q12: NHI.NHN | T12: 0
B13: Hành Chánh Nhân Sự | C13: Khen thưởng BD khác | D13: 45694 | E13: 1013521257 | F13: 6421007202 | G13: Khen thưởng BD khác | H13: 1001202000 | I13: Hành chánh nhân sự | J13: Khen thưởng ý tưởng cải tiến T9+10.2024 - T.V.Hiền | K13: CP khen thưởng ý tưởng | L13: 2 | M13: 2025 | N13: 1400000 | O13: 5100000759 | Q13: NHI.NHN | T13: 0
B14: Hành Chánh Nhân Sự | C14: Khen thưởng BD khác | D14: 45694 | E14: 1013521257 | F14: 6421007202 | G14: Khen thưởng BD khác | H14: 1001202000 | I14: Hành chánh nhân sự | J14: Khen thưởng ý tưởng cải tiến T9+10.2024-N.T.P.Hằng | K14: CP khen thưởng ý tưởng | L14: 2 | M14: 2025 | N14: 200000 | O14: 5100000759 | Q14: NHI.NHN | T14: 0
... B109: Hành Chánh Nhân Sự | C109: Khen thưởng BD khác | D109: 45716 | E109: 1013536241 | F109: 6421007202 | G109: Khen thưởng BD khác | H109: 1001204000 | I109: Tổ 5S & an toàn | J109: Bồi dưỡng ATVSV T1/25 | K109: Bồi dưỡng ATVSV T1/25 | L109: 2 | M109: 2025 | N109: 2981191 | O109: 5100001292 | Q109: DIEM.NTT | T109: 0
A110: 622 | B110: Xưởng Sản Xuất | C110: Lương Chính +T13 | D110: 45695 | E110: 1013531766 | F110: 6220002601 | G110: CP lương chính-Trực | H110: 1001602000 | I110: Xưởng sản xuất PET | J110: CP công nhân thuê ngoài T01.2025 (14 PET) | K110: CP công nhân thuê ngoài T | L110: 2 | M110: 2025 | N110: 102130449 | O110: 3500000700 | Q110: NHI.NHN | T110: 0
A111: 622 | B111: Xưởng Sản Xuất | C111: Lương Chính +T13 | D111: 45695 | E111: 1013531766 | F111: 6220002601 | G111: CP lương chính-Trực | H111: 1001602000 | I111: Xưởng sản xuất PET | J111: CP công nhân thuê ngoài T01.2025 (9 PET) | K111: CP công nhân thuê ngoài T | L111: 2 | M111: 2025 | N111: 9000000 | O111: 3500000700 | Q111: NHI.NHN | T111: 0
A112: 622 | B112: Xưởng Sản Xuất | C112: Lương Chính +T13 | D112: 45696 | E112: 1013532601 | F112: 6220002601 | G112: CP lương chính-Trực | H112: 1001602000 | I112: Xưởng sản xuất PET | J112: CP công nhân thuê ngoài T01.2025 (2 PET) | K112: CP công nhân thuê ngoài T | L112: 2 | M112: 2025 | N112: 8333333 | O112: 3500000726 | Q112: NHI.NHN | T112: 0
B113: Kiểm Soát Chất Lượng | C113: Phụ Cấp | D113: 45715 | E113: 1013532775 | F113: 6271003202 | G113: Tiền ăn giữa ca-Gián | H113: 1001601400 | I113: Kiểm soát chất lượng | J113: chi phí suất ăn - Đắc Bảo An tháng 02/2025 | K113: chi phí suất ăn - Đắc Bảo | L113: 2 | M113: 2025 | N113: 24425000 | O113: 3500000749 | Q113: NHI.NHN | T113: 0
A114: 622 | B114: Xưởng Sản Xuất | C114: Phụ Cấp | D114: 45716 | E114: 1013533313 | F114: 6220003201 | G114: Tiền ăn giữa ca-Trực | H114: 1001602000 | I114: Xưởng sản xuất PET | J114: CHUYỂN GL TIỀN CƠM | K114: CHUYỂN GL TIỀN CƠM | L114: 2 | M114: 2025 | N114: 81650000 | O114: 5100000871 | Q114: DIEM.NTT | T114: 0
B115: Kiểm Soát Chất Lượng | C115: Phụ Cấp | D115: 45716 | E115: 1013535130 | F115: 6271002603 | G115: Phụ cấp ca đêm | H115: 1001601400 | I115: Kiểm soát chất lượng | J115: CHI PHÍ LƯƠNG THÁNG 02.2025 | K115: CP LƯƠNG T2.2025 | L115: 2 | M115: 2025 | N115: 19448803 | O115: 5100001271 | Q115: CUC.NT | T115: 0
B116: Kiểm Soát Chất Lượng | C116: Lương Chính +T13 | D116: 45716 | E116: 1013535130 | F116: 6271002604 | G116: CP lương chính-Gián | H116: 1001601400 | I116: Kiểm soát chất lượng | J116: CHI PHÍ LƯƠNG THÁNG 02.2025 | K116: CP LƯƠNG T2.2025 | L116: 2 | M116: 2025 | N116: 450069010 | O116: 5100001271 | Q116: CUC.NT | T116: 0
B117: Kiểm Soát Chất Lượng | C117: Lương Chính +T13 | D117: 45716 | E117: 1013535130 | F117: 6271002605 | G117: CP Lương tháng 13, P | H117: 1001601400 | I117: Kiểm soát chất lượng | J117: CHI PHÍ LƯƠNG THÁNG 02.2025 | K117: CP LƯƠNG T2.2025 | L117: 2 | M117: 2025 | N117: 26400136 | O117: 5100001271 | Q117: CUC.NT | T117: 0
B118: Kiểm Soát Chất Lượng | C118: Lương Ngoài giờ | D118: 45716 | E118: 1013535130 | F118: 6271002703 | G118: CP lương ngoài giờ - | H118: 1001601400 | I118: Kiểm soát chất lượng | J118: CHI PHÍ LƯƠNG THÁNG 02.2025 | K118: CP LƯƠNG T2.2025 | L118: 2 | M118: 2025 | N118: 134337444 | O118: 5100001271 | Q118: CUC.NT | T118: 0
B119: Kiểm Soát Chất Lượng | C119: Thưởng | D119: 45716 | E119: 1013535130 | F119: 6271002802 | G119: Chi phí Khen thưởng | H119: 1001601400 | I119: Kiểm soát chất lượng | J119: CHI PHÍ LƯƠNG THÁNG 02.2025 | K119: CP LƯƠNG T2.2025 | L119: 2 | M119: 2025 | N119: 31440000 | O119: 5100001271 | Q119: CUC.NT | T119: 0
B120: Kiểm Soát Chất Lượng | C120: Phụ Cấp | D120: 45716 | E120: 1013535130 | F120: 6271003202 | G120: Tiền ăn giữa ca-Gián | H120: 1001601400 | I120: Kiểm soát chất lượng | J120: CHI PHÍ LƯƠNG THÁNG 02.2025 | K120: CP LƯƠNG T2.2025 | L120: 2 | M120: 2025 | N120: 6400000 | O120: 5100001271 | Q120: CUC.NT | T120: 0
B121: Nghiên Cứu & Phát Triển | C121: Lương Chính +T13 | D121: 45716 | E121: 1013535130 | F121: 6271002604 | G121: CP lương chính-Gián | H121: 1001601500 | I121: Nghiên Cứu & PT | J121: CHI PHÍ LƯƠNG THÁNG 02.2025 | K121: CP LƯƠNG T2.2025 | L121: 2 | M121: 2025 | N121: 139172326 | O121: 5100001271 | Q121: CUC.NT | T121: 0
B122: Nghiên Cứu & Phát Triển | C122: Lương Chính +T13 | D122: 45716 | E122: 1013535130 | F122: 6271002605 | G122: CP Lương tháng 13, P | H122: 1001601500 | I122: Nghiên Cứu & PT | J122: CHI PHÍ LƯƠNG THÁNG 02.2025 | K122: CP LƯƠNG T2.2025 | L122: 2 | M122: 2025 | N122: 4664808 | O122: 5100001271 | Q122: CUC.NT | T122: 0
B123: Nghiên Cứu & Phát Triển | C123: Thưởng | D123: 45716 | E123: 1013535130 | F123: 6271002802 | G123: Chi phí Khen thưởng | H123: 1001601500 | I123: Nghiên Cứu & PT | J123: CHI PHÍ LƯƠNG THÁNG 02.2025 | K123: CP LƯƠNG T2.2025 | L123: 2 | M123: 2025 | N123: 3000000 | O123: 5100001271 | Q123: CUC.NT | T123: 0
A124: 622 | B124: Xưởng Sản Xuất | C124: Lương Chính +T13 | D124: 45716 | E124: 1013535130 | F124: 6220002601 | G124: CP lương chính-Trực | H124: 1001602000 | I124: Xưởng sản xuất PET | J124: CHI PHÍ LƯƠNG THÁNG 02.2025 | K124: CP LƯƠNG T2.2025 | L124: 2 | M124: 2025 | N124: 1400002480 | O124: 5100001271 | Q124: CUC.NT | T124: 0
A125: 622 | B125: Xưởng Sản Xuất | C125: Lương Chính +T13 | D125: 45716 | E125: 1013535130 | F125: 6220002602 | G125: CP Lương tháng 13, P | H125: 1001602000 | I125: Xưởng sản xuất PET | J125: CHI PHÍ LƯƠNG THÁNG 02.2025 | K125: CP LƯƠNG T2.2025 | L125: 2 | M125: 2025 | N125: 33470186 | O125: 5100001271 | Q125: CUC.NT | T125: 0
A126: 622 | B126: Xưởng Sản Xuất | C126: Phụ Cấp | D126: 45716 | E126: 1013535130 | F126: 6220002603 | G126: Phụ cấp ca đêm | H126: 1001602000 | I126: Xưởng sản xuất PET | J126: CHI PHÍ LƯƠNG THÁNG 02.2025 | K126: CP LƯƠNG T2.2025 | L126: 2 | M126: 2025 | N126: 92249649 | O126: 5100001271 | Q126: CUC.NT | T126: 0
A127: 622 | B127: Xưởng Sản Xuất | C127: Lương Ngoài giờ | D127: 45716 | E127: 1013535130 | F127: 6220002701 | G127: CP lương ngoài giờ | H127: 1001602000 | I127: Xưởng sản xuất PET | J127: CHI PHÍ LƯƠNG THÁNG 02.2025 | K127: CP LƯƠNG T2.2025 | L127: 2 | M127: 2025 | N127: 259898689 | O127: 5100001271 | Q127: CUC.NT | T127: 0
A128: 622 | B128: Xưởng Sản Xuất | C128: Thưởng | D128: 45716 | E128: 1013535130 | F128: 6220002802 | G128: Chi phí Khen thưởng | H128: 1001602000 | I128: Xưởng sản xuất PET | J128: CHI PHÍ LƯƠNG THÁNG 02.2025 | K128: CP LƯƠNG T2.2025 | L128: 2 | M128: 2025 | N128: 84500000 | O128: 5100001271 | Q128: CUC.NT | T128: 0
A129: 622 | B129: Xưởng Sản Xuất | C129: Phụ Cấp | D129: 45716 | E129: 1013535130 | F129: 6220003201 | G129: Tiền ăn giữa ca-Trực | H129: 1001602000 | I129: Xưởng sản xuất PET | J129: CHI PHÍ LƯƠNG THÁNG 02.2025 | K129: CP LƯƠNG T2.2025 | L129: 2 | M129: 2025 | N129: 27890000 | O129: 5100001271 | Q129: CUC.NT | T129: 0
A130: 627 | B130: Xưởng Sản Xuất | C130: Phụ Cấp | D130: 45716 | E130: 1013535130 | F130: 6271002603 | G130: Phụ cấp ca đêm | H130: 1001602000 | I130: Xưởng sản xuất PET | J130: CHI PHÍ LƯƠNG THÁNG 02.2025 | K130: CP LƯƠNG T2.2025 | L130: 2 | M130: 2025 | N130: 11105572 | O130: 5100001271 | Q130: CUC.NT | T130: 0
A131: 627 | B131: Xưởng Sản Xuất | C131: Lương Chính +T13 | D131: 45716 | E131: 1013535130 | F131: 6271002604 | G131: CP lương chính-Gián | H131: 1001602000 | I131: Xưởng sản xuất PET | J131: CHI PHÍ LƯƠNG THÁNG 02.2025 | K131: CP LƯƠNG T2.2025 | L131: 2 | M131: 2025 | N131: 411544399 | O131: 5100001271 | Q131: CUC.NT | T131: 0
A132: 627 | B132: Xưởng Sản Xuất | C132: Lương Chính +T13 | D132: 45716 | E132: 1013535130 | F132: 6271002605 | G132: CP Lương tháng 13, P | H132: 1001602000 | I132: Xưởng sản xuất PET | J132: CHI PHÍ LƯƠNG THÁNG 02.2025 | K132: CP LƯƠNG T2.2025 | L132: 2 | M132: 2025 | N132: 17666383 | O132: 5100001271 | Q132: CUC.NT | T132: 0
A133: 627 | B133: Xưởng Sản Xuất | C133: Lương Ngoài giờ | D133: 45716 | E133: 1013535130 | F133: 6271002703 | G133: CP lương ngoài giờ - | H133: 1001602000 | I133: Xưởng sản xuất PET | J133: CHI PHÍ LƯƠNG THÁNG 02.2025 | K133: CP LƯƠNG T2.2025 | L133: 2 | M133: 2025 | N133: 35669591 | O133: 5100001271 | Q133: CUC.NT | T133: 0
A134: 627 | B134: Xưởng Sản Xuất | C134: Thưởng | D134: 45716 | E134: 1013535130 | F134: 6271002802 | G134: Chi phí Khen thưởng | H134: 1001602000 | I134: Xưởng sản xuất PET | J134: CHI PHÍ LƯƠNG THÁNG 02.2025 | K134: CP LƯƠNG T2.2025 | L134: 2 | M134: 2025 | N134: 15500000 | O134: 5100001271 | Q134: CUC.NT | T134: 0
B135: Kiểm Soát Chất Lượng | C135: BHXH, BHYT, KPCĐ | D135: 45716 | E135: 1013535131 | F135: 6271003401 | G135: BHXH, BHYT, KPCĐ, BH | H135: 1001601400 | I135: Kiểm soát chất lượng | J135: BHXH,BHYT,KPCĐ,BHTN T2.25 | K135: CP LƯƠNG T2.2025 | L135: 2 | M135: 2025 | N135: 104949590 | O135: 5100001272 | Q135: CUC.NT | T135: 0
B136: Nghiên Cứu & Phát Triển | C136: BHXH, BHYT, KPCĐ | D136: 45716 | E136: 1013535131 | F136: 6271003401 | G136: BHXH, BHYT, KPCĐ, BH | H136: 1001601500 | I136: Nghiên Cứu & PT | J136: BHXH,BHYT,KPCĐ,BHTN T2.25 | K136: CP LƯƠNG T2.2025 | L136: 2 | M136: 2025 | N136: 35154315 | O136: 5100001272 | Q136: CUC.NT | T136: 0
A137: 622 | B137: Xưởng Sản Xuất | C137: BHXH, BHYT, KPCĐ | D137: 45716 | E137: 1013535131 | F137: 6220003401 | G137: BHXH, BHYT, KPCĐ, BH | H137: 1001602000 | I137: Xưởng sản xuất PET | J137: BHXH,BHYT,KPCĐ,BHTN T2.25 | K137: CP LƯƠNG T2.2025 | L137: 2 | M137: 2025 | N137: 237611785 | O137: 5100001272 | Q137: CUC.NT | T137: 0
B138: Kiểm Soát Chất Lượng | C138: BHXH, BHYT, KPCĐ | D138: 45716 | E138: 1013535131 | F138: 6271003401 | G138: BHXH, BHYT, KPCĐ, BH | H138: 1001601400 | I138: Kiểm soát chất lượng | J138: BHXH,BHYT,KPCĐ,BHTN T2.25 | K138: CP LƯƠNG T2.2025 | L138: 2 | M138: 2025 | N138: 1694350 | O138: 5100001272 | Q138: CUC.NT | T138: 0
A139: 622 | B139: Xưởng Sản Xuất | C139: BHXH, BHYT, KPCĐ | D139: 45716 | E139: 1013535131 | F139: 6220003401 | G139: BHXH, BHYT, KPCĐ, BH | H139: 1001602000 | I139: Xưởng sản xuất PET | J139: BHXH,BHYT,KPCĐ,BHTN T2.25 | K139: CP LƯƠNG T2.2025 | L139: 2 | M139: 2025 | N139: 2573250 | O139: 5100001272 | Q139: CUC.NT | T139: 0
B140: Kiểm Soát Chất Lượng | C140: Lương Chính +T13 | D140: 45716 | E140: 1013535132 | F140: 6271002605 | G140: CP Lương tháng 13, P | H140: 1001601400 | I140: Kiểm soát chất lượng | J140: TRÍCH LƯƠNG T13, PHÉP NĂM T02.2025 | K140: CP LƯƠNG T2.2025 | L140: 2 | M140: 2025 | N140: 37799500 | O140: 5100001273 | Q140: CUC.NT | T140: 0
B141: Nghiên Cứu & Phát Triển | C141: Lương Chính +T13 | D141: 45716 | E141: 1013535132 | F141: 6271002605 | G141: CP Lương tháng 13, P | H141: 1001601500 | I141: Nghiên Cứu & PT | J141: TRÍCH LƯƠNG T13, PHÉP NĂM T02.2025 | K141: CP LƯƠNG T2.2025 | L141: 2 | M141: 2025 | N141: 12960750 | O141: 5100001273 | Q141: CUC.NT | T141: 0
B142: Kiểm Soát Chất Lượng | C142: Thưởng | D142: 45716 | E142: 1013535132 | F142: 6271002806 | G142: Thưởng danh hiệu | H142: 1001601400 | I142: Kiểm soát chất lượng | J142: TRÍCH DANH HIỆU T02.2025 | K142: CP LƯƠNG T2.2025 | L142: 2 | M142: 2025 | N142: 34775238 | O142: 5100001273 | Q142: CUC.NT | T142: 0
B143: Nghiên Cứu & Phát Triển | C143: Thưởng | D143: 45716 | E143: 1013535132 | F143: 6271002806 | G143: Thưởng danh hiệu | H143: 1001601500 | I143: Nghiên Cứu & PT | J143: TRÍCH DANH HIỆU T02.2025 | K143: CP LƯƠNG T2.2025 | L143: 2 | M143: 2025 | N143: 11923786 | O143: 5100001273 | Q143: CUC.NT | T143: 0
A144: 627 | B144: Xưởng Sản Xuất | C144: Lương Chính +T13 | D144: 45716 | E144: 1013535132 | F144: 6271002605 | G144: CP Lương tháng 13, P | H144: 1001602000 | I144: Xưởng sản xuất PET | J144: TRÍCH LƯƠNG T13, PHÉP NĂM T02.2025 | K144: CP LƯƠNG T2.2025 | L144: 2 | M144: 2025 | N144: 32593741 | O144: 5100001273 | Q144: CUC.NT | T144: 0
A145: 622 | B145: Xưởng Sản Xuất | C145: Lương Chính +T13 | D145: 45716 | E145: 1013535132 | F145: 6220002602 | G145: CP Lương tháng 13, P | H145: 1001602000 | I145: Xưởng sản xuất PET | J145: TRÍCH LƯƠNG T13, PHÉP NĂM T02.2025 | K145: CP LƯƠNG T2.2025 | L145: 2 | M145: 2025 | N145: 98346036 | O145: 5100001273 | Q145: CUC.NT | T145: 0
A146: 622 | B146: Xưởng Sản Xuất | C146: Thưởng | D146: 45716 | E146: 1013535132 | F146: 6220002806 | G146: Thưởng danh hiệu | H146: 1001602000 | I146: Xưởng sản xuất PET | J146: TRÍCH DANH HIỆU T02.2025 | K146: CP LƯƠNG T2.2025 | L146: 2 | M146: 2025 | N146: 24234748 | O146: 5100001273 | Q146: CUC.NT | T146: 0
A147: 627 | B147: Xưởng Sản Xuất | C147: Phụ Cấp | D147: 45715 | E147: 1013532775 | F147: 6271003202 | G147: Tiền ăn giữa ca-Gián | H147: 1001602000 | I147: Xưởng sản xuất PET | J147: chi phí suất ăn - Đắc Bảo An tháng 02/2025 | K147: chi phí suất ăn - Đắc Bảo | L147: 2 | M147: 2025 | N147: 89075000 | O147: 3500000749 | Q147: NHI.NHN | T147: 0
A148: 627 | B148: Xưởng Sản Xuất | C148: Phụ Cấp | D148: 45716 | E148: 1013533313 | F148: 6271003202 | G148: Tiền ăn giữa ca-Gián | H148: 1001602000 | I148: Xưởng sản xuất PET | J148: CHUYỂN GL TIỀN CƠM | K148: CHUYỂN GL TIỀN CƠM | L148: 2 | M148: 2025 | N148: -81650000 | O148: 5100000871 | Q148: DIEM.NTT | T148: 0
A149: 627 | B149: Xưởng Sản Xuất | C149: Phụ Cấp | D149: 45716 | E149: 1013535130 | F149: 6271003202 | G149: Tiền ăn giữa ca-Gián | H149: 1001602000 | I149: Xưởng sản xuất PET | J149: CHI PHÍ LƯƠNG THÁNG 02.2025 | K149: CP LƯƠNG T2.2025 | L149: 2 | M149: 2025 | N149: 2690000 | O149: 5100001271 | Q149: CUC.NT | T149: 0
A150: 627 | B150: Xưởng Sản Xuất | C150: BHXH, BHYT, KPCĐ | D150: 45716 | E150: 1013535131 | F150: 6271003401 | G150: BHXH, BHYT, KPCĐ, BH | H150: 1001602000 | I150: Xưởng sản xuất PET | J150: BHXH,BHYT,KPCĐ,BHTN T2.25 | K150: CP LƯƠNG T2.2025 | L150: 2 | M150: 2025 | N150: 79799555 | O150: 5100001272 | Q150: CUC.NT | T150: 0
A151: 627 | B151: Xưởng Sản Xuất | C151: BHXH, BHYT, KPCĐ | D151: 45716 | E151: 1013535131 | F151: 6271003401 | G151: BHXH, BHYT, KPCĐ, BH | H151: 1001602000 | I151: Xưởng sản xuất PET | J151: BHXH,BHYT,KPCĐ,BHTN T2.25 | K151: CP LƯƠNG T2.2025 | L151: 2 | M151: 2025 | N151: 1452300 | O151: 5100001272 | Q151: CUC.NT | T151: 0
A152: 627 | B152: Xưởng Sản Xuất | C152: Thưởng | D152: 45716 | E152: 1013535132 | F152: 6271002806 | G152: Thưởng danh hiệu | H152: 1001602000 | I152: Xưởng sản xuất PET | J152: TRÍCH DANH HIỆU T02.2025 | K152: CP LƯƠNG T2.2025 | L152: 2 | M152: 2025 | N152: 29362158 | O152: 5100001273 | Q152: CUC.NT | T152: 0
A153: 627 | B153: Xưởng Sản Xuất | C153: BHXH, BHYT, KPCĐ | D153: 45716 | E153: 1013535134 | F153: 6271003401 | G153: BHXH, BHYT, KPCĐ, BH | H153: 1001602000 | I153: Xưởng sản xuất PET | J153: Điều chỉnh tăng BHYT T2.2025 | K153: CP LƯƠNG T2.2025 | L153: 2 | M153: 2025 | N153: 4088520 | O153: 5100001277 | Q153: CUC.NT | T153: 0
A154: 622 | B154: Xưởng Sản Xuất | C154: Lương Chính +T13 | D154: 45695 | E154: 1013531766 | F154: 6220002601 | G154: CP lương chính-Trực | H154: 1001606000 | I154: Xưởng sản xuất HDPE | J154: CP công nhân thuê ngoài T01.2025 (12 HDPE) | K154: CP công nhân thuê ngoài T | L154: 2 | M154: 2025 | N154: 87540384 | O154: 3500000700 | Q154: NHI.NHN | T154: 0
A155: 622 | B155: Xưởng Sản Xuất | C155: Lương Chính +T13 | D155: 45696 | E155: 1013532601 | F155: 6220002601 | G155: CP lương chính-Trực | H155: 1001606000 | I155: Xưởng sản xuất HDPE | J155: CP công nhân thuê ngoài T01.2025 (1 HDPE) | K155: CP công nhân thuê ngoài T | L155: 2 | M155: 2025 | N155: 4166667 | O155: 3500000726 | Q155: NHI.NHN | T155: 0
... A190: 627 | B190: Xưởng Sản Xuất | C190: Phụ Cấp | D190: 45716 | E190: 1013535130 | F190: 6271003202 | G190: Tiền ăn giữa ca-Gián | H190: 1001607000 | I190: Kho | J190: CHI PHÍ LƯƠNG THÁNG 02.2025 | K190: CP LƯƠNG T2.2025 | L190: 2 | M190: 2025 | N190: 7820000 | O190: 5100001271 | Q190: CUC.NT | T190: 0
B191: Tư vấn dịch vụ | C191: Lương Chính +T13 | D191: 45716 | E191: 1013535130 | F191: 6421002604 | G191: CP lương chính-Gián | H191: 1001609000 | I191: Tư Vấn Dịch Vụ | J191: CHI PHÍ LƯƠNG THÁNG 02.2025 | K191: CP LƯƠNG T2.2025 | L191: 2 | M191: 2025 | N191: 225000000 | O191: 5100001271 | Q191: CUC.NT | T191: 0
A192: 622 | B192: Xưởng Sản Xuất | C192: Lương Chính +T13 | D192: 45716 | E192: 1013535130 | F192: 6220002601 | G192: CP lương chính-Trực | H192: 1001608000 | I192: Xưởng sản xuất PP | J192: CHI PHÍ LƯƠNG THÁNG 02.2025 | K192: CP LƯƠNG T2.2025 | L192: 2 | M192: 2025 | N192: 15768731 | O192: 5100001271 | Q192: CUC.NT | T192: 0
A193: 622 | B193: Xưởng Sản Xuất | C193: Lương Chính +T13 | D193: 45716 | E193: 1013535130 | F193: 6220002602 | G193: CP Lương tháng 13, P | H193: 1001608000 | I193: Xưởng sản xuất PP | J193: CHI PHÍ LƯƠNG THÁNG 02.2025 | K193: CP LƯƠNG T2.2025 | L193: 2 | M193: 2025 | N193: 214154 | O193: 5100001271 | Q193: CUC.NT | T193: 0
A194: 622 | B194: Xưởng Sản Xuất | C194: Phụ Cấp | D194: 45716 | E194: 1013535130 | F194: 6220002603 | G194: Phụ cấp ca đêm | H194: 1001608000 | I194: Xưởng sản xuất PP | J194: CHI PHÍ LƯƠNG THÁNG 02.2025 | K194: CP LƯƠNG T2.2025 | L194: 2 | M194: 2025 | N194: 1247100 | O194: 5100001271 | Q194: CUC.NT | T194: 0
A195: 622 | B195: Xưởng Sản Xuất | C195: Lương Ngoài giờ | D195: 45716 | E195: 1013535130 | F195: 6220002701 | G195: CP lương ngoài giờ | H195: 1001608000 | I195: Xưởng sản xuất PP | J195: CHI PHÍ LƯƠNG THÁNG 02.2025 | K195: CP LƯƠNG T2.2025 | L195: 2 | M195: 2025 | N195: 2988232 | O195: 5100001271 | Q195: CUC.NT | T195: 0
A196: 622 | B196: Xưởng Sản Xuất | C196: Thưởng | D196: 45716 | E196: 1013535130 | F196: 6220002802 | G196: Chi phí Khen thưởng | H196: 1001608000 | I196: Xưởng sản xuất PP | J196: CHI PHÍ LƯƠNG THÁNG 02.2025 | K196: CP LƯƠNG T2.2025 | L196: 2 | M196: 2025 | N196: 1000000 | O196: 5100001271 | Q196: CUC.NT | T196: 0
A197: 622 | B197: Xưởng Sản Xuất | C197: Phụ Cấp | D197: 45716 | E197: 1013535130 | F197: 6220003201 | G197: Tiền ăn giữa ca-Trực | H197: 1001608000 | I197: Xưởng sản xuất PP | J197: CHI PHÍ LƯƠNG THÁNG 02.2025 | K197: CP LƯƠNG T2.2025 | L197: 2 | M197: 2025 | N197: 310000 | O197: 5100001271 | Q197: CUC.NT | T197: 0
A198: 627 | B198: Xưởng Sản Xuất | C198: BHXH, BHYT, KPCĐ | D198: 45716 | E198: 1013535131 | F198: 6271003401 | G198: BHXH, BHYT, KPCĐ, BH | H198: 1001607000 | I198: Kho | J198: BHXH,BHYT,KPCĐ,BHTN T2.25 | K198: CP LƯƠNG T2.2025 | L198: 2 | M198: 2025 | N198: 64832035 | O198: 5100001272 | Q198: CUC.NT | T198: 0
A199: 622 | B199: Xưởng Sản Xuất | C199: BHXH, BHYT, KPCĐ | D199: 45716 | E199: 1013535131 | F199: 6220003401 | G199: BHXH, BHYT, KPCĐ, BH | H199: 1001608000 | I199: Xưởng sản xuất PP | J199: BHXH,BHYT,KPCĐ,BHTN T2.25 | K199: CP LƯƠNG T2.2025 | L199: 2 | M199: 2025 | N199: 2604740 | O199: 5100001272 | Q199: CUC.NT | T199: 0
A200: 627 | B200: Xưởng Sản Xuất | C200: BHXH, BHYT, KPCĐ | D200: 45716 | E200: 1013535131 | F200: 6271003401 | G200: BHXH, BHYT, KPCĐ, BH | H200: 1001607000 | I200: Kho | J200: BHXH,BHYT,KPCĐ,BHTN T2.25 | K200: CP LƯƠNG T2.2025 | L200: 2 | M200: 2025 | N200: 4000170 | O200: 5100001272 | Q200: CUC.NT | T200: 0
A201: 627 | B201: Xưởng Sản Xuất | C201: Lương Chính +T13 | D201: 45716 | E201: 1013535132 | F201: 6271002605 | G201: CP Lương tháng 13, P | H201: 1001607000 | I201: Kho | J201: TRÍCH LƯƠNG T13, PHÉP NĂM T02.2025 | K201: CP LƯƠNG T2.2025 | L201: 2 | M201: 2025 | N201: 31649112 | O201: 5100001273 | Q201: CUC.NT | T201: 0
A202: 627 | B202: Xưởng Sản Xuất | C202: Thưởng | D202: 45716 | E202: 1013535132 | F202: 6271002806 | G202: Thưởng danh hiệu | H202: 1001607000 | I202: Kho | J202: TRÍCH DANH HIỆU T02.2025 | K202: CP LƯƠNG T2.2025 | L202: 2 | M202: 2025 | N202: 18942115 | O202: 5100001273 | Q202: CUC.NT | T202: 0
B203: Tư vấn dịch vụ | C203: Lương Chính +T13 | D203: 45716 | E203: 1013535132 | F203: 6421002605 | G203: CP Lương tháng 13, P | H203: 1001609000 | I203: Tư Vấn Dịch Vụ | J203: TRÍCH LƯƠNG T13, PHÉP NĂM T02.2025 | K203: CP LƯƠNG T2.2025 | L203: 2 | M203: 2025 | N203: 18750000 | O203: 5100001273 | Q203: CUC.NT | T203: 0
B204: Tư vấn dịch vụ | C204: Thưởng | D204: 45716 | E204: 1013535132 | F204: 6421002806 | G204: Thưởng danh hiệu | H204: 1001609000 | I204: Tư Vấn Dịch Vụ | J204: TRÍCH DANH HIỆU T02.2025 | K204: CP LƯƠNG T2.2025 | L204: 2 | M204: 2025 | N204: 17249850 | O204: 5100001273 | Q204: CUC.NT | T204: 0
A205: 622 | B205: Xưởng Sản Xuất | C205: Lương Chính +T13 | D205: 45716 | E205: 1013535132 | F205: 6220002602 | G205: CP Lương tháng 13, P | H205: 1001608000 | I205: Xưởng sản xuất PP | J205: TRÍCH LƯƠNG T13, PHÉP NĂM T02.2025 | K205: CP LƯƠNG T2.2025 | L205: 2 | M205: 2025 | N205: 1176360 | O205: 5100001273 | Q205: CUC.NT | T205: 0
A206: 622 | B206: Xưởng Sản Xuất | C206: Thưởng | D206: 45716 | E206: 1013535132 | F206: 6220002806 | G206: Thưởng danh hiệu | H206: 1001608000 | I206: Xưởng sản xuất PP | J206: TRÍCH DANH HIỆU T02.2025 | K206: CP LƯƠNG T2.2025 | L206: 2 | M206: 2025 | N206: 157016 | O206: 5100001273 | Q206: CUC.NT | T206: 0
A207: 627 | B207: Xưởng Sản Xuất | C207: Khen thưởng BD khác | D207: 45698 | E207: 1013546450 | F207: 6271007202 | G207: Khen thưởng BD khác | H207: 1001607000 | I207: Kho | J207: TT BD lên xuống Cont T12/24-Huy Vũ | K207: TT BD lên xuống Cont T12 | L207: 2 | M207: 2025 | N207: -7500000 | O207: 8500000254 | P207: X | Q207: CUC.NT | T207: 0
A208: 627 | B208: Xưởng Sản Xuất | C208: Khen thưởng BD khác | D208: 45698 | E208: 1013546454 | F208: 6271007202 | G208: Khen thưởng BD khác | H208: 1001607000 | I208: Kho | J208: TT BD lên xuống Cont T12/24-Huy Vũ | K208: BD lên xuống Cont T12/24 | L208: 2 | M208: 2025 | N208: 7500000 | O208: 5100001729 | Q208: ANH.NTK | T208: 0
A209: 627 | B209: Xưởng Sản Xuất | C209: Khen thưởng BD khác | D209: 45698 | E209: 1013546458 | F209: 6271007202 | G209: Khen thưởng BD khác | H209: 1001607000 | I209: Kho | J209: TT BD lên xuống Cont T12/24-Huy Vũ | K209: BD lên xuống Cont T12/24 | L209: 2 | M209: 2025 | N209: -7500000 | O209: 8500000255 | P209: X | Q209: CUC.NT | T209: 0
A210: 627 | B210: Xưởng Sản Xuất | C210: Khen thưởng BD khác | D210: 45698 | E210: 1013546460 | F210: 6271007202 | G210: Khen thưởng BD khác | H210: 1001607000 | I210: Kho | J210: TT BD lên xuống Cont T12/24-Huy Vũ | K210: BD lên xuống Cont T12/24 | L210: 2 | M210: 2025 | N210: 7500000 | O210: 5100001731 | Q210: ANH.NTK | T210: 0
B211: Ban Giám Đốc | C211: Lương Chính +T13 | D211: 45688 | E211: 1013519176 | F211: 6421002604 | G211: CP lương chính-Gián | H211: 1001101000 | I211: Ban giám đốc | J211: CHI PHÍ LƯƠNG T01.2025 | K211: CP LƯƠNG T1.2025 | L211: 1 | M211: 2025 | N211: 1133420318 | O211: 5100000503 | Q211: CUC.NT | T211: 0
B212: Ban Giám Đốc | C212: Lương Chính +T13 | D212: 45688 | E212: 1013519176 | F212: 6421002605 | G212: CP Lương tháng 13, P | H212: 1001101000 | I212: Ban giám đốc | J212: CHI PHÍ LƯƠNG T01.2025 | K212: CP LƯƠNG T1.2025 | L212: 1 | M212: 2025 | N212: 37445455 | O212: 5100000503 | Q212: CUC.NT | T212: 0
B213: Ban Giám Đốc | C213: Lương Chính +T13 | D213: 45688 | E213: 1013519177 | F213: 6421002605 | G213: CP Lương tháng 13, P | H213: 1001101000 | I213: Ban giám đốc | J213: TRÍCH LƯƠNG T13, PHÉP NĂM T1.2025 | K213: CP LƯƠNG T1.2025 | L213: 1 | M213: 2025 | N213: 93275083 | O213: 5100000504 | Q213: CUC.NT | T213: 0
B214: Ban Giám Đốc | C214: Thưởng | D214: 45688 | E214: 1013519176 | F214: 6421002802 | G214: Chi phí Khen thưởng | H214: 1001101000 | I214: Ban giám đốc | J214: CHI PHÍ LƯƠNG T01.2025 | K214: CP LƯƠNG T1.2025 | L214: 1 | M214: 2025 | N214: 2000000 | O214: 5100000503 | Q214: CUC.NT | T214: 0
B215: Ban Giám Đốc | C215: Thưởng | D215: 45688 | E215: 1013519177 | F215: 6421002806 | G215: Thưởng danh hiệu | H215: 1001101000 | I215: Ban giám đốc | J215: TRÍCH DANH HIỆU T1.2025 | K215: CP LƯƠNG T1.2025 | L215: 1 | M215: 2025 | N215: 85812330 | O215: 5100000504 | Q215: CUC.NT | T215: 0
B216: Ban Giám Đốc | C216: BHXH, BHYT, KPCĐ | D216: 45688 | E216: 1013519180 | F216: 6421003401 | G216: BHXH, BHYT, KPCĐ, BH | H216: 1001101000 | I216: Ban giám đốc | J216: BHXH,BHYT,KPCĐ,BHTN T1.25 | K216: CP LƯƠNG T1.2025 | L216: 1 | M216: 2025 | N216: 101568010 | O216: 5100000505 | Q216: CUC.NT | T216: 0
B217: Ban Giám Đốc | C217: BHXH, BHYT, KPCĐ | D217: 45688 | E217: 1013519189 | F217: 6421003401 | G217: BHXH, BHYT, KPCĐ, BH | H217: 1001101000 | I217: Ban giám đốc | J217: BHXH,BHYT,KPCĐ,BHTN T1.25 | K217: CP LƯƠNG T1.2025 | L217: 1 | M217: 2025 | N217: 101568010 | O217: 5100000511 | Q217: CUC.NT | T217: 0
B218: Ban Giám Đốc | C218: BHXH, BHYT, KPCĐ | D218: 45688 | E218: 1013519191 | F218: 6421003401 | G218: BHXH, BHYT, KPCĐ, BH | H218: 1001101000 | I218: Ban giám đốc | J218: BHXH,BHYT,KPCĐ,BHTN T1.25 | K218: CP LƯƠNG T1.2025 | L218: 1 | M218: 2025 | N218: -101568010 | O218: 8500000106 | P218: X | Q218: CUC.NT | T218: 0
B219: Văn Phòng Giám Đốc | C219: Khen thưởng BD khác | D219: 45678 | E219: 1013515475 | F219: 6421007202 | G219: Khen thưởng BD khác | H219: 1001201000 | I219: Văn phòng giám đốc | J219: TT CP BD Khen thưởng ATVSV T12/24-Lê Viết Thiện | K219: TT CP BD Khen thưởng ATVS | L219: 1 | M219: 2025 | N219: 3292753 | O219: 5100000087 | Q219: ANH.NTK | T219: 0
B220: Văn Phòng Giám Đốc | C220: Khen thưởng BD khác | D220: 45680 | E220: 1013516854 | F220: 6421007202 | G220: Khen thưởng BD khác | H220: 1001201000 | I220: Văn phòng giám đốc | J220: CP khen thưởng cải tiến tiết kiệm 2024 | K220: CP khen thưởng cải tiến | L220: 1 | M220: 2025 | N220: 545636253 | O220: 5100000139 | Q220: NHI.NHN | T220: 0
B221: Văn Phòng Giám Đốc | C221: Khen thưởng BD khác | D221: 45688 | E221: 1013516955 | F221: 6421007202 | G221: Khen thưởng BD khác | H221: 1001201000 | I221: Văn phòng giám đốc | J221: Trích BD 5S T1.25 | K221: Trích BD 5S T01.25 | L221: 1 | M221: 2025 | N221: 1500000 | O221: 5100000156 | Q221: ANH.NTK | T221: 0
B222: Hành Chánh Nhân Sự | C222: Lương Chính +T13 | D222: 45688 | E222: 1013517302 | F222: 6421002604 | G222: CP lương chính-Gián | H222: 1001202000 | I222: Hành chánh nhân sự | J222: Phí dịch vụ bảo vệ tháng 01/2025 | K222: Phí dịch vụ bảo vệ tháng | L222: 1 | M222: 2025 | N222: 83314193 | O222: 3500000364 | Q222: NHI.NHN | T222: 0
B223: Hành Chánh Nhân Sự | C223: Khen thưởng BD khác | D223: 45688 | E223: 1013517303 | F223: 6421007202 | G223: Khen thưởng BD khác | H223: 1001202000 | I223: Hành chánh nhân sự | J223: Trích trước lương IT T01.2025 - Phạm Đình Lợi | K223: Trích trước lương IT T01 | L223: 1 | M223: 2025 | N223: 5400000 | O223: 5100000159 | Q223: NHI.NHN | T223: 0
B224: Hành Chánh Nhân Sự | C224: Phụ Cấp | D224: 45682 | E224: 1013517351 | F224: 6421003202 | G224: Tiền ăn giữa ca-Gián | H224: 1001202000 | I224: Hành chánh nhân sự | J224: chi phí suất ăn - Đắc Bảo An tháng 01/2025 | K224: chi phí suất ăn - Đắc Bảo | L224: 1 | M224: 2025 | N224: 29450000 | O224: 3500000374 | Q224: NHI.NHN | T224: 0
B225: Văn Phòng Giám Đốc | C225: Phụ Cấp | D225: 45682 | E225: 1013517351 | F225: 6421003202 | G225: Tiền ăn giữa ca-Gián | H225: 1001201000 | I225: Văn phòng giám đốc | J225: chi phí suất ăn - Đắc Bảo An tháng 01/2025 | K225: chi phí suất ăn - Đắc Bảo | L225: 1 | M225: 2025 | N225: 5375000 | O225: 3500000374 | Q225: NHI.NHN | T225: 0
B226: Văn Phòng Giám Đốc | C226: Khen thưởng BD khác | D226: 45680 | E226: 1013517476 | F226: 6421007202 | G226: Khen thưởng BD khác | H226: 1001201000 | I226: Văn phòng giám đốc | J226: CP khen thưởng cải tiến tiết kiệm 2024 | K226: CP khen thưởng cải tiến | L226: 1 | M226: 2025 | N226: -545636253 | O226: 8500000089 | P226: X | Q226: CUC.NT | T226: 0
B227: Văn Phòng Giám Đốc | C227: Lương Chính +T13 | D227: 45688 | E227: 1013519176 | F227: 6421002604 | G227: CP lương chính-Gián | H227: 1001201000 | I227: Văn phòng giám đốc | J227: CHI PHÍ LƯƠNG T01.2025 | K227: CP LƯƠNG T1.2025 | L227: 1 | M227: 2025 | N227: 85653727 | O227: 5100000503 | Q227: CUC.NT | T227: 0
B228: Văn Phòng Giám Đốc | C228: Lương Chính +T13 | D228: 45688 | E228: 1013519176 | F228: 6421002605 | G228: CP Lương tháng 13, P | H228: 1001201000 | I228: Văn phòng giám đốc | J228: CHI PHÍ LƯƠNG T01.2025 | K228: CP LƯƠNG T1.2025 | L228: 1 | M228: 2025 | N228: 4863461 | O228: 5100000503 | Q228: CUC.NT | T228: 0
...

Sheet 01. CP Nhân sự 2025
A1: 00. DM | B1: CHI PHÍ NHÂN SỰ 2025
K3: =SUM(K18,K32,K46,K60,K74,K88,K102,K116,K130,K144,K158) -> 152749563246 | N3: =SUM(N18:N158) -> 1.4377677e+12 | O3: =K3/$N$3 -> 0.10624078
A4: THÁNG | B4: STT | C4: Bộ phận | D4: Định biên | E4: Lương Chính +T13 | F4: Lương Ngoài giờ | G4: Thưởng | H4: Phụ Cấp | I4: BHXH, BHYT, KPCĐ | J4: Khen thưởng BD khác | K4: Cộng | L4: Tỷ lệ tăng | N4: Doanh thu | O4: % lương / doanh thu
A5: 1 | B5: 1 | C5: Ban Giám Đốc | D5: 11 | E5: 1264140856 | G5: 87812330 | I5: 101568010 | K5: =SUM(E5:J5) -> 1453521196 | O5: =K5/$N$18 -> 0.012698666
A6: 1 | B6: 2 | C6: Kinh doanh | D6: 9 | E6: 266365959 | G6: 66215507 | I6: 51324945 | K6: =SUM(E6:J6) -> 383906411 | O6: =K6/$N$18 -> 0.0033539926
A7: 1 | B7: 3 | C7: Mua Hàng & XNK | D7: 6 | E7: 164395004 | G7: 8470467 | H7: 3850000 | I7: 16645755 | K7: =SUM(E7:J7) -> 193361226 | O7: =K7/$N$18 -> 0.0016892974
A8: 1 | B8: 4 | C8: Kế Toán | D8: 24 | E8: 473875397 | F8: 46152955 | G8: 38217504 | H8: 16375385 | I8: 86246195 | K8: =SUM(E8:J8) -> 660867436 | O8: =K8/$N$18 -> 0.0057736584
A9: 1 | B9: 5 | C9: Nghiên Cứu & Phát Triển | D9: 6 | E9: 158791577 | G9: 13123786 | H9: 50000 | I9: 35154315 | K9: =SUM(E9:J9) -> 207119678 | O9: =K9/$N$18 -> 0.001809498
A10: 1 | B10: 6 | C10: Văn Phòng Giám Đốc | D10: 4 | E10: 99254688 | G10: 8838430 | H10: 5550000 | I10: 30888225 | J10: 4792753 | K10: =SUM(E10:J10) -> 149324096 | O10: =K10/$N$18 -> 0.0013045677
A11: 1 | B11: 7 | C11: Kiểm Soát Chất Lượng | D11: 47 | E11: 534769107 | F11: 158408018 | G11: 52061339 | H11: 59537328 | I11: 101945350 | K11: =SUM(E11:J11) -> 906721142 | O11: =K11/$N$18 -> 0.0079215556
A12: 1 | B12: 8 | C12: Kỹ Thuật | D12: 72 | E12: 1110867901 | F12: 275691629 | G12: 99942604 | H12: 93620134 | I12: 228967370 | J12: 4500000 | K12: =SUM(E12:J12) -> 1813589638 | O12: =K12/$N$18 -> 0.015844399
A13: 1 | B13: 9 | C13: Hành Chánh Nhân Sự | D13: 43 | E13: 727256871 | F13: 100517421 | G13: 54907749 | H13: 44467681 | I13: 103648325 | J13: 5400000 | K13: =SUM(E13:J13) -> 1036198047 | O13: =K13/$N$18 -> 0.0090527286
A14: 1 | B14: 10 | C14: Cung Ứng | D14: 36 | E14: 543777219 | G14: 198877610 | H14: 13970000 | I14: 98662635 | K14: =SUM(E14:J14) -> 855287464 | O14: =K14/$N$18 -> 0.0074722061
A15: 1 | B15: 11 | C15: Xưởng Sản Xuất | D15: 91 | E15: 1231903621 | F15: 121068303 | G15: 91899296 | H15: 107240314 | I15: 188011260 | J15: 5150000 | K15: =SUM(E15:J15) -> 1745272794 | L15: =K15+K16 -> 4703024708 | O15: =K15/$N$18 -> 0.01524755
A16: 1 | B16: 12 | C16: Xưởng Sản Xuất | D16: 218 | E16: 1950381801 | F16: 326525959 | G16: 131737986 | H16: 258406333 | I16: 290699835 | K16: =SUM(E16:J16) -> 2957751914 | O16: =K16/$N$18 -> 0.025840355
A17: 1 | B17: 13 | C17: Tư vấn dịch vụ | D17: 2 | E17: 113750000 | G17: 8049930 | K17: =SUM(E17:J17) -> 121799930 | O17: =K17/$N$18 -> 0.0010641033
A18: 1 | C18: CỘNG | D18: 569 | E18: 8639530001 | F18: 1028364285 | G18: 860154538 | H18: 603067175 | I18: 1333762220 | J18: 19842753 | K18: =SUM(K5:K17) -> 12484720972 | N18: 114462510402 | O18: =K18/$N$18 -> 0.10907258
A19: 2 | B19: 1 | C19: Ban Giám Đốc | D19: 11 | E19: 1282964721 | G19: 95992326 | I19: 112158010 | K19: =SUM(E19:J19) -> 1491115057 | O19: =K19/$N$32 -> 0.0079314858
A20: 2 | B20: 2 | C20: Kinh doanh | D20: 9 | E20: 256598460 | G20: 58223048 | H20: 50000 | I20: 57199945 | K20: =SUM(E20:J20) -> 372071453 | O20: =K20/$N$32 -> 0.0019791091
A21: 2 | B21: 3 | C21: Mua Hàng & XNK | D21: 7 | E21: 100998488 | F21: 10838778 | H21: 2900000 | I21: 22638255 | K21: =SUM(E21:J21) -> 137375521 | O21: =K21/$N$32 -> 0.00073072295
A22: 2 | B22: 4 | C22: Kế Toán | D22: 23 | E22: 449665471 | F22: 36055040 | G22: 42644566 | H22: 12820000 | I22: 87773695 | K22: =SUM(E22:J22) -> 628958772 | O22: =K22/$N$32 -> 0.003345535
A23: 2 | B23: 5 | C23: Nghiên Cứu & Phát Triển | D23: 6 | E23: 156797884 | G23: 14923786 | I23: 35154315 | K23: =SUM(E23:J23) -> 206875985 | O23: =K23/$N$32 -> 0.0011004073
A24: 2 | B24: 6 | C24: Văn Phòng Giám Đốc | D24: 3 | E24: 87674558 | G24: 8189109 | H24: 2400000 | I24: 20503750 | K24: =SUM(E24:J24) -> 118767417 | O24: =K24/$N$32 -> 0.00063174339
A25: 2 | B25: 7 | C25: Kiểm Soát Chất Lượng | D25: 47 | E25: 514268646 | F25: 134337444 | G25: 66215238 | H25: 50273803 | I25: 106643940 | K25: =SUM(E25:J25) -> 871739071 | O25: =K25/$N$32 -> 0.0046369232
A26: 2 | B26: 8 | C26: Kỹ Thuật | D26: 71 | E26: 1030234344 | F26: 279940724 | G26: 189713746 | H26: 82048756 | I26: 217149870 | K26: =SUM(E26:J26) -> 1799087440 | O26: =K26/$N$32 -> 0.0095696415
A27: 2 | B27: 9 | C27: Hành Chánh Nhân Sự | D27: 43 | E27: 697796771 | F27: 141925157 | G27: 62132823 | H27: 46573980 | I27: 132056975 | J27: 13881191 | K27: =SUM(E27:J27) -> 1094366897 | O27: =K27/$N$32 -> 0.0058211172
A28: 2 | B28: 10 | C28: Cung Ứng | D28: 37 | E28: 527553705 | G28: 280249130 | H28: 11800000 | I28: 98662635 | K28: =SUM(E28:J28) -> 918265470 | O28: =K28/$N$32 -> 0.0048844048
A29: 2 | B29: 11 | C29: Xưởng Sản Xuất | D29: 92 | E29: 2002581833 | F29: 301395737 | G29: 128601782 | H29: 240936665 | I29: 282778795 | K29: =SUM(E29:J29) -> 2956294812 | O29: =K29/$N$32 -> 0.015725017
A30: 2 | B30: 12 | C30: Xưởng Sản Xuất | D30: 233 | E30: 1097100836 | F30: 118641454 | G30: 102701901 | H30: 74369452 | I30: 184031815 | J30: 7500000 | K30: =SUM(E30:J30) -> 1584345458 | O30: =K30/$N$32 -> 0.0084273936
A31: 2 | B31: 13 | C31: Tư vấn dịch vụ | D31: 3 | E31: 243750000 | G31: 17249850 | K31: =SUM(E31:J31) -> 260999850 | O31: =K31/$N$32 -> 0.0013883011
A32: 2 | C32: CỘNG | D32: =SUM(D19:D31) -> 585 | E32: =SUM(E19:E31) -> 8447985717 | F32: =SUM(F19:F31) -> 1023134334 | G32: =SUM(G19:G31) -> 1066837305 | H32: =SUM(H19:H31) -> 524172656 | I32: =SUM(I19:I31) -> 1356752000 | J32: =SUM(J19:J31) -> 21381191 | K32: =SUM(K19:K31) -> 12440263203 | L32: =K32/K18 -> 0.99643903 | N32: 187999461059 | O32: =K32/$N$32 -> 0.066171802
A33: 3 | B33: 1 | C33: Ban Giám Đốc | D33: 11 | E33: 1290464719 | G33: 86272326 | I33: 123680010 | K33: =SUM(E33:J33) -> 1500417055 | O33: =K33/$N$46 -> 0.0099859153
A34: 3 | B34: 2 | C34: Kinh doanh | D34: 9 | E34: 247831117 | G34: 348973474 | H34: 10262739 | I34: 62369945 | K34: =SUM(E34:J34) -> 669437275 | O34: =K34/$N$46 -> 0.0044553905
A35: 3 | B35: 3 | C35: Mua Hàng & XNK | D35: 7 | E35: 116437913 | G35: 9838778 | H35: 4550000 | I35: 22638255 | K35: =SUM(E35:J35) -> 153464946 | O35: =K35/$N$46 -> 0.0010213747
A36: 3 | B36: 4 | C36: Kế Toán | D36: 23 | E36: 420976789 | F36: 43454986 | G36: 30991234 | H36: 13730000 | I36: 85188695 | K36: =SUM(E36:J36) -> 594341704 | O36: =K36/$N$46 -> 0.0039555975
A37: 3 | B37: 5 | C37: Nghiên Cứu & Phát Triển | D37: 7 | E37: 161901104 | G37: 12805445 | I37: 35154315 | K37: =SUM(E37:J37) -> 209860864 | O37: =K37/$N$46 -> 0.0013967135
A38: 3 | B38: 6 | C38: Văn Phòng Giám Đốc | D38: 3 | E38: 84618789 | G38: 6689109 | H38: 1750000 | I38: 20503750 | K38: =SUM(E38:J38) -> 113561648 | O38: =K38/$N$46 -> 0.00075580119
A39: 3 | B39: 7 | C39: Kiểm Soát Chất Lượng | D39: 53 | E39: 538848633 | F39: 176485897 | G39: 38457122 | H39: 63690810 | I39: 105552365 | K39: =SUM(E39:J39) -> 923034827 | O39: =K39/$N$46 -> 0.0061431904
A40: 3 | B40: 8 | C40: Kỹ Thuật | D40: 76 | E40: 985747351 | F40: 291038225 | G40: 73263716 | H40: 92181120 | I40: 213996170 | K40: =SUM(E40:J40) -> 1656226582 | O40: =K40/$N$46 -> 0.011022894
A41: 3 | B41: 9 | C41: Hành Chánh Nhân Sự | D41: 43 | E41: 716066208 | F41: 85045966 | G41: 43613230 | H41: 48658512 | I41: 139741165 | J41: 14276937 | K41: =SUM(E41:J41) -> 1047402018 | O41: =K41/$N$46 -> 0.0069709071
A42: 3 | B42: 10 | C42: Cung Ứng | D42: 36 | E42: 510664003 | G42: 214602372 | H42: 16390000 | I42: 102246385 | K42: =SUM(E42:J42) -> 843902760 | O42: =K42/$N$46 -> 0.0056165327
A43: 3 | B43: 11 | C43: Xưởng Sản Xuất | D43: 94 | E43: 1985974828 | F43: 353064382 | G43: 29468425 | H43: 273008624 | I43: 287845515 | K43: =SUM(E43:J43) -> 2929361774 | O43: =K43/$N$46 -> 0.019496152
A44: 3 | B44: 12 | C44: Xưởng Sản Xuất | D44: 237 | E44: 1095606795 | F44: 136207241 | G44: 61591156 | H44: 104061083 | I44: 164185645 | J44: 7800000 | K44: =SUM(E44:J44) -> 1569451920 | O44: =K44/$N$46 -> 0.010445372
A45: 3 | B45: 13 | C45: Tư vấn dịch vụ | D45: 3 | E45: 243750000 | G45: 17249850 | K45: =SUM(E45:J45) -> 260999850 | O45: =K45/$N$46 -> 0.0017370653
A46: 3 | C46: CỘNG | D46: =SUM(D33:D45) -> 602 | E46: =SUM(E33:E45) -> 8398888249 | F46: =SUM(F33:F45) -> 1085296697 | G46: =SUM(G33:G45) -> 973816237 | H46: =SUM(H33:H45) -> 628282888 | I46: =SUM(I33:I45) -> 1363102215 | J46: =SUM(J33:J45) -> 22076937 | K46: =SUM(K33:K45) -> 12471463223 | L46: =K46/K32 -> 1.002508 | N46: 150253332680 | O46: =K46/$N$46 -> 0.083002906
A47: 4 | B47: 1 | C47: Ban Giám Đốc | D47: 12 | E47: 1442416935 | F47: 0 | G47: 98638906 | H47: 375000 | I47: 123680010 | J47: 0 | K47: =SUM(E47:J47) -> 1665110851 | O47: =K47/$N$60 -> 0.013275257
A48: 4 | B48: 2 | C48: Kinh doanh | D48: 9 | E48: 287280846 | F48: 0 | G48: 381576034 | H48: 5859296 | I48: 62369945 | J48: 0 | K48: =SUM(E48:J48) -> 737086121 | O48: =K48/$N$60 -> 0.0058764903
A49: 4 | B49: 3 | C49: Mua Hàng & XNK | D49: 7 | E49: 131069211 | F49: 0 | G49: 11015778 | H49: 4025000 | I49: 19512755 | J49: 0 | K49: =SUM(E49:J49) -> 165622744 | O49: =K49/$N$60 -> 0.0013204433
A50: 4 | B50: 4 | C50: Kế Toán | D50: 23 | E50: 477805323 | F50: 49665984 | G50: 35967566 | H50: 15845000 | I50: 85893695 | J50: 0 | K50: =SUM(E50:J50) -> 665177568 | O50: =K50/$N$60 -> 0.0053031924
A51: 4 | B51: 5 | C51: Nghiên Cứu & Phát Triển | D51: 7 | E51: 178612873 | F51: 0 | G51: 14205445 | H51: 275000 | I51: 35154315 | J51: 0 | K51: =SUM(E51:J51) -> 228247633 | O51: =K51/$N$60 -> 0.0018197263
A52: 4 | B52: 6 | C52: Văn Phòng Giám Đốc | D52: 3 | E52: 96916867 | F52: 0 | G52: 7689109 | H52: 1750000 | I52: 20503750 | J52: 0 | K52: =SUM(E52:J52) -> 126859726 | O52: =K52/$N$60 -> 0.0010114014
A53: 4 | B53: 7 | C53: Kiểm Soát Chất Lượng | D53: 51 | E53: 590766488 | F53: 193569297 | G53: 47831705 | H53: 72069180 | I53: 94425115 | J53: 0 | K53: =SUM(E53:J53) -> 998661785 | O53: =K53/$N$60 -> 0.0079619276
A54: 4 | B54: 8 | C54: Kỹ Thuật | D54: 82 | E54: 1206029303 | F54: 330007588 | G54: 97158663 | H54: 106234352 | I54: 213996170 | J54: 0 | K54: =SUM(E54:J54) -> 1953426076 | O54: =K54/$N$60 -> 0.015573878
A55: 4 | B55: 9 | C55: Hành Chánh Nhân Sự | D55: 44 | E55: 801989161 | F55: 100572213 | G55: 55002631 | H55: 49250834 | I55: 142587315 | J55: 6900000 | K55: =SUM(E55:J55) -> 1156302154 | O55: =K55/$N$60 -> 0.0092187306
A56: 4 | B56: 10 | C56: Cung Ứng | D56: 37 | E56: 578126133 | F56: 0 | G56: 293172475 | H56: 14454444 | I56: 104831385 | J56: 0 | K56: =SUM(E56:J56) -> 990584437 | O56: =K56/$N$60 -> 0.0078975301
A57: 4 | B57: 11 | C57: Xưởng Sản Xuất | D57: 93 | E57: 1199442565 | F57: 141188360 | G57: 79294618 | H57: 110596969 | I57: 174794240 | J57: 12500000 | K57: =SUM(E57:J57) -> 1717816752 | O57: =K57/$N$60 -> 0.01369546
A58: 4 | B58: 12 | C58: Xưởng Sản Xuất | D58: 244 | E58: 2029999294 | F58: 367893640 | G58: 76331440 | H58: 312218140 | I58: 296698100 | J58: 0 | K58: =SUM(E58:J58) -> 3083140614 | O58: =K58/$N$60 -> 0.024580636
A59: 4 | B59: 13 | C59: Tư vấn dịch vụ | D59: 2 | E59: 228717947 | F59: 0 | G59: 14566540 | H59: 0 | I59: 0 | J59: 0 | K59: =SUM(E59:J59) -> 243284487 | O59: =K59/$N$60 -> 0.0019396091
A60: 4 | C60: CỘNG | D60: =SUM(D47:D59) -> 614 | E60: =SUM(E47:E59) -> 9249172946 | F60: =SUM(F47:F59) -> 1182897082 | G60: =SUM(G47:G59) -> 1212450910 | H60: =SUM(H47:H59) -> 692953215 | I60: =SUM(I47:I59) -> 1374446795 | J60: =SUM(J47:J59) -> 19400000 | K60: =SUM(K47:K59) -> 13731320948 | L60: =K60/K46 -> 1.1010192 | N60: 125429649855 | O60: =K60/$N$60 -> 0.10947428
A61: 5 | B61: 1 | C61: Ban Giám Đốc | D61: 13 | E61: 1609479872 | F61: 0 | G61: 110338806 | H61: 0 | I61: 124672010 | J61: 0 | K61: =SUM(E61:J61) -> 1844490688 | O61: =K61/$N$74 -> 0.012129449
A62: 5 | B62: 2 | C62: Kinh doanh | D62: 8 | E62: 237599375 | F62: 0 | G62: 236892509 | H62: 5135890 | I62: 56494945 | J62: 0 | K62: =SUM(E62:J62) -> 536122719 | O62: =K62/$N$74 -> 0.0035255658
A63: 5 | B63: 3 | C63: Mua Hàng & XNK | D63: 8 | E63: 127895390 | F63: 0 | G63: 12327435 | H63: 3300000 | I63: 27385255 | J63: 0 | K63: =SUM(E63:J63) -> 170908080 | O63: =K63/$N$74 -> 0.0011238988
A64: 5 | B64: 4 | C64: Kế Toán | D64: 26 | E64: 491526305 | F64: 58349279 | G64: 40165489 | H64: 15325000 | I64: 91781855 | J64: 0 | K64: =SUM(E64:J64) -> 697147928 | O64: =K64/$N$74 -> 0.0045844744
A65: 5 | B65: 5 | C65: Nghiên Cứu & Phát Triển | D65: 7 | E65: 162722420 | F65: 0 | G65: 14320444 | H65: 100000 | I65: 38209315 | J65: 0 | K65: =SUM(E65:J65) -> 215352179 | O65: =K65/$N$74 -> 0.0014161651
A66: 5 | B66: 6 | C66: Văn Phòng Giám Đốc | D66: 3 | E66: 89882252 | F66: 0 | G66: 7289109 | H66: 1625000 | I66: 20503750 | J66: 0 | K66: =SUM(E66:J66) -> 119300111 | O66: =K66/$N$74 -> 0.0007845226
A67: 5 | B67: 7 | C67: Kiểm Soát Chất Lượng | D67: 50 | E67: 513367085 | F67: 211357684 | G67: 45880093 | H67: 67350590 | I67: 101197920 | J67: 0 | K67: =SUM(E67:J67) -> 939153372 | O67: =K67/$N$74 -> 0.0061759125
A68: 5 | B68: 8 | C68: Kỹ Thuật | D68: 82 | E68: 1135241933 | F68: 443431514 | G68: 94362005 | H68: 105452328 | I68: 212116170 | J68: 0 | K68: =SUM(E68:J68) -> 1990603950 | O68: =K68/$N$74 -> 0.013090296
A69: 5 | B69: 9 | C69: Hành Chánh Nhân Sự | D69: 44 | E69: 739749846 | F69: 102736172 | G69: 54393324 | H69: 43231386 | I69: 138199055 | J69: 14525000 | K69: =SUM(E69:J69) -> 1092834783 | O69: =K69/$N$74 -> 0.007186528
A70: 5 | B70: 10 | C70: Cung Ứng | D70: 38 | E70: 547684567 | F70: 0 | G70: 283652720 | H70: 12670000 | I70: 104831385 | J70: 0 | K70: =SUM(E70:J70) -> 948838672 | O70: =K70/$N$74 -> 0.0062396035
A71: 5 | B71: 11 | C71: Xưởng Sản Xuất | D71: 87 | E71: 1127834970 | F71: 157998496 | G71: 77882960 | H71: 97975647 | I71: 178627425 | J71: 10650000 | K71: =SUM(E71:J71) -> 1650969498 | O71: =K71/$N$74 -> 0.010856846
A72: 5 | B72: 12 | C72: Xưởng Sản Xuất | D72: 241 | E72: 2141451938 | F72: 583268535 | G72: 73227195 | H72: 320151262 | I72: 292494940 | J72: 0 | K72: =SUM(E72:J72) -> 3410593870 | O72: =K72/$N$74 -> 0.02242821
A73: 5 | B73: 13 | C73: Tư vấn dịch vụ | D73: 2 | E73: 205833333 | F73: 0 | G73: 14566540 | H73: 0 | I73: 0 | J73: 0 | K73: =SUM(E73:J73) -> 220399873 | O73: =K73/$N$74 -> 0.0014493589
A74: 5 | C74: CỘNG | D74: =SUM(D61:D73) -> 609 | E74: =SUM(E61:E73) -> 9130269286 | F74: =SUM(F61:F73) -> 1557141680 | G74: =SUM(G61:G73) -> 1065298629 | H74: =SUM(H61:H73) -> 672317103 | I74: =SUM(I61:I73) -> 1386514025 | J74: =SUM(J61:J73) -> 25175000 | K74: =SUM(K61:K73) -> 13836715723 | L74: =K74/K60 -> 1.0076755 | N74: 1.5206714e+11 | O74: =K74/$N$74 -> 0.090990831
A75: 6 | B75: 1 | C75: Ban Giám Đốc | D75: 12 | E75: 1570186120 | F75: 0 | G75: 104564834 | H75: 0 | I75: 168309455 | J75: 0 | K75: =SUM(E75:J75) -> 1843060409 | O75: =K75/$N$88 -> 0.015470395
A76: 6 | B76: 2 | C76: Kinh doanh | D76: 8 | E76: 261541743 | F76: 0 | G76: 165981145 | H76: 4949048 | I76: 56494945 | J76: 0 | K76: =SUM(E76:J76) -> 488966881 | O76: =K76/$N$88 -> 0.0041043205
A77: 6 | B77: 3 | C77: Mua Hàng & XNK | D77: 8 | E77: 152250832 | F77: 0 | G77: 10927435 | H77: 5325000 | I77: 27385255 | J77: 0 | K77: =SUM(E77:J77) -> 195888522 | O77: =K77/$N$88 -> 0.0016442612
A78: 6 | B78: 4 | C78: Kế Toán | D78: 25 | E78: 531704267 | F78: 48849223 | G78: 34852210 | H78: 17165000 | I78: 95261030 | J78: 0 | K78: =SUM(E78:J78) -> 727831730 | O78: =K78/$N$88 -> 0.0061093191
A79: 6 | B79: 5 | C79: Nghiên Cứu & Phát Triển | D79: 6 | E79: 153541240 | F79: 0 | G79: 10029829 | H79: 200000 | I79: 26528875 | J79: 0 | K79: =SUM(E79:J79) -> 190299944 | O79: =K79/$N$88 -> 0.0015973515
A80: 6 | B80: 6 | C80: Văn Phòng Giám Đốc | D80: 4 | E80: 138811579 | F80: 0 | G80: 9863081 | H80: 2000000 | I80: 20917750 | J80: 0 | K80: =SUM(E80:J80) -> 171592410 | O80: =K80/$N$88 -> 0.001440323
A81: 6 | B81: 7 | C81: Kiểm Soát Chất Lượng | D81: 54 | E81: 610360827 | F81: 202181562 | G81: 41045520 | H81: 72097483 | I81: 107367035 | J81: 0 | K81: =SUM(E81:J81) -> 1033052427 | O81: =K81/$N$88 -> 0.0086712995
A82: 6 | B82: 8 | C82: Kỹ Thuật | D82: 84 | E82: 1245502404 | F82: 361637450 | G82: 80393654 | H82: 109078812 | I82: 237026170 | J82: 0 | K82: =SUM(E82:J82) -> 2033638490 | O82: =K82/$N$88 -> 0.017070081
A83: 6 | B83: 9 | C83: Hành Chánh Nhân Sự | D83: 45 | E83: 810444512 | F83: 89191644 | G83: 46533151 | H83: 52999057 | I83: 148440275 | J83: 16100000 | K83: =SUM(E83:J83) -> 1163708639 | O83: =K83/$N$88 -> 0.0097680097
A84: 6 | B84: 10 | C84: Cung Ứng | D84: 38 | E84: 600038223 | F84: 0 | G84: 294441408 | H84: 14850000 | I84: 104623615 | J84: 0 | K84: =SUM(E84:J84) -> 1013953246 | O84: =K84/$N$88 -> 0.0085109836
A85: 6 | B85: 11 | C85: Xưởng Sản Xuất | D85: 86 | E85: 1153979957 | F85: 133593595 | G85: 58865212 | H85: 109346073 | I85: 171449385 | J85: 9850000 | K85: =SUM(E85:J85) -> 1637084222 | O85: =K85/$N$88 -> 0.013741459
A86: 6 | B86: 12 | C86: Xưởng Sản Xuất | D86: 249 | E86: 2364274241 | F86: 409683221 | G86: 28131827 | H86: 381076801 | I86: 280832080 | J86: 0 | K86: =SUM(E86:J86) -> 3463998170 | O86: =K86/$N$88 -> 0.029076323
A87: 6 | B87: 13 | C87: Tư vấn dịch vụ | D87: 2 | E87: 205833333 | F87: 0 | G87: 14566540 | H87: 0 | I87: 0 | J87: 0 | K87: =SUM(E87:J87) -> 220399873 | O87: =K87/$N$88 -> 0.0018500061
A88: 6 | C88: CỘNG | D88: =SUM(D75:D87) -> 621 | E88: =SUM(E75:E87) -> 9798469278 | F88: =SUM(F75:F87) -> 1245136695 | G88: =SUM(G75:G87) -> 900195846 | H88: =SUM(H75:H87) -> 769087274 | I88: =SUM(I75:I87) -> 1444635870 | J88: =SUM(J75:J87) -> 25950000 | K88: =SUM(K75:K87) -> 14183474963 | L88: =K88/K74 -> 1.0250608 | N88: 119134672797 | O88: =K88/$N$88 -> 0.11905413
A89: 7 | B89: 1 | C89: Ban Giám Đốc | D89: 11 | E89: 1523534065 | F89: 0 | G89: 99198214 | H89: 0 | I89: 137186010 | J89: 0 | K89: =SUM(E89:J89) -> 1759918289 | O89: =K89/$N$102 -> 0.012753825
A90: 7 | B90: 2 | C90: Kinh doanh | D90: 9 | E90: 266495012 | F90: 0 | G90: 119761001 | H90: 5320000 | I90: 56494945 | J90: 0 | K90: =SUM(E90:J90) -> 448070958 | O90: =K90/$N$102 -> 0.0032470932
A91: 7 | B91: 3 | C91: Mua Hàng & XNK | D91: 7 | E91: 137843621 | F91: 0 | G91: 10007443 | H91: 5050000 | I91: 27620255 | J91: 0 | K91: =SUM(E91:J91) -> 180521319 | O91: =K91/$N$102 -> 0.001308207
A92: 7 | B92: 4 | C92: Kế Toán | D92: 28 | E92: 543300706 | F92: 52196018 | G92: 39052204 | H92: 18325000 | I92: 100027535 | J92: 0 | K92: =SUM(E92:J92) -> 752901463 | O92: =K92/$N$102 -> 0.0054561475
A93: 7 | B93: 5 | C93: Nghiên Cứu & Phát Triển | D93: 7 | E93: 191042357 | F93: 0 | G93: 12879888 | H93: 350000 | I93: 28279475 | J93: 3200000 | K93: =SUM(E93:J93) -> 235751720 | O93: =K93/$N$102 -> 0.0017084522
A94: 7 | B94: 6 | C94: Văn Phòng Giám Đốc | D94: 4 | E94: 106985298 | F94: 0 | G94: 8835757 | H94: 1475000 | I94: 22379750 | J94: 0 | K94: =SUM(E94:J94) -> 139675805 | O94: =K94/$N$102 -> 0.0010122065
A95: 7 | B95: 7 | C95: Kiểm Soát Chất Lượng | D95: 51 | E95: 610524201 | F95: 196909674 | G95: 36904942 | H95: 70526480 | I95: 108894535 | J95: 9600000 | K95: =SUM(E95:J95) -> 1033359832 | O95: =K95/$N$102 -> 0.007488581
A96: 7 | B96: 8 | C96: Kỹ Thuật | D96: 85 | E96: 1241887613 | F96: 358041860 | G96: 81773642 | H96: 108962086 | I96: 242548670 | J96: 4800000 | K96: =SUM(E96:J96) -> 2038013871 | O96: =K96/$N$102 -> 0.014769136
A97: 7 | B97: 9 | C97: Hành Chánh Nhân Sự | D97: 45 | E97: 793708480 | F97: 83690926 | G97: 46198761 | H97: 55762130 | I97: 144700080 | J97: 15700000 | K97: =SUM(E97:J97) -> 1139760377 | O97: =K97/$N$102 -> 0.0082596475
A98: 7 | B98: 10 | C98: Cung Ứng | D98: 38 | E98: 579809683 | F98: 0 | G98: 319682849 | H98: 15300000 | I98: 108285885 | J98: 4700000 | K98: =SUM(E98:J98) -> 1027778417 | O98: =K98/$N$102 -> 0.0074481335
A99: 7 | B99: 11 | C99: Xưởng Sản Xuất | D99: 89 | E99: 1121736495 | F99: 129105084 | G99: 60276824 | H99: 102593135 | I99: 171691410 | J99: 20350000 | K99: =SUM(E99:J99) -> 1605752948 | O99: =K99/$N$102 -> 0.011636616
A100: 7 | B100: 12 | C100: Xưởng Sản Xuất | D100: 259 | E100: 3261586503 | F100: 382580514 | G100: 28837017 | H100: 359402843 | I100: 299633675 | J100: 0 | K100: =SUM(E100:J100) -> 4332040552 | O100: =K100/$N$102 -> 0.031393553
A101: 7 | B101: 13 | C101: Tư vấn dịch vụ | D101: 2 | E101: 96250001 | F101: 0 | G101: -86249250 | H101: 0 | I101: 0 | J101: 0 | K101: =SUM(E101:J101) -> 10000751 | O101: =K101/$N$102 -> 7.2473723e-05
...

Sheet Sheet3
B4: STT | C4: Bộ phận | D4: Định biên | E4: Lương Chính +T13 | F4: Lương Ngoài giờ | G4: Thưởng | H4: Phụ Cấp | I4: BHXH, BHYT, KPCĐ | J4: Khen thưởng BD khác | K4: Cộng
B5: 1 | C5: Ban Giám Đốc | K5: =SUM(E5:J5) -> 0
B6: 2 | C6: Kinh doanh | K6: =SUM(E6:J6) -> 0
B7: 3 | C7: Mua Hàng & XNK | K7: =SUM(E7:J7) -> 0
B8: 4 | C8: Kế Toán | K8: =SUM(E8:J8) -> 0
B9: 5 | C9: Nghiên Cứu & Phát Triển | K9: =SUM(E9:J9) -> 0
B10: 6 | C10: Văn Phòng Giám Đốc | K10: =SUM(E10:J10) -> 0
B11: 7 | C11: Kiểm Soát Chất Lượng | K11: =SUM(E11:J11) -> 0
B12: 8 | C12: Kỹ Thuật | K12: =SUM(E12:J12) -> 0
B13: 9 | C13: Hành Chánh Nhân Sự | K13: =SUM(E13:J13) -> 0
B14: 10 | C14: Cung Ứng | K14: =SUM(E14:J14) -> 0
B15: 11 | C15: Xưởng Sản Xuất | K15: =SUM(E15:J15) -> 0
B16: 12 | C16: Xưởng Sản Xuất | K16: =SUM(E16:J16) -> 0
B17: 13 | C17: Tư vấn dịch vụ | K17: =SUM(E17:J17) -> 0
C18: CỘNG | D18: =SUM(D5:D17) -> 0 | E18: =SUM(E5:E17) -> 0 | F18: =SUM(F5:F17) -> 0 | G18: =SUM(G5:G17) -> 0 | H18: =SUM(H5:H17) -> 0 | I18: =SUM(I5:I17) -> 0 | J18: =SUM(J5:J17) -> 0 | K18: =SUM(K5:K17) -> 0

Sheet Data 2026>>
N1: =SUBTOTAL(9,N3:N7942) -> 65553003
B2: Bộ phận | C2: KM | D2: Posting Date | E2: Document Number | F2: Cost Element | G2: Cost element name | H2: Cost Center | I2: CO object name | J2: Name | K2: Document Header Text | L2: Period | M2: Fiscal Year | N2: Val/COArea Crcy | O2: Ref Document Number | P2: Reversal document | Q2: User Name | R2: Material | S2: Material Description | T2: Total quantity
A3: =LEFT(F3,3) -> 642 | B3: =_xlfn.XLOOKUP(I3,Mapping!D:D,Mapping!E:E) -> Ban Giám Đốc | C3: =_xlfn.XLOOKUP(F3,Mapping!A:A,Mapping!F:F) -> Lương Chính +T13 | D3: 46053 | E3: 1013795681 | F3: 6421002604 | G3: CP lương chính-Gián | H3: 1001101000 | I3: Ban giám đốc | J3: CHI PHÍ LƯƠNG THÁNG 01.2026 | K3: CP LƯƠNGT01.2026 | L3: 1 | M3: 2026 | N3: 1477717709 | O3: 5100000220 | Q3: CUC.NT | T3: 0
A4: =LEFT(F4,3) -> 642 | B4: =_xlfn.XLOOKUP(I4,Mapping!D:D,Mapping!E:E) -> Ban Giám Đốc | C4: =_xlfn.XLOOKUP(F4,Mapping!A:A,Mapping!F:F) -> Lương Chính +T13 | D4: 46053 | E4: 1013795681 | F4: 6421002605 | G4: CP Lương tháng 13, P | H4: 1001101000 | I4: Ban giám đốc | J4: CHI PHÍ LƯƠNG THÁNG 01.2026 | K4: CP LƯƠNGT01.2026 | L4: 1 | M4: 2026 | N4: 147679271 | O4: 5100000220 | Q4: CUC.NT | T4: 0
A5: =LEFT(F5,3) -> 642 | B5: =_xlfn.XLOOKUP(I5,Mapping!D:D,Mapping!E:E) -> Ban Giám Đốc | C5: =_xlfn.XLOOKUP(F5,Mapping!A:A,Mapping!F:F) -> Lương Chính +T13 | D5: 46053 | E5: 1013795738 | F5: 6421002605 | G5: CP Lương tháng 13, P | H5: 1001101000 | I5: Ban giám đốc | J5: TRÍCH LƯƠNG T13, PHÉP NĂM T01.2026 | K5: CP LƯƠNGT01.2026 | L5: 1 | M5: 2026 | N5: 121138496 | O5: 5100000242 | Q5: CUC.NT | T5: 0
A6: =LEFT(F6,3) -> 642 | B6: =_xlfn.XLOOKUP(I6,Mapping!D:D,Mapping!E:E) -> Ban Giám Đốc | C6: =_xlfn.XLOOKUP(F6,Mapping!A:A,Mapping!F:F) -> Thưởng | D6: 46053 | E6: 1013795681 | F6: 6421002802 | G6: Chi phí Khen thưởng | H6: 1001101000 | I6: Ban giám đốc | J6: CHI PHÍ LƯƠNG THÁNG 01.2026 | K6: CP LƯƠNGT01.2026 | L6: 1 | M6: 2026 | N6: 2400000 | O6: 5100000220 | Q6: CUC.NT | T6: 0
A7: =LEFT(F7,3) -> 642 | B7: =_xlfn.XLOOKUP(I7,Mapping!D:D,Mapping!E:E) -> Ban Giám Đốc | C7: =_xlfn.XLOOKUP(F7,Mapping!A:A,Mapping!F:F) -> Thưởng | D7: 46053 | E7: 1013795738 | F7: 6421002806 | G7: Thưởng danh hiệu | H7: 1001101000 | I7: Ban giám đốc | J7: TRÍCH DANH HIỆU T01.2026 | K7: CP LƯƠNGT01.2026 | L7: 1 | M7: 2026 | N7: 111446447 | O7: 5100000242 | Q7: CUC.NT | T7: 0
A8: =LEFT(F8,3) -> 642 | B8: =_xlfn.XLOOKUP(I8,Mapping!D:D,Mapping!E:E) -> Ban Giám Đốc | C8: =_xlfn.XLOOKUP(F8,Mapping!A:A,Mapping!F:F) -> BHXH, BHYT, KPCĐ | D8: 46053 | E8: 1013795740 | F8: 6421003401 | G8: BHXH, BHYT, KPCĐ, BH | H8: 1001101000 | I8: Ban giám đốc | J8: BHXH,BHYT,KPCĐ,BHTN T01.2026 | K8: CP LƯƠNGT01.2026 | L8: 1 | M8: 2026 | N8: 126294310 | O8: 5100000245 | Q8: CUC.NT | T8: 0
A9: =LEFT(F9,3) -> 627 | B9: =_xlfn.XLOOKUP(I9,Mapping!D:D,Mapping!E:E) -> Hành Chánh Nhân Sự | C9: =_xlfn.XLOOKUP(F9,Mapping!A:A,Mapping!F:F) -> Lương Chính +T13 | D9: 46031 | E9: 1013785076 | F9: 6271002604 | G9: CP lương chính-Gián | H9: 1001202000 | I9: Hành chánh nhân sự | J9: TT LƯƠNG 12/2025 CHO TRAN TRUNG HIEU | K9: TT LƯƠNG TV ĐỢT 1 | L9: 1 | M9: 2026 | N9: 8168124 | O9: 5100000060 | Q9: OANH.THT | T9: 0
A10: =LEFT(F10,3) -> 627 | B10: =_xlfn.XLOOKUP(I10,Mapping!D:D,Mapping!E:E) -> Hành Chánh Nhân Sự | C10: =_xlfn.XLOOKUP(F10,Mapping!A:A,Mapping!F:F) -> Lương Chính +T13 | D10: 46031 | E10: 1013785082 | F10: 6271002605 | G10: CP Lương tháng 13, P | H10: 1001202000 | I10: Hành chánh nhân sự | J10: TT LƯƠNG T13/2025 CHO TRẦN TRUNG HIẾU | K10: TT LƯƠNG T13/2025 | L10: 1 | M10: 2026 | N10: 5100000 | O10: 5100000061 | Q10: OANH.THT | T10: 0
A11: =LEFT(F11,3) -> 627 | B11: =_xlfn.XLOOKUP(I11,Mapping!D:D,Mapping!E:E) -> Hành Chánh Nhân Sự | C11: =_xlfn.XLOOKUP(F11,Mapping!A:A,Mapping!F:F) -> Lương Chính +T13 | D11: 46031 | E11: 1013785090 | F11: 6271002604 | G11: CP lương chính-Gián | H11: 1001202000 | I11: Hành chánh nhân sự | J11: TT LƯƠNG TV ĐỢT 1 CHO MAI TRỌNG NGHĨA | K11: TT LƯƠNG TV ĐỢT 1 | L11: 1 | M11: 2026 | N11: 2254833 | O11: 5100000062 | Q11: OANH.THT | T11: 0
A12: =LEFT(F12,3) -> 627 | B12: =_xlfn.XLOOKUP(I12,Mapping!D:D,Mapping!E:E) -> Hành Chánh Nhân Sự | C12: =_xlfn.XLOOKUP(F12,Mapping!A:A,Mapping!F:F) -> Lương Chính +T13 | D12: 46031 | E12: 1013786462 | F12: 6271002604 | G12: CP lương chính-Gián | H12: 1001202000 | I12: Hành chánh nhân sự | J12: TT LƯƠNG 12/2025 CHO TRAN TRUNG HIEU | K12: TT LƯƠNG TV ĐỢT 1 | L12: 1 | M12: 2026 | N12: -8168124 | O12: 8500000058 | P12: X | Q12: CUC.NT | T12: 0
A13: =LEFT(F13,3) -> 627 | B13: =_xlfn.XLOOKUP(I13,Mapping!D:D,Mapping!E:E) -> Hành Chánh Nhân Sự | C13: =_xlfn.XLOOKUP(F13,Mapping!A:A,Mapping!F:F) -> Lương Chính +T13 | D13: 46031 | E13: 1013786463 | F13: 6271002604 | G13: CP lương chính-Gián | H13: 1001202000 | I13: Hành chánh nhân sự | J13: TT LƯƠNG TV ĐỢT 1 CHO MAI TRỌNG NGHĨA | K13: TT LƯƠNG TV ĐỢT 1 | L13: 1 | M13: 2026 | N13: -2254833 | O13: 8500000059 | P13: X | Q13: CUC.NT | T13: 0
A14: =LEFT(F14,3) -> 627 | B14: =_xlfn.XLOOKUP(I14,Mapping!D:D,Mapping!E:E) -> Hành Chánh Nhân Sự | C14: =_xlfn.XLOOKUP(F14,Mapping!A:A,Mapping!F:F) -> Lương Chính +T13 | D14: 46031 | E14: 1013786464 | F14: 6271002605 | G14: CP Lương tháng 13, P | H14: 1001202000 | I14: Hành chánh nhân sự | J14: TT LƯƠNG T13/2025 CHO TRẦN TRUNG HIẾU | K14: TT LƯƠNG T13/2025 | L14: 1 | M14: 2026 | N14: -5100000 | O14: 8500000060 | P14: X | Q14: CUC.NT | T14: 0
A15: =LEFT(F15,3) -> 642 | B15: =_xlfn.XLOOKUP(I15,Mapping!D:D,Mapping!E:E) -> Văn Phòng Giám Đốc | C15: =_xlfn.XLOOKUP(F15,Mapping!A:A,Mapping!F:F) -> Lương Chính +T13 | D15: 46053 | E15: 1013795681 | F15: 6421002604 | G15: CP lương chính-Gián | H15: 1001201000 | I15: Văn phòng giám đốc | J15: CHI PHÍ LƯƠNG THÁNG 01.2026 | K15: CP LƯƠNGT01.2026 | L15: 1 | M15: 2026 | N15: 112024602 | O15: 5100000220 | Q15: CUC.NT | T15: 0
A16: =LEFT(F16,3) -> 642 | B16: =_xlfn.XLOOKUP(I16,Mapping!D:D,Mapping!E:E) -> Văn Phòng Giám Đốc | C16: =_xlfn.XLOOKUP(F16,Mapping!A:A,Mapping!F:F) -> Lương Chính +T13 | D16: 46053 | E16: 1013795681 | F16: 6421002605 | G16: CP Lương tháng 13, P | H16: 1001201000 | I16: Văn phòng giám đốc | J16: CHI PHÍ LƯƠNG THÁNG 01.2026 | K16: CP LƯƠNGT01.2026 | L16: 1 | M16: 2026 | N16: 4950693 | O16: 5100000220 | Q16: CUC.NT | T16: 0
A17: =LEFT(F17,3) -> 642 | B17: =_xlfn.XLOOKUP(I17,Mapping!D:D,Mapping!E:E) -> Văn Phòng Giám Đốc | C17: =_xlfn.XLOOKUP(F17,Mapping!A:A,Mapping!F:F) -> Thưởng | D17: 46053 | E17: 1013795681 | F17: 6421002802 | G17: Chi phí Khen thưởng | H17: 1001201000 | I17: Văn phòng giám đốc | J17: CHI PHÍ LƯƠNG THÁNG 01.2026 | K17: CP LƯƠNGT01.2026 | L17: 1 | M17: 2026 | N17: 800000 | O17: 5100000220 | Q17: CUC.NT | T17: 0
A18: =LEFT(F18,3) -> 642 | B18: =_xlfn.XLOOKUP(I18,Mapping!D:D,Mapping!E:E) -> Hành Chánh Nhân Sự | C18: =_xlfn.XLOOKUP(F18,Mapping!A:A,Mapping!F:F) -> Phụ Cấp | D18: 46053 | E18: 1013795681 | F18: 6421002603 | G18: Phụ cấp ca đêm | H18: 1001202000 | I18: Hành chánh nhân sự | J18: CHI PHÍ LƯƠNG THÁNG 01.2026 | K18: CP LƯƠNGT01.2026 | L18: 1 | M18: 2026 | N18: 8259780 | O18: 5100000220 | Q18: CUC.NT | T18: 0
A19: =LEFT(F19,3) -> 642 | B19: =_xlfn.XLOOKUP(I19,Mapping!D:D,Mapping!E:E) -> Hành Chánh Nhân Sự | C19: =_xlfn.XLOOKUP(F19,Mapping!A:A,Mapping!F:F) -> Lương Chính +T13 | D19: 46053 | E19: 1013795681 | F19: 6421002604 | G19: CP lương chính-Gián | H19: 1001202000 | I19: Hành chánh nhân sự | J19: CHI PHÍ LƯƠNG THÁNG 01.2026 | K19: CP LƯƠNGT01.2026 | L19: 1 | M19: 2026 | N19: 473413349 | O19: 5100000220 | Q19: CUC.NT | T19: 0
A20: =LEFT(F20,3) -> 642 | B20: =_xlfn.XLOOKUP(I20,Mapping!D:D,Mapping!E:E) -> Hành Chánh Nhân Sự | C20: =_xlfn.XLOOKUP(F20,Mapping!A:A,Mapping!F:F) -> Lương Chính +T13 | D20: 46053 | E20: 1013795681 | F20: 6421002605 | G20: CP Lương tháng 13, P | H20: 1001202000 | I20: Hành chánh nhân sự | J20: CHI PHÍ LƯƠNG THÁNG 01.2026 | K20: CP LƯƠNGT01.2026 | L20: 1 | M20: 2026 | N20: 40563830 | O20: 5100000220 | Q20: CUC.NT | T20: 0
A21: =LEFT(F21,3) -> 642 | B21: =_xlfn.XLOOKUP(I21,Mapping!D:D,Mapping!E:E) -> Hành Chánh Nhân Sự | C21: =_xlfn.XLOOKUP(F21,Mapping!A:A,Mapping!F:F) -> Lương Ngoài giờ | D21: 46053 | E21: 1013795681 | F21: 6421002703 | G21: CP lương ngoài giờ-G | H21: 1001202000 | I21: Hành chánh nhân sự | J21: CHI PHÍ LƯƠNG THÁNG 01.2026 | K21: CP LƯƠNGT01.2026 | L21: 1 | M21: 2026 | N21: 88828583 | O21: 5100000220 | Q21: CUC.NT | T21: 0
A22: =LEFT(F22,3) -> 642 | B22: =_xlfn.XLOOKUP(I22,Mapping!D:D,Mapping!E:E) -> Hành Chánh Nhân Sự | C22: =_xlfn.XLOOKUP(F22,Mapping!A:A,Mapping!F:F) -> Thưởng | D22: 46053 | E22: 1013795681 | F22: 6421002802 | G22: Chi phí Khen thưởng | H22: 1001202000 | I22: Hành chánh nhân sự | J22: CHI PHÍ LƯƠNG THÁNG 01.2026 | K22: CP LƯƠNGT01.2026 | L22: 1 | M22: 2026 | N22: 7000000 | O22: 5100000220 | Q22: CUC.NT | T22: 0
A23: =LEFT(F23,3) -> 642 | B23: =_xlfn.XLOOKUP(I23,Mapping!D:D,Mapping!E:E) -> Hành Chánh Nhân Sự | C23: =_xlfn.XLOOKUP(F23,Mapping!A:A,Mapping!F:F) -> Phụ Cấp | D23: 46053 | E23: 1013795681 | F23: 6421003202 | G23: Tiền ăn giữa ca-Gián | H23: 1001202000 | I23: Hành chánh nhân sự | J23: CHI PHÍ LƯƠNG THÁNG 01.2026 | K23: CP LƯƠNGT01.2026 | L23: 1 | M23: 2026 | N23: 3630000 | O23: 5100000220 | Q23: CUC.NT | T23: 0
A24: =LEFT(F24,3) -> 642 | B24: =_xlfn.XLOOKUP(I24,Mapping!D:D,Mapping!E:E) -> Văn Phòng Giám Đốc | C24: =_xlfn.XLOOKUP(F24,Mapping!A:A,Mapping!F:F) -> Lương Chính +T13 | D24: 46053 | E24: 1013795738 | F24: 6421002605 | G24: CP Lương tháng 13, P | H24: 1001201000 | I24: Văn phòng giám đốc | J24: TRÍCH LƯƠNG T13, PHÉP NĂM T01.2026 | K24: CP LƯƠNGT01.2026 | L24: 1 | M24: 2026 | N24: 10234500 | O24: 5100000242 | Q24: CUC.NT | T24: 0
A25: =LEFT(F25,3) -> 642 | B25: =_xlfn.XLOOKUP(I25,Mapping!D:D,Mapping!E:E) -> Văn Phòng Giám Đốc | C25: =_xlfn.XLOOKUP(F25,Mapping!A:A,Mapping!F:F) -> Thưởng | D25: 46053 | E25: 1013795738 | F25: 6421002806 | G25: Thưởng danh hiệu | H25: 1001201000 | I25: Văn phòng giám đốc | J25: TRÍCH DANH HIỆU T01.2026 | K25: CP LƯƠNGT01.2026 | L25: 1 | M25: 2026 | N25: 9415658 | O25: 5100000242 | Q25: CUC.NT | T25: 0
A26: =LEFT(F26,3) -> 642 | B26: =_xlfn.XLOOKUP(I26,Mapping!D:D,Mapping!E:E) -> Hành Chánh Nhân Sự | C26: =_xlfn.XLOOKUP(F26,Mapping!A:A,Mapping!F:F) -> Lương Chính +T13 | D26: 46053 | E26: 1013795738 | F26: 6421002605 | G26: CP Lương tháng 13, P | H26: 1001202000 | I26: Hành chánh nhân sự | J26: TRÍCH LƯƠNG T13, PHÉP NĂM T01.2026 | K26: CP LƯƠNGT01.2026 | L26: 1 | M26: 2026 | N26: 41795750 | O26: 5100000242 | Q26: CUC.NT | T26: 0
... A78: =LEFT(F78,3) -> 641 | B78: =_xlfn.XLOOKUP(I78,Mapping!D:D,Mapping!E:E) -> Kinh doanh | C78: =_xlfn.XLOOKUP(F78,Mapping!A:A,Mapping!F:F) -> Thưởng | D78: 46053 | E78: 1013795917 | F78: 6411002802 | G78: Chi phí Khen thưởng | H78: 1001400000 | I78: Kinh doanh | J78: TRÍCH THƯỞNG NVKD T01/26 | K78: TRÍCH TRƯỚC THƯỞNG PKD | L78: 1 | M78: 2026 | N78: 125000000 | O78: 5100000259 | Q78: MY.DTT | T78: 0
A79: =LEFT(F79,3) -> 641 | B79: =_xlfn.XLOOKUP(I79,Mapping!D:D,Mapping!E:E) -> Kinh doanh | C79: =_xlfn.XLOOKUP(F79,Mapping!A:A,Mapping!F:F) -> Thưởng | D79: 46023 | E79: 1013795926 | F79: 6411002802 | G79: Chi phí Khen thưởng | H79: 1001400000 | I79: Kinh doanh | J79: TRÍCH THƯỞNG PHÒNG KINH DOANH T12/25 | K79: TRÍCH TRƯỚC THƯỞNG PKD | L79: 1 | M79: 2026 | N79: -93802143 | O79: 8500000117 | P79: X | Q79: CUC.NT | T79: 0
A80: =LEFT(F80,3) -> 642 | B80: =_xlfn.XLOOKUP(I80,Mapping!D:D,Mapping!E:E) -> Chiến Lược CCU | C80: =_xlfn.XLOOKUP(F80,Mapping!A:A,Mapping!F:F) -> BHXH, BHYT, KPCĐ | D80: 46053 | E80: 1013795978 | F80: 6421003401 | G80: BHXH, BHYT, KPCĐ, BH | H80: 1001206000 | I80: Chiến Lược CCU | J80: Chuyển cost T01.26 bp cung ứng sang CLCU | K80: Chuyển cost T01.26 | L80: 1 | M80: 2026 | N80: 20035865 | O80: 5100000265 | Q80: CUC.NT | T80: 0
A81: =LEFT(F81,3) -> 642 | B81: =_xlfn.XLOOKUP(I81,Mapping!D:D,Mapping!E:E) -> Chiến Lược CCU | C81: =_xlfn.XLOOKUP(F81,Mapping!A:A,Mapping!F:F) -> Lương Chính +T13 | D81: 46053 | E81: 1013795978 | F81: 6421002604 | G81: CP lương chính-Gián | H81: 1001206000 | I81: Chiến Lược CCU | J81: Chuyển cost T01.26 bp cung ứng sang CLCU | K81: Chuyển cost T01.26 | L81: 1 | M81: 2026 | N81: 76693553 | O81: 5100000265 | Q81: CUC.NT | T81: 0
A82: =LEFT(F82,3) -> 642 | B82: =_xlfn.XLOOKUP(I82,Mapping!D:D,Mapping!E:E) -> Chiến Lược CCU | C82: =_xlfn.XLOOKUP(F82,Mapping!A:A,Mapping!F:F) -> Lương Chính +T13 | D82: 46053 | E82: 1013795978 | F82: 6421002605 | G82: CP Lương tháng 13, P | H82: 1001206000 | I82: Chiến Lược CCU | J82: Chuyển cost T01.26 bp cung ứng sang CLCU | K82: Chuyển cost T01.26 | L82: 1 | M82: 2026 | N82: 9261846 | O82: 5100000265 | Q82: CUC.NT | T82: 0
A83: =LEFT(F83,3) -> 642 | B83: =_xlfn.XLOOKUP(I83,Mapping!D:D,Mapping!E:E) -> Chiến Lược CCU | C83: =_xlfn.XLOOKUP(F83,Mapping!A:A,Mapping!F:F) -> Thưởng | D83: 46053 | E83: 1013795978 | F83: 6421002802 | G83: Chi phí Khen thưởng | H83: 1001206000 | I83: Chiến Lược CCU | J83: Chuyển cost T01.26 bp cung ứng sang CLCU | K83: Chuyển cost T01.26 | L83: 1 | M83: 2026 | N83: 600000 | O83: 5100000265 | Q83: CUC.NT | T83: 0
A84: =LEFT(F84,3) -> 642 | B84: =_xlfn.XLOOKUP(I84,Mapping!D:D,Mapping!E:E) -> Chiến Lược CCU | C84: =_xlfn.XLOOKUP(F84,Mapping!A:A,Mapping!F:F) -> Lương Chính +T13 | D84: 46053 | E84: 1013795978 | F84: 6421002605 | G84: CP Lương tháng 13, P | H84: 1001206000 | I84: Chiến Lược CCU | J84: Chuyển cost T01.26 bp cung ứng sang CLCU | K84: Chuyển cost T01.26 | L84: 1 | M84: 2026 | N84: 7104917 | O84: 5100000265 | Q84: CUC.NT | T84: 0
A85: =LEFT(F85,3) -> 642 | B85: =_xlfn.XLOOKUP(I85,Mapping!D:D,Mapping!E:E) -> Chiến Lược CCU | C85: =_xlfn.XLOOKUP(F85,Mapping!A:A,Mapping!F:F) -> Thưởng | D85: 46053 | E85: 1013795978 | F85: 6421002806 | G85: Thưởng danh hiệu | H85: 1001206000 | I85: Chiến Lược CCU | J85: Chuyển cost T01.26 bp cung ứng sang CLCU | K85: Chuyển cost T01.26 | L85: 1 | M85: 2026 | N85: 6536466 | O85: 5100000265 | Q85: CUC.NT | T85: 0
A86: =LEFT(F86,3) -> 642 | B86: =_xlfn.XLOOKUP(I86,Mapping!D:D,Mapping!E:E) -> Hành Chánh Nhân Sự | C86: =_xlfn.XLOOKUP(F86,Mapping!A:A,Mapping!F:F) -> Phụ Cấp | D86: 46051 | E86: 1013797037 | F86: 6421003202 | G86: Tiền ăn giữa ca-Gián | H86: 1001205000 | I86: Tổ Quản Trị Hệ Thống | J86: chi phí suất ăn - Ba Anh Em tháng 12/2025 | K86: chi phí suất ăn - Ba Anh | L86: 1 | M86: 2026 | N86: 1417000 | O86: 3500000621 | Q86: NHI.NHN | T86: 0
A87: =LEFT(F87,3) -> 642 | B87: =_xlfn.XLOOKUP(I87,Mapping!D:D,Mapping!E:E) -> Hành Chánh Nhân Sự | C87: =_xlfn.XLOOKUP(F87,Mapping!A:A,Mapping!F:F) -> Phụ Cấp | D87: 46051 | E87: 1013797037 | F87: 6421003202 | G87: Tiền ăn giữa ca-Gián | H87: 1001204000 | I87: Tổ 5S & an toàn | J87: chi phí suất ăn - Ba Anh Em tháng 12/2025 | K87: chi phí suất ăn - Ba Anh | L87: 1 | M87: 2026 | N87: 2980000 | O87: 3500000621 | Q87: NHI.NHN | T87: 0
A88: =LEFT(F88,3) -> 642 | B88: =_xlfn.XLOOKUP(I88,Mapping!D:D,Mapping!E:E) -> Hành Chánh Nhân Sự | C88: =_xlfn.XLOOKUP(F88,Mapping!A:A,Mapping!F:F) -> Khen thưởng BD khác | D88: 46053 | E88: 1013797405 | F88: 6421007202 | G88: Khen thưởng BD khác | H88: 1001204000 | I88: Tổ 5S & an toàn | J88: TRÍCH TRƯỚC 5S T01/2026 | K88: TRÍCH TRƯỚC 5S T01.26 | L88: 1 | M88: 2026 | N88: -1500000 | O88: 5100000615 | Q88: BINH.DV | T88: 0
A89: =LEFT(F89,3) -> 642 | B89: =_xlfn.XLOOKUP(I89,Mapping!D:D,Mapping!E:E) -> Cung Ứng | C89: =_xlfn.XLOOKUP(F89,Mapping!A:A,Mapping!F:F) -> Lương Chính +T13 | D89: 46053 | E89: 1013795681 | F89: 6421002604 | G89: CP lương chính-Gián | H89: 1001404000 | I89: Cung ứng | J89: CHI PHÍ LƯƠNG THÁNG 01.2026 | K89: CP LƯƠNGT01.2026 | L89: 1 | M89: 2026 | N89: 544453522 | O89: 5100000220 | Q89: CUC.NT | T89: 0
A90: =LEFT(F90,3) -> 642 | B90: =_xlfn.XLOOKUP(I90,Mapping!D:D,Mapping!E:E) -> Cung Ứng | C90: =_xlfn.XLOOKUP(F90,Mapping!A:A,Mapping!F:F) -> Lương Chính +T13 | D90: 46053 | E90: 1013795681 | F90: 6421002605 | G90: CP Lương tháng 13, P | H90: 1001404000 | I90: Cung ứng | J90: CHI PHÍ LƯƠNG THÁNG 01.2026 | K90: CP LƯƠNGT01.2026 | L90: 1 | M90: 2026 | N90: 32606442 | O90: 5100000220 | Q90: CUC.NT | T90: 0
A91: =LEFT(F91,3) -> 642 | B91: =_xlfn.XLOOKUP(I91,Mapping!D:D,Mapping!E:E) -> Cung Ứng | C91: =_xlfn.XLOOKUP(F91,Mapping!A:A,Mapping!F:F) -> Thưởng | D91: 46053 | E91: 1013795681 | F91: 6421002802 | G91: Chi phí Khen thưởng | H91: 1001404000 | I91: Cung ứng | J91: CHI PHÍ LƯƠNG THÁNG 01.2026 | K91: CP LƯƠNGT01.2026 | L91: 1 | M91: 2026 | N91: 341083228 | O91: 5100000220 | Q91: CUC.NT | T91: 0
... A207: =LEFT(F207,3) -> 627 | B207: =_xlfn.XLOOKUP(I207,Mapping!D:D,Mapping!E:E) -> Xưởng Sản Xuất | C207: =_xlfn.XLOOKUP(F207,Mapping!A:A,Mapping!F:F) -> BHXH, BHYT, KPCĐ | D207: 46053 | E207: 1013795743 | F207: 6271003401 | G207: BHXH, BHYT, KPCĐ, BH | H207: 1001607000 | I207: Kho | J207: BHXH,BHYT,KPCĐ,BHTN T01.2026 | K207: CP LƯƠNGT01.2026 | L207: 1 | M207: 2026 | N207: 2915175 | O207: 5100000250 | Q207: CUC.NT | T207: 0
A208: =LEFT(F208,3) -> 627 | B208: =_xlfn.XLOOKUP(I208,Mapping!D:D,Mapping!E:E) -> Xưởng Sản Xuất | C208: =_xlfn.XLOOKUP(F208,Mapping!A:A,Mapping!F:F) -> Khen thưởng BD khác | D208: 46053 | E208: 1013795967 | F208: 6271007202 | G208: Khen thưởng BD khác | H208: 1001607000 | I208: Kho | K208: Tt BD lên xuống cont t12 | L208: 1 | M208: 2026 | N208: 6250000 | O208: 5100000261 | Q208: OANH.THT | T208: 0
A209: =LEFT(F209,3) -> 627 | B209: =_xlfn.XLOOKUP(I209,Mapping!D:D,Mapping!E:E) -> Xưởng Sản Xuất | C209: =_xlfn.XLOOKUP(F209,Mapping!A:A,Mapping!F:F) -> Phụ Cấp | D209: 46051 | E209: 1013797037 | F209: 6271003202 | G209: Tiền ăn giữa ca-Gián | H209: 1001607000 | I209: Kho | J209: chi phí suất ăn - Ba Anh Em tháng 12/2025 | K209: chi phí suất ăn - Ba Anh | L209: 1 | M209: 2026 | N209: 23166000 | O209: 3500000621 | Q209: NHI.NHN | T209: 0
A210: =LEFT(F210,3) -> 627 | B210: =_xlfn.XLOOKUP(I210,Mapping!D:D,Mapping!E:E) -> Xưởng Sản Xuất | C210: =_xlfn.XLOOKUP(F210,Mapping!A:A,Mapping!F:F) -> Phụ Cấp | D210: 46053 | E210: 1013797384 | F210: 6271003202 | G210: Tiền ăn giữa ca-Gián | H210: 1001607000 | I210: Kho | J210: Trích CP suất ăn phụ T01.2026 (Kho) | K210: Trích CP suất ăn phụ T01 | L210: 1 | M210: 2026 | N210: 12194000 | O210: 5100000609 | Q210: NHI.NHN | T210: 0
A211: =LEFT(F211,3) -> 627 | B211: =_xlfn.XLOOKUP(I211,Mapping!D:D,Mapping!E:E) -> Xưởng Sản Xuất | C211: =_xlfn.XLOOKUP(F211,Mapping!A:A,Mapping!F:F) -> Phụ Cấp | D211: 46053 | E211: 1013797795 | F211: 6271003202 | G211: Tiền ăn giữa ca-Gián | H211: 1001607000 | I211: Kho | J211: tt lắp các thiết bị để đáp ứng | K211: Clear voucher giảm giá | L211: 1 | M211: 2026 | N211: -1368234 | O211: 5100000621 | Q211: CUC.NT | T211: 0
A212: =LEFT(F212,3) -> 642 | B212: =_xlfn.XLOOKUP(I212,Mapping!D:D,Mapping!E:E) -> Tư vấn dịch vụ | C212: =_xlfn.XLOOKUP(F212,Mapping!A:A,Mapping!F:F) -> Lương Chính +T13 | D212: 46053 | E212: 1013795681 | F212: 6421002604 | G212: CP lương chính-Gián | H212: 1001609000 | I212: Tư Vấn Dịch Vụ | J212: CHI PHÍ LƯƠNG THÁNG 01.2026 | K212: CP LƯƠNGT01.2026 | L212: 1 | M212: 2026 | N212: 70000000 | O212: 5100000220 | Q212: CUC.NT | T212: 0
A213: =LEFT(F213,3) -> 622 | B213: =_xlfn.XLOOKUP(I213,Mapping!D:D,Mapping!E:E) -> Xưởng Sản Xuất | C213: =_xlfn.XLOOKUP(F213,Mapping!A:A,Mapping!F:F) -> Lương Chính +T13 | D213: 46053 | E213: 1013795681 | F213: 6220002601 | G213: CP lương chính-Trực | H213: 1001608000 | I213: Xưởng sản xuất PP | J213: CHI PHÍ LƯƠNG THÁNG 01.2026 | K213: CP LƯƠNGT01.2026 | L213: 1 | M213: 2026 | N213: 8149991 | O213: 5100000220 | Q213: CUC.NT | T213: 0
A214: =LEFT(F214,3) -> 622 | B214: =_xlfn.XLOOKUP(I214,Mapping!D:D,Mapping!E:E) -> Xưởng Sản Xuất | C214: =_xlfn.XLOOKUP(F214,Mapping!A:A,Mapping!F:F) -> Lương Chính +T13 | D214: 46053 | E214: 1013795681 | F214: 6220002602 | G214: CP Lương tháng 13, P | H214: 1001608000 | I214: Xưởng sản xuất PP | J214: CHI PHÍ LƯƠNG THÁNG 01.2026 | K214: CP LƯƠNGT01.2026 | L214: 1 | M214: 2026 | N214: 230154 | O214: 5100000220 | Q214: CUC.NT | T214: 0
A215: =LEFT(F215,3) -> 622 | B215: =_xlfn.XLOOKUP(I215,Mapping!D:D,Mapping!E:E) -> Xưởng Sản Xuất | C215: =_xlfn.XLOOKUP(F215,Mapping!A:A,Mapping!F:F) -> Phụ Cấp | D215: 46053 | E215: 1013795681 | F215: 6220002603 | G215: Phụ cấp ca đêm | H215: 1001608000 | I215: Xưởng sản xuất PP | J215: CHI PHÍ LƯƠNG THÁNG 01.2026 | K215: CP LƯƠNGT01.2026 | L215: 1 | M215: 2026 | N215: 742246 | O215: 5100000220 | Q215: CUC.NT | T215: 0
A216: =LEFT(F216,3) -> 622 | B216: =_xlfn.XLOOKUP(I216,Mapping!D:D,Mapping!E:E) -> Xưởng Sản Xuất | C216: =_xlfn.XLOOKUP(F216,Mapping!A:A,Mapping!F:F) -> Lương Ngoài giờ | D216: 46053 | E216: 1013795681 | F216: 6220002701 | G216: CP lương ngoài giờ | H216: 1001608000 | I216: Xưởng sản xuất PP | J216: CHI PHÍ LƯƠNG THÁNG 01.2026 | K216: CP LƯƠNGT01.2026 | L216: 1 | M216: 2026 | N216: 1504906 | O216: 5100000220 | Q216: CUC.NT | T216: 0
A217: =LEFT(F217,3) -> 622 | B217: =_xlfn.XLOOKUP(I217,Mapping!D:D,Mapping!E:E) -> Xưởng Sản Xuất | C217: =_xlfn.XLOOKUP(F217,Mapping!A:A,Mapping!F:F) -> Thưởng | D217: 46053 | E217: 1013795681 | F217: 6220002802 | G217: Chi phí Khen thưởng | H217: 1001608000 | I217: Xưởng sản xuất PP | J217: CHI PHÍ LƯƠNG THÁNG 01.2026 | K217: CP LƯƠNGT01.2026 | L217: 1 | M217: 2026 | N217: 200000 | O217: 5100000220 | Q217: CUC.NT | T217: 0
A218: =LEFT(F218,3) -> 622 | B218: =_xlfn.XLOOKUP(I218,Mapping!D:D,Mapping!E:E) -> Xưởng Sản Xuất | C218: =_xlfn.XLOOKUP(F218,Mapping!A:A,Mapping!F:F) -> Lương Chính +T13 | D218: 46053 | E218: 1013795738 | F218: 6220002602 | G218: CP Lương tháng 13, P | H218: 1001608000 | I218: Xưởng sản xuất PP | J218: TRÍCH LƯƠNG T13, PHÉP NĂM T01.2026 | K218: CP LƯƠNGT01.2026 | L218: 1 | M218: 2026 | N218: 498667 | O218: 5100000242 | Q218: CUC.NT | T218: 0
A219: =LEFT(F219,3) -> 622 | B219: =_xlfn.XLOOKUP(I219,Mapping!D:D,Mapping!E:E) -> Xưởng Sản Xuất | C219: =_xlfn.XLOOKUP(F219,Mapping!A:A,Mapping!F:F) -> Thưởng | D219: 46053 | E219: 1013795738 | F219: 6220002806 | G219: Thưởng danh hiệu | H219: 1001608000 | I219: Xưởng sản xuất PP | J219: TRÍCH DANH HIỆU T01.2026 | K219: CP LƯƠNGT01.2026 | L219: 1 | M219: 2026 | N219: 84769 | O219: 5100000242 | Q219: CUC.NT | T219: 0
A220: =LEFT(F220,3) -> 622 | B220: =_xlfn.XLOOKUP(I220,Mapping!D:D,Mapping!E:E) -> Xưởng Sản Xuất | C220: =_xlfn.XLOOKUP(F220,Mapping!A:A,Mapping!F:F) -> BHXH, BHYT, KPCĐ | D220: 46053 | E220: 1013795740 | F220: 6220003401 | G220: BHXH, BHYT, KPCĐ, BH | H220: 1001608000 | I220: Xưởng sản xuất PP | J220: BHXH,BHYT,KPCĐ,BHTN T01.2026 | K220: CP LƯƠNGT01.2026 | L220: 1 | M220: 2026 | N220: 1406240 | O220: 5100000245 | Q220: CUC.NT | T220: 0
... A268: =LEFT(F268,3) -> 642 | B268: =_xlfn.XLOOKUP(I268,Mapping!D:D,Mapping!E:E) -> Hành Chánh Nhân Sự | C268: =_xlfn.XLOOKUP(F268,Mapping!A:A,Mapping!F:F) -> Khen thưởng BD khác | D268: 46081 | E268: 1013808839 | F268: 6421007202 | G268: Khen thưởng BD khác | H268: 1001204000 | I268: Tổ 5S & an toàn | J268: Hoàn trích CP khen thưởng cải tiến năm 2025 | K268: Hoàn CP cải tiến 2025 | L268: 2 | M268: 2026 | N268: -134853331 | O268: 5100001146 | Q268: NHI.NHN | T268: 0
A269: =LEFT(F269,3) -> 642 | B269: =_xlfn.XLOOKUP(I269,Mapping!D:D,Mapping!E:E) -> Hành Chánh Nhân Sự | C269: =_xlfn.XLOOKUP(F269,Mapping!A:A,Mapping!F:F) -> Khen thưởng BD khác | D269: 46054 | E269: 1013801919 | F269: 6421007202 | G269: Khen thưởng BD khác | H269: 1001204000 | I269: Tổ 5S & an toàn | J269: TRÍCH TRƯỚC 5S T01/2026 | K269: TRÍCH TRƯỚC 5S T01.26 | L269: 2 | M269: 2026 | N269: 1500000 | O269: 8500000164 | P269: X | Q269: CUC.NT | T269: 0
A270: =LEFT(F270,3) -> 642 | B270: =_xlfn.XLOOKUP(I270,Mapping!D:D,Mapping!E:E) -> Hành Chánh Nhân Sự | C270: =_xlfn.XLOOKUP(F270,Mapping!A:A,Mapping!F:F) -> Khen thưởng BD khác | D270: 46080 | E270: 1013808922 | F270: 6421007202 | G270: Khen thưởng BD khác | H270: 1001204000 | I270: Tổ 5S & an toàn | J270: Khen thưởng 5S tháng 01/2026 | K270: Khen thưởng 5s | L270: 2 | M270: 2026 | N270: 1500000 | O270: 5100001153 | Q270: OANH.THT | T270: 0
A271: =LEFT(F271,3) -> 642 | B271: =_xlfn.XLOOKUP(I271,Mapping!D:D,Mapping!E:E) -> Hành Chánh Nhân Sự | C271: =_xlfn.XLOOKUP(F271,Mapping!A:A,Mapping!F:F) -> Khen thưởng BD khác | D271: 46081 | E271: 1013809233 | F271: 6421007202 | G271: Khen thưởng BD khác | H271: 1001204000 | I271: Tổ 5S & an toàn | J271: Tt cp khen thưởng 5S | K271: TT cp khen thưởng | L271: 2 | M271: 2026 | N271: 1500000 | O271: 5100001165 | Q271: OANH.THT | T271: 0
A272: =LEFT(F272,3) -> 642 | B272: =_xlfn.XLOOKUP(I272,Mapping!D:D,Mapping!E:E) -> Hành Chánh Nhân Sự | C272: =_xlfn.XLOOKUP(F272,Mapping!A:A,Mapping!F:F) -> Khen thưởng BD khác | D272: 46081 | E272: 1013810578 | F272: 6421007202 | G272: Khen thưởng BD khác | H272: 1001204000 | I272: Tổ 5S & an toàn | J272: Hoàn trích CP khen thưởng cải tiến năm 2025 | K272: Hoàn CP cải tiến 2025 | L272: 2 | M272: 2026 | N272: 134853331 | O272: 8500000250 | P272: X | Q272: CUC.NT | T272: 0
A273: =LEFT(F273,3) -> 642 | B273: =_xlfn.XLOOKUP(I273,Mapping!D:D,Mapping!E:E) -> Hành Chánh Nhân Sự | C273: =_xlfn.XLOOKUP(F273,Mapping!A:A,Mapping!F:F) -> Lương Chính +T13 | D273: 46081 | E273: 1013810599 | F273: 6421002604 | G273: CP lương chính-Gián | H273: 1001205000 | I273: Tổ Quản Trị Hệ Thống | J273: CHI PHÍ LƯƠNG THÁNG 02.2026 | K273: CP LƯƠNGT02.2026 | L273: 2 | M273: 2026 | N273: 65895682 | O273: 5100001224 | Q273: CUC.NT | T273: 0
A274: =LEFT(F274,3) -> 642 | B274: =_xlfn.XLOOKUP(I274,Mapping!D:D,Mapping!E:E) -> Hành Chánh Nhân Sự | C274: =_xlfn.XLOOKUP(F274,Mapping!A:A,Mapping!F:F) -> Lương Chính +T13 | D274: 46081 | E274: 1013810599 | F274: 6421002605 | G274: CP Lương tháng 13, P | H274: 1001205000 | I274: Tổ Quản Trị Hệ Thống | J274: CHI PHÍ LƯƠNG THÁNG 02.2026 | K274: CP LƯƠNGT02.2026 | L274: 2 | M274: 2026 | N274: 6076615 | O274: 5100001224 | Q274: CUC.NT | T274: 0
A275: =LEFT(F275,3) -> 642 | B275: =_xlfn.XLOOKUP(I275,Mapping!D:D,Mapping!E:E) -> Hành Chánh Nhân Sự | C275: =_xlfn.XLOOKUP(F275,Mapping!A:A,Mapping!F:F) -> Lương Chính +T13 | D275: 46081 | E275: 1013810607 | F275: 6421002605 | G275: CP Lương tháng 13, P | H275: 1001205000 | I275: Tổ Quản Trị Hệ Thống | J275: TRÍCH LƯƠNG T13, PHÉP NĂM T02.2026 | K275: CP LƯƠNGT02.2026 | L275: 2 | M275: 2026 | N275: 6660250 | O275: 5100001225 | Q275: CUC.NT | T275: 0
A276: =LEFT(F276,3) -> 642 | B276: =_xlfn.XLOOKUP(I276,Mapping!D:D,Mapping!E:E) -> Hành Chánh Nhân Sự | C276: =_xlfn.XLOOKUP(F276,Mapping!A:A,Mapping!F:F) -> Thưởng | D276: 46081 | E276: 1013810607 | F276: 6421002806 | G276: Thưởng danh hiệu | H276: 1001205000 | I276: Tổ Quản Trị Hệ Thống | J276: TRÍCH DANH HIỆU T02.2026 | K276: CP LƯƠNGT02.2026 | L276: 2 | M276: 2026 | N276: 6127377 | O276: 5100001225 | Q276: CUC.NT | T276: 0
A277: =LEFT(F277,3) -> 642 | B277: =_xlfn.XLOOKUP(I277,Mapping!D:D,Mapping!E:E) -> Hành Chánh Nhân Sự | C277: =_xlfn.XLOOKUP(F277,Mapping!A:A,Mapping!F:F) -> Phụ Cấp | D277: 46081 | E277: 1013809762 | F277: 6421003202 | G277: Tiền ăn giữa ca-Gián | H277: 1001205000 | I277: Tổ Quản Trị Hệ Thống | J277: chi phí suất ăn - Ba Anh Em tháng 02/2026 | K277: chi phí suất ăn - Ba Anh | L277: 2 | M277: 2026 | N277: 1372000 | O277: 3500000917 | Q277: NHI.NHN | T277: 0
A278: =LEFT(F278,3) -> 642 | B278: =_xlfn.XLOOKUP(I278,Mapping!D:D,Mapping!E:E) -> Hành Chánh Nhân Sự | C278: =_xlfn.XLOOKUP(F278,Mapping!A:A,Mapping!F:F) -> BHXH, BHYT, KPCĐ | D278: 46081 | E278: 1013810608 | F278: 6421003401 | G278: BHXH, BHYT, KPCĐ, BH | H278: 1001205000 | I278: Tổ Quản Trị Hệ Thống | J278: BHXH,BHYT,KPCĐ,BHTN T02.2026 | K278: CP LƯƠNGT02.2026 | L278: 2 | M278: 2026 | N278: 18781905 | O278: 5100001228 | Q278: CUC.NT | T278: 0
A279: =LEFT(F279,3) -> 642 | B279: =_xlfn.XLOOKUP(I279,Mapping!D:D,Mapping!E:E) -> Chiến Lược CCU | C279: =_xlfn.XLOOKUP(F279,Mapping!A:A,Mapping!F:F) -> Lương Chính +T13 | D279: 46081 | E279: 1013810599 | F279: 6421002604 | G279: CP lương chính-Gián | H279: 1001206000 | I279: Chiến Lược CCU | J279: CHI PHÍ LƯƠNG THÁNG 02.2026 | K279: CP LƯƠNGT02.2026 | L279: 2 | M279: 2026 | N279: 74115360 | O279: 5100001224 | Q279: CUC.NT | T279: 0
A280: =LEFT(F280,3) -> 642 | B280: =_xlfn.XLOOKUP(I280,Mapping!D:D,Mapping!E:E) -> Chiến Lược CCU | C280: =_xlfn.XLOOKUP(F280,Mapping!A:A,Mapping!F:F) -> Lương Chính +T13 | D280: 46081 | E280: 1013810599 | F280: 6421002605 | G280: CP Lương tháng 13, P | H280: 1001206000 | I280: Chiến Lược CCU | J280: CHI PHÍ LƯƠNG THÁNG 02.2026 | K280: CP LƯƠNGT02.2026 | L280: 2 | M280: 2026 | N280: 12222192 | O280: 5100001224 | Q280: CUC.NT | T280: 0
A281: =LEFT(F281,3) -> 642 | B281: =_xlfn.XLOOKUP(I281,Mapping!D:D,Mapping!E:E) -> Chiến Lược CCU | C281: =_xlfn.XLOOKUP(F281,Mapping!A:A,Mapping!F:F) -> Lương Chính +T13 | D281: 46081 | E281: 1013810607 | F281: 6421002605 | G281: CP Lương tháng 13, P | H281: 1001206000 | I281: Chiến Lược CCU | J281: TRÍCH LƯƠNG T13, PHÉP NĂM T02.2026 | K281: CP LƯƠNGT02.2026 | L281: 2 | M281: 2026 | N281: 7104917 | O281: 5100001225 | Q281: CUC.NT | T281: 0
A282: =LEFT(F282,3) -> 642 | B282: =_xlfn.XLOOKUP(I282,Mapping!D:D,Mapping!E:E) -> Chiến Lược CCU | C282: =_xlfn.XLOOKUP(F282,Mapping!A:A,Mapping!F:F) -> Thưởng | D282: 46081 | E282: 1013810607 | F282: 6421002806 | G282: Thưởng danh hiệu | H282: 1001206000 | I282: Chiến Lược CCU | J282: TRÍCH DANH HIỆU T02.2026 | K282: CP LƯƠNGT02.2026 | L282: 2 | M282: 2026 | N282: 6536466 | O282: 5100001225 | Q282: CUC.NT | T282: 0
A283: =LEFT(F283,3) -> 642 | B283: =_xlfn.XLOOKUP(I283,Mapping!D:D,Mapping!E:E) -> Chiến Lược CCU | C283: =_xlfn.XLOOKUP(F283,Mapping!A:A,Mapping!F:F) -> BHXH, BHYT, KPCĐ | D283: 46081 | E283: 1013810608 | F283: 6421003401 | G283: BHXH, BHYT, KPCĐ, BH | H283: 1001206000 | I283: Chiến Lược CCU | J283: BHXH,BHYT,KPCĐ,BHTN T02.2026 | K283: CP LƯƠNGT02.2026 | L283: 2 | M283: 2026 | N283: 20035865 | O283: 5100001228 | Q283: CUC.NT | T283: 0
A284: =LEFT(F284,3) -> 641 | B284: =_xlfn.XLOOKUP(I284,Mapping!D:D,Mapping!E:E) -> Kinh doanh | C284: =_xlfn.XLOOKUP(F284,Mapping!A:A,Mapping!F:F) -> Lương Chính +T13 | D284: 46081 | E284: 1013810599 | F284: 6411002604 | G284: CP lương chính-Gián | H284: 1001400000 | I284: Kinh doanh | J284: CHI PHÍ LƯƠNG THÁNG 02.2026 | K284: CP LƯƠNGT02.2026 | L284: 2 | M284: 2026 | N284: 255479908 | O284: 5100001224 | Q284: CUC.NT | T284: 0
... A286: =LEFT(F286,3) -> 641 | B286: =_xlfn.XLOOKUP(I286,Mapping!D:D,Mapping!E:E) -> Kinh doanh | C286: =_xlfn.XLOOKUP(F286,Mapping!A:A,Mapping!F:F) -> Lương Chính +T13 | D286: 46081 | E286: 1013810607 | F286: 6411002605 | G286: CP Lương tháng 13, P | H286: 1001400000 | I286: Kinh doanh | J286: TRÍCH LƯƠNG T13, PHÉP NĂM T02.2026 | K286: CP LƯƠNGT02.2026 | L286: 2 | M286: 2026 | N286: 24436667 | O286: 5100001225 | Q286: CUC.NT | T286: 0
A287: =LEFT(F287,3) -> 641 | B287: =_xlfn.XLOOKUP(I287,Mapping!D:D,Mapping!E:E) -> Kinh doanh | C287: =_xlfn.XLOOKUP(F287,Mapping!A:A,Mapping!F:F) -> Thưởng | D287: 46054 | E287: 1013810420 | F287: 6411002802 | G287: Chi phí Khen thưởng | H287: 1001400000 | I287: Kinh doanh | J287: TRÍCH THƯỞNG NVKD T01/26 | K287: TRÍCH TRƯỚC THƯỞNG PKD | L287: 2 | M287: 2026 | N287: -125000000 | O287: 8500000239 | P287: X | Q287: CUC.NT | T287: 0
A288: =LEFT(F288,3) -> 641 | B288: =_xlfn.XLOOKUP(I288,Mapping!D:D,Mapping!E:E) -> Kinh doanh | C288: =_xlfn.XLOOKUP(F288,Mapping!A:A,Mapping!F:F) -> Thưởng | D288: 46081 | E288: 1013810412 | F288: 6411002802 | G288: Chi phí Khen thưởng | H288: 1001400000 | I288: Kinh doanh | J288: TRÍCH THƯỞNG PHÒNG KINH DOANH T02/26 | K288: TRÍCH TRƯỚC THƯỞNG PKD | L288: 2 | M288: 2026 | N288: 11179505 | O288: 5100001219 | Q288: MY.DTT | T288: 0
A289: =LEFT(F289,3) -> 641 | B289: =_xlfn.XLOOKUP(I289,Mapping!D:D,Mapping!E:E) -> Kinh doanh | C289: =_xlfn.XLOOKUP(F289,Mapping!A:A,Mapping!F:F) -> Thưởng | D289: 46081 | E289: 1013810413 | F289: 6411002802 | G289: Chi phí Khen thưởng | H289: 1001400000 | I289: Kinh doanh | J289: TRÍCH THƯỞNG NVKD T02/26 | K289: TRÍCH TRƯỚC THƯỞNG NVKD | L289: 2 | M289: 2026 | N289: 105615544 | O289: 5100001220 | Q289: MY.DTT | T289: 0
A290: =LEFT(F290,3) -> 641 | B290: =_xlfn.XLOOKUP(I290,Mapping!D:D,Mapping!E:E) -> Kinh doanh | C290: =_xlfn.XLOOKUP(F290,Mapping!A:A,Mapping!F:F) -> Thưởng | D290: 46081 | E290: 1013810599 | F290: 6411002802 | G290: Chi phí Khen thưởng | H290: 1001400000 | I290: Kinh doanh | J290: CHI PHÍ LƯƠNG THÁNG 02.2026 | K290: CP LƯƠNGT02.2026 | L290: 2 | M290: 2026 | N290: 114929210 | O290: 5100001224 | Q290: CUC.NT | T290: 0
A291: =LEFT(F291,3) -> 641 | B291: =_xlfn.XLOOKUP(I291,Mapping!D:D,Mapping!E:E) -> Kinh doanh | C291: =_xlfn.XLOOKUP(F291,Mapping!A:A,Mapping!F:F) -> Thưởng | D291: 46081 | E291: 1013810607 | F291: 6411002806 | G291: Thưởng danh hiệu | H291: 1001400000 | I291: Kinh doanh | J291: TRÍCH DANH HIỆU T02.2026 | K291: CP LƯƠNGT02.2026 | L291: 2 | M291: 2026 | N291: 22481538 | O291: 5100001225 | Q291: CUC.NT | T291: 0
A292: =LEFT(F292,3) -> 641 | B292: =_xlfn.XLOOKUP(I292,Mapping!D:D,Mapping!E:E) -> Kinh doanh | C292: =_xlfn.XLOOKUP(F292,Mapping!A:A,Mapping!F:F) -> Phụ Cấp | D292: 46054 | E292: 1013802945 | F292: 6411003202 | G292: Tiền ăn giữa ca-Gián | H292: 1001400000 | I292: Kinh doanh | J292: CP suất ăn P.Kinh Doanh dùng cơm tại VVK T01.2026 | K292: CP suất ăn P.Kinh Doanh d | L292: 2 | M292: 2026 | N292: 5040000 | O292: 3500000694 | Q292: NHI.NHN | T292: 0
A293: =LEFT(F293,3) -> 641 | B293: =_xlfn.XLOOKUP(I293,Mapping!D:D,Mapping!E:E) -> Kinh doanh | C293: =_xlfn.XLOOKUP(F293,Mapping!A:A,Mapping!F:F) -> Phụ Cấp | D293: 46081 | E293: 1013810599 | F293: 6411003202 | G293: Tiền ăn giữa ca-Gián | H293: 1001400000 | I293: Kinh doanh | J293: CHI PHÍ LƯƠNG THÁNG 02.2026 | K293: CP LƯƠNGT02.2026 | L293: 2 | M293: 2026 | N293: 150000 | O293: 5100001224 | Q293: CUC.NT | T293: 0
A294: =LEFT(F294,3) -> 641 | B294: =_xlfn.XLOOKUP(I294,Mapping!D:D,Mapping!E:E) -> Kinh doanh | C294: =_xlfn.XLOOKUP(F294,Mapping!A:A,Mapping!F:F) -> BHXH, BHYT, KPCĐ | D294: 46081 | E294: 1013810608 | F294: 6411003401 | G294: BHXH, BHYT, KPCĐ, BH | H294: 1001400000 | I294: Kinh doanh | J294: BHXH,BHYT,KPCĐ,BHTN T02.2026 | K294: CP LƯƠNGT02.2026 | L294: 2 | M294: 2026 | N294: 63587000 | O294: 5100001228 | Q294: CUC.NT | T294: 0
A295: =LEFT(F295,3) -> 642 | B295: =_xlfn.XLOOKUP(I295,Mapping!D:D,Mapping!E:E) -> Cung Ứng | C295: =_xlfn.XLOOKUP(F295,Mapping!A:A,Mapping!F:F) -> Lương Chính +T13 | D295: 46081 | E295: 1013810599 | F295: 6421002604 | G295: CP lương chính-Gián | H295: 1001404000 | I295: Cung ứng | J295: CHI PHÍ LƯƠNG THÁNG 02.2026 | K295: CP LƯƠNGT02.2026 | L295: 2 | M295: 2026 | N295: 384349696 | O295: 5100001224 | Q295: CUC.NT | T295: 0
A296: =LEFT(F296,3) -> 642 | B296: =_xlfn.XLOOKUP(I296,Mapping!D:D,Mapping!E:E) -> Cung Ứng | C296: =_xlfn.XLOOKUP(F296,Mapping!A:A,Mapping!F:F) -> Lương Chính +T13 | D296: 46081 | E296: 1013810599 | F296: 6421002605 | G296: CP Lương tháng 13, P | H296: 1001404000 | I296: Cung ứng | J296: CHI PHÍ LƯƠNG THÁNG 02.2026 | K296: CP LƯƠNGT02.2026 | L296: 2 | M296: 2026 | N296: 51215769 | O296: 5100001224 | Q296: CUC.NT | T296: 0
A297: =LEFT(F297,3) -> 642 | B297: =_xlfn.XLOOKUP(I297,Mapping!D:D,Mapping!E:E) -> Cung Ứng | C297: =_xlfn.XLOOKUP(F297,Mapping!A:A,Mapping!F:F) -> Lương Chính +T13 | D297: 46081 | E297: 1013810607 | F297: 6421002605 | G297: CP Lương tháng 13, P | H297: 1001404000 | I297: Cung ứng | J297: TRÍCH LƯƠNG T13, PHÉP NĂM T02.2026 | K297: CP LƯƠNGT02.2026 | L297: 2 | M297: 2026 | N297: 31001167 | O297: 5100001225 | Q297: CUC.NT | T297: 0
A298: =LEFT(F298,3) -> 642 | B298: =_xlfn.XLOOKUP(I298,Mapping!D:D,Mapping!E:E) -> Cung Ứng | C298: =_xlfn.XLOOKUP(F298,Mapping!A:A,Mapping!F:F) -> Thưởng | D298: 46081 | E298: 1013810599 | F298: 6421002802 | G298: Chi phí Khen thưởng | H298: 1001404000 | I298: Cung ứng | J298: CHI PHÍ LƯƠNG THÁNG 02.2026 | K298: CP LƯƠNGT02.2026 | L298: 2 | M298: 2026 | N298: 316507895 | O298: 5100001224 | Q298: CUC.NT | T298: 0
A299: =LEFT(F299,3) -> 642 | B299: =_xlfn.XLOOKUP(I299,Mapping!D:D,Mapping!E:E) -> Cung Ứng | C299: =_xlfn.XLOOKUP(F299,Mapping!A:A,Mapping!F:F) -> Thưởng | D299: 46081 | E299: 1013810607 | F299: 6421002806 | G299: Thưởng danh hiệu | H299: 1001404000 | I299: Cung ứng | J299: TRÍCH DANH HIỆU T02.2026 | K299: CP LƯƠNGT02.2026 | L299: 2 | M299: 2026 | N299: 27052575 | O299: 5100001225 | Q299: CUC.NT | T299: 0
... A504: =LEFT(F504,3) -> 642 | B504: =_xlfn.XLOOKUP(I504,Mapping!D:D,Mapping!E:E) -> Chiến Lược CCU | C504: =_xlfn.XLOOKUP(F504,Mapping!A:A,Mapping!F:F) -> Thưởng | D504: 46112 | E504: 1013836534 | F504: 6421002806 | G504: Thưởng danh hiệu | H504: 1001206000 | I504: Chiến Lược CCU | J504: TRÍCH DANH HIỆU T03.2026 | K504: CP LƯƠNGT03.2026 | L504: 3 | M504: 2026 | N504: 6536466 | O504: 5100002168 | Q504: CUC.NT | T504: 0
A505: =LEFT(F505,3) -> 641 | B505: =_xlfn.XLOOKUP(I505,Mapping!D:D,Mapping!E:E) -> Kinh doanh | C505: =_xlfn.XLOOKUP(F505,Mapping!A:A,Mapping!F:F) -> Thưởng | D505: 46082 | E505: 1013836556 | F505: 6411002802 | G505: Chi phí Khen thưởng | H505: 1001400000 | I505: Kinh doanh | J505: TRÍCH THƯỞNG NVKD T02/26 | K505: TRÍCH TRƯỚC THƯỞNG NVKD | L505: 3 | M505: 2026 | N505: -105615544 | O505: 8500000455 | P505: X | Q505: CUC.NT | T505: 0
A506: =LEFT(F506,3) -> 641 | B506: =_xlfn.XLOOKUP(I506,Mapping!D:D,Mapping!E:E) -> Kinh doanh | C506: =_xlfn.XLOOKUP(F506,Mapping!A:A,Mapping!F:F) -> BHXH, BHYT, KPCĐ | D506: 46112 | E506: 1013836562 | F506: 6411003401 | G506: BHXH, BHYT, KPCĐ, BH | H506: 1001400000 | I506: Kinh doanh | J506: BHXH,BHYT,KPCĐ,BHTN T03.2026 | K506: CP LƯƠNGT03.2026 | L506: 3 | M506: 2026 | N506: 56356990 | O506: 5100002171 | Q506: CUC.NT | T506: 0
A507: =LEFT(F507,3) -> 642 | B507: =_xlfn.XLOOKUP(I507,Mapping!D:D,Mapping!E:E) -> Cung Ứng | C507: =_xlfn.XLOOKUP(F507,Mapping!A:A,Mapping!F:F) -> BHXH, BHYT, KPCĐ | D507: 46112 | E507: 1013836562 | F507: 6421003401 | G507: BHXH, BHYT, KPCĐ, BH | H507: 1001404000 | I507: Cung ứng | J507: BHXH,BHYT,KPCĐ,BHTN T03.2026 | K507: CP LƯƠNGT03.2026 | L507: 3 | M507: 2026 | N507: 87423290 | O507: 5100002171 | Q507: CUC.NT | T507: 0
A508: =LEFT(F508,3) -> 642 | B508: =_xlfn.XLOOKUP(I508,Mapping!D:D,Mapping!E:E) -> Mua Hàng & XNK | C508: =_xlfn.XLOOKUP(F508,Mapping!A:A,Mapping!F:F) -> BHXH, BHYT, KPCĐ | D508: 46112 | E508: 1013836562 | F508: 6421003401 | G508: BHXH, BHYT, KPCĐ, BH | H508: 1001405000 | I508: Phòng mua XNK | J508: BHXH,BHYT,KPCĐ,BHTN T03.2026 | K508: CP LƯƠNGT03.2026 | L508: 3 | M508: 2026 | N508: 45919925 | O508: 5100002171 | Q508: CUC.NT | T508: 0
A509: =LEFT(F509,3) -> 642 | B509: =_xlfn.XLOOKUP(I509,Mapping!D:D,Mapping!E:E) -> Hành Chánh Nhân Sự | C509: =_xlfn.XLOOKUP(F509,Mapping!A:A,Mapping!F:F) -> BHXH, BHYT, KPCĐ | D509: 46112 | E509: 1013836562 | F509: 6421003401 | G509: BHXH, BHYT, KPCĐ, BH | H509: 1001205000 | I509: Tổ Quản Trị Hệ Thống | J509: BHXH,BHYT,KPCĐ,BHTN T03.2026 | K509: CP LƯƠNGT03.2026 | L509: 3 | M509: 2026 | N509: 18781905 | O509: 5100002171 | Q509: CUC.NT | T509: 0
A510: =LEFT(F510,3) -> 642 | B510: =_xlfn.XLOOKUP(I510,Mapping!D:D,Mapping!E:E) -> Hành Chánh Nhân Sự | C510: =_xlfn.XLOOKUP(F510,Mapping!A:A,Mapping!F:F) -> BHXH, BHYT, KPCĐ | D510: 46112 | E510: 1013836562 | F510: 6421003401 | G510: BHXH, BHYT, KPCĐ, BH | H510: 1001204000 | I510: Tổ 5S & an toàn | J510: BHXH,BHYT,KPCĐ,BHTN T03.2026 | K510: CP LƯƠNGT03.2026 | L510: 3 | M510: 2026 | N510: 25429115 | O510: 5100002171 | Q510: CUC.NT | T510: 0
A511: =LEFT(F511,3) -> 642 | B511: =_xlfn.XLOOKUP(I511,Mapping!D:D,Mapping!E:E) -> Chiến Lược CCU | C511: =_xlfn.XLOOKUP(F511,Mapping!A:A,Mapping!F:F) -> BHXH, BHYT, KPCĐ | D511: 46112 | E511: 1013836562 | F511: 6421003401 | G511: BHXH, BHYT, KPCĐ, BH | H511: 1001206000 | I511: Chiến Lược CCU | J511: BHXH,BHYT,KPCĐ,BHTN T03.2026 | K511: CP LƯƠNGT03.2026 | L511: 3 | M511: 2026 | N511: 20035865 | O511: 5100002171 | Q511: CUC.NT | T511: 0
A512: =LEFT(F512,3) -> 642 | B512: =_xlfn.XLOOKUP(I512,Mapping!D:D,Mapping!E:E) -> Hành Chánh Nhân Sự | C512: =_xlfn.XLOOKUP(F512,Mapping!A:A,Mapping!F:F) -> Khen thưởng BD khác | D512: 46112 | E512: 1013836563 | F512: 6421007202 | G512: Khen thưởng BD khác | H512: 1001204000 | I512: Tổ 5S & an toàn | J512: CHI PHÍ LƯƠNG T03.2026 | K512: CP LƯƠNGT03.2026 | L512: 3 | M512: 2026 | N512: 5800000 | O512: 5100002173 | Q512: CUC.NT | T512: 0
A513: =LEFT(F513,3) -> 641 | B513: =_xlfn.XLOOKUP(I513,Mapping!D:D,Mapping!E:E) -> Kinh doanh | C513: =_xlfn.XLOOKUP(F513,Mapping!A:A,Mapping!F:F) -> BHXH, BHYT, KPCĐ | D513: 46112 | E513: 1013837037 | F513: 6411003401 | G513: BHXH, BHYT, KPCĐ, BH | H513: 1001400000 | I513: Kinh doanh | J513: Điều chỉnh BHXH tháng 2.2026 | K513: CP LƯƠNGT03.2026 | L513: 3 | M513: 2026 | N513: 1384470 | O513: 5100002178 | Q513: CUC.NT | T513: 0
A514: =LEFT(F514,3) -> 642 | B514: =_xlfn.XLOOKUP(I514,Mapping!D:D,Mapping!E:E) -> Cung Ứng | C514: =_xlfn.XLOOKUP(F514,Mapping!A:A,Mapping!F:F) -> Lương Chính +T13 | D514: 46112 | E514: 1013837038 | F514: 6421002604 | G514: CP lương chính-Gián | H514: 1001404000 | I514: Cung ứng | J514: Trừ vượt ĐM dầu T03.2026 | K514: CP LƯƠNGT03.2026 | L514: 3 | M514: 2026 | N514: -518050 | O514: 5100002179 | Q514: CUC.NT | T514: 0
A515: =LEFT(F515,3) -> 627 | B515: =_xlfn.XLOOKUP(I515,Mapping!D:D,Mapping!E:E) -> Xưởng Sản Xuất | C515: =_xlfn.XLOOKUP(F515,Mapping!A:A,Mapping!F:F) -> Phụ Cấp | D515: 46101 | E515: 1013835781 | F515: 6271003202 | G515: Tiền ăn giữa ca-Gián | H515: 1001602000 | I515: Xưởng sản xuất PET | J515: chi phí suất ăn - Ba Anh Em tháng 03/2026 | K515: chi phí suất ăn - Ba Anh | L515: 3 | M515: 2026 | N515: 77952000 | O515: 3500001986 | Q515: NHI.NHN | T515: 0
A516: =LEFT(F516,3) -> 627 | B516: =_xlfn.XLOOKUP(I516,Mapping!D:D,Mapping!E:E) -> Kỹ Thuật | C516: =_xlfn.XLOOKUP(F516,Mapping!A:A,Mapping!F:F) -> Phụ Cấp | D516: 46101 | E516: 1013835781 | F516: 6271003202 | G516: Tiền ăn giữa ca-Gián | H516: 1001601300 | I516: Kỹ thuật | J516: chi phí suất ăn - Ba Anh Em tháng 03/2026 | K516: chi phí suất ăn - Ba Anh | L516: 3 | M516: 2026 | N516: 33880000 | O516: 3500001986 | Q516: NHI.NHN | T516: 0
A517: =LEFT(F517,3) -> 627 | B517: =_xlfn.XLOOKUP(I517,Mapping!D:D,Mapping!E:E) -> Kiểm Soát Chất Lượng | C517: =_xlfn.XLOOKUP(F517,Mapping!A:A,Mapping!F:F) -> Phụ Cấp | D517: 46101 | E517: 1013835781 | F517: 6271003202 | G517: Tiền ăn giữa ca-Gián | H517: 1001601400 | I517: Kiểm soát chất lượng | J517: chi phí suất ăn - Ba Anh Em tháng 03/2026 | K517: chi phí suất ăn - Ba Anh | L517: 3 | M517: 2026 | N517: 20216000 | O517: 3500001986 | Q517: NHI.NHN | T517: 0
... A567: =LEFT(F567,3) -> 641 | B567: =_xlfn.XLOOKUP(I567,Mapping!D:D,Mapping!E:E) -> Kinh doanh | C567: =_xlfn.XLOOKUP(F567,Mapping!A:A,Mapping!F:F) -> Lương Chính +T13 | D567: 46101 | E567: 1013838496 | F567: 6411002604 | G567: CP lương chính-Gián | H567: 1001400000 | I567: Kinh doanh | J567: CP Lương Anh Phương đại diện BH tại Mỹ T03.2026 | K567: CP Lương Anh Phương | L567: 3 | M567: 2026 | N567: 104872000 | O567: 3500002053 | Q567: NHU.LTH | T567: 0
...

Sheet 01. CP Nhân sự 
A1: 00. DM | B1: CHI PHÍ NHÂN SỰ 2025
C3: 2026 | N3: =SUM(N19:N189) -> 3.1485771e+12 | O3: =K3/$N$71 -> 0
A4: THÁNG | B4: STT | C4: Bộ phận | D4: Định biên | E4: Lương Chính +T13 | F4: Lương Ngoài giờ | G4: Thưởng | H4: Phụ Cấp | I4: BHXH, BHYT, KPCĐ | J4: Khen thưởng BD khác | K4: Cộng | L4: Tỷ lệ tăng | N4: Doanh thu | O4: % lương / doanh thu
A5: 1 | B5: 1 | C5: Ban Giám Đốc | D5: =VLOOKUP(C5,'02. ĐỊNH BIÊN'!$C$6:$P$48,3,0) -> 12 | E5: =SUMIFS('Data 2026>>'!$N:$N,'Data 2026>>'!$L:$L,'01. CP Nhân sự '!$A5,'Data 2026>>'!$B:$B,'01. CP Nhân sự '!$C5,'Data 2026>>'!$C:$C,'01. CP Nhân sự '!E$4) -> 1746535476 | F5: =SUMIFS('Data 2026>>'!$N:$N,'Data 2026>>'!$L:$L,'01. CP Nhân sự '!$A5,'Data 2026>>'!$B:$B,'01. CP Nhân sự '!$C5,'Data 2026>>'!$C:$C,'01. CP Nhân sự '!F$4) -> 0 | G5: =SUMIFS('Data 2026>>'!$N:$N,'Data 2026>>'!$L:$L,'01. CP Nhân sự '!$A5,'Data 2026>>'!$B:$B,'01. CP Nhân sự '!$C5,'Data 2026>>'!$C:$C,'01. CP Nhân sự '!G$4) -> 113846447 | H5: =SUMIFS('Data 2026>>'!$N:$N,'Data 2026>>'!$L:$L,'01. CP Nhân sự '!$A5,'Data 2026>>'!$B:$B,'01. CP Nhân sự '!$C5,'Data 2026>>'!$C:$C,'01. CP Nhân sự '!H$4) -> 0 | I5: =SUMIFS('Data 2026>>'!$N:$N,'Data 2026>>'!$L:$L,'01. CP Nhân sự '!$A5,'Data 2026>>'!$B:$B,'01. CP Nhân sự '!$C5,'Data 2026>>'!$C:$C,'01. CP Nhân sự '!I$4) -> 126294310 | J5: =SUMIFS('Data 2026>>'!$N:$N,'Data 2026>>'!$L:$L,'01. CP Nhân sự '!$A5,'Data 2026>>'!$B:$B,'01. CP Nhân sự '!$C5,'Data 2026>>'!$C:$C,'01. CP Nhân sự '!J$4) -> 0 | K5: =SUM(E5:J5) -> 1986676233 | O5: =K5/N$19 -> 0.015754888
A6: 1 | B6: 2 | C6: Kinh doanh | D6: =VLOOKUP(C6,'02. ĐỊNH BIÊN'!$C$6:$P$48,3,0) -> 9 | E6: =SUMIFS('Data 2026>>'!$N:$N,'Data 2026>>'!$L:$L,'01. CP Nhân sự '!$A6,'Data 2026>>'!$B:$B,'01. CP Nhân sự '!$C6,'Data 2026>>'!$C:$C,'01. CP Nhân sự '!E$4) -> 318673280 | F6: =SUMIFS('Data 2026>>'!$N:$N,'Data 2026>>'!$L:$L,'01. CP Nhân sự '!$A6,'Data 2026>>'!$B:$B,'01. CP Nhân sự '!$C6,'Data 2026>>'!$C:$C,'01. CP Nhân sự '!F$4) -> 0 | G6: =SUMIFS('Data 2026>>'!$N:$N,'Data 2026>>'!$L:$L,'01. CP Nhân sự '!$A6,'Data 2026>>'!$B:$B,'01. CP Nhân sự '!$C6,'Data 2026>>'!$C:$C,'01. CP Nhân sự '!G$4) -> 154838337 | H6: =SUMIFS('Data 2026>>'!$N:$N,'Data 2026>>'!$L:$L,'01. CP Nhân sự '!$A6,'Data 2026>>'!$B:$B,'01. CP Nhân sự '!$C6,'Data 2026>>'!$C:$C,'01. CP Nhân sự '!H$4) -> 7162000 | I6: =SUMIFS('Data 2026>>'!$N:$N,'Data 2026>>'!$L:$L,'01. CP Nhân sự '!$A6,'Data 2026>>'!$B:$B,'01. CP Nhân sự '!$C6,'Data 2026>>'!$C:$C,'01. CP Nhân sự '!I$4) -> 63587000 | J6: =SUMIFS('Data 2026>>'!$N:$N,'Data 2026>>'!$L:$L,'01. CP Nhân sự '!$A6,'Data 2026>>'!$B:$B,'01. CP Nhân sự '!$C6,'Data 2026>>'!$C:$C,'01. CP Nhân sự '!J$4) -> 0 | K6: =SUM(E6:J6) -> 544260617 | O6: =K6/N$19 -> 0.0043161362
A7: 1 | B7: 3 | C7: Mua Hàng & XNK | D7: =VLOOKUP(C7,'02. ĐỊNH BIÊN'!$C$6:$P$48,3,0) -> 9 | E7: =SUMIFS('Data 2026>>'!$N:$N,'Data 2026>>'!$L:$L,'01. CP Nhân sự '!$A7,'Data 2026>>'!$B:$B,'01. CP Nhân sự '!$C7,'Data 2026>>'!$C:$C,'01. CP Nhân sự '!E$4) -> 201719490 | F7: =SUMIFS('Data 2026>>'!$N:$N,'Data 2026>>'!$L:$L,'01. CP Nhân sự '!$A7,'Data 2026>>'!$B:$B,'01. CP Nhân sự '!$C7,'Data 2026>>'!$C:$C,'01. CP Nhân sự '!F$4) -> 0 | G7: =SUMIFS('Data 2026>>'!$N:$N,'Data 2026>>'!$L:$L,'01. CP Nhân sự '!$A7,'Data 2026>>'!$B:$B,'01. CP Nhân sự '!$C7,'Data 2026>>'!$C:$C,'01. CP Nhân sự '!G$4) -> 17382748 | H7: =SUMIFS('Data 2026>>'!$N:$N,'Data 2026>>'!$L:$L,'01. CP Nhân sự '!$A7,'Data 2026>>'!$B:$B,'01. CP Nhân sự '!$C7,'Data 2026>>'!$C:$C,'01. CP Nhân sự '!H$4) -> 5447000 | I7: =SUMIFS('Data 2026>>'!$N:$N,'Data 2026>>'!$L:$L,'01. CP Nhân sự '!$A7,'Data 2026>>'!$B:$B,'01. CP Nhân sự '!$C7,'Data 2026>>'!$C:$C,'01. CP Nhân sự '!I$4) -> 45919925 | J7: =SUMIFS('Data 2026>>'!$N:$N,'Data 2026>>'!$L:$L,'01. CP Nhân sự '!$A7,'Data 2026>>'!$B:$B,'01. CP Nhân sự '!$C7,'Data 2026>>'!$C:$C,'01. CP Nhân sự '!J$4) -> 0 | K7: =SUM(E7:J7) -> 270469163 | O7: =K7/N$19 -> 0.0021448948
A8: 1 | B8: 4 | C8: Kế Toán | D8: =VLOOKUP(C8,'02. ĐỊNH BIÊN'!$C$6:$P$48,3,0) -> 29 | E8: =SUMIFS('Data 2026>>'!$N:$N,'Data 2026>>'!$L:$L,'01. CP Nhân sự '!$A8,'Data 2026>>'!$B:$B,'01. CP Nhân sự '!$C8,'Data 2026>>'!$C:$C,'01. CP Nhân sự '!E$4) -> 615389473 | F8: =SUMIFS('Data 2026>>'!$N:$N,'Data 2026>>'!$L:$L,'01. CP Nhân sự '!$A8,'Data 2026>>'!$B:$B,'01. CP Nhân sự '!$C8,'Data 2026>>'!$C:$C,'01. CP Nhân sự '!F$4) -> 52518781 | G8: =SUMIFS('Data 2026>>'!$N:$N,'Data 2026>>'!$L:$L,'01. CP Nhân sự '!$A8,'Data 2026>>'!$B:$B,'01. CP Nhân sự '!$C8,'Data 2026>>'!$C:$C,'01. CP Nhân sự '!G$4) -> 48792781 | H8: =SUMIFS('Data 2026>>'!$N:$N,'Data 2026>>'!$L:$L,'01. CP Nhân sự '!$A8,'Data 2026>>'!$B:$B,'01. CP Nhân sự '!$C8,'Data 2026>>'!$C:$C,'01. CP Nhân sự '!H$4) -> 19303000 | I8: =SUMIFS('Data 2026>>'!$N:$N,'Data 2026>>'!$L:$L,'01. CP Nhân sự '!$A8,'Data 2026>>'!$B:$B,'01. CP Nhân sự '!$C8,'Data 2026>>'!$C:$C,'01. CP Nhân sự '!I$4) -> 120509265 | J8: =SUMIFS('Data 2026>>'!$N:$N,'Data 2026>>'!$L:$L,'01. CP Nhân sự '!$A8,'Data 2026>>'!$B:$B,'01. CP Nhân sự '!$C8,'Data 2026>>'!$C:$C,'01. CP Nhân sự '!J$4) -> 1600000 | K8: =SUM(E8:J8) -> 858113300 | O8: =K8/N$19 -> 0.0068050742
A9: 1 | B9: 5 | C9: Nghiên Cứu & Phát Triển | D9: =VLOOKUP(C9,'02. ĐỊNH BIÊN'!$C$6:$P$48,3,0) -> 8 | E9: =SUMIFS('Data 2026>>'!$N:$N,'Data 2026>>'!$L:$L,'01. CP Nhân sự '!$A9,'Data 2026>>'!$B:$B,'01. CP Nhân sự '!$C9,'Data 2026>>'!$C:$C,'01. CP Nhân sự '!E$4) -> 220722113 | F9: =SUMIFS('Data 2026>>'!$N:$N,'Data 2026>>'!$L:$L,'01. CP Nhân sự '!$A9,'Data 2026>>'!$B:$B,'01. CP Nhân sự '!$C9,'Data 2026>>'!$C:$C,'01. CP Nhân sự '!F$4) -> 0 | G9: =SUMIFS('Data 2026>>'!$N:$N,'Data 2026>>'!$L:$L,'01. CP Nhân sự '!$A9,'Data 2026>>'!$B:$B,'01. CP Nhân sự '!$C9,'Data 2026>>'!$C:$C,'01. CP Nhân sự '!G$4) -> 17976241 | H9: =SUMIFS('Data 2026>>'!$N:$N,'Data 2026>>'!$L:$L,'01. CP Nhân sự '!$A9,'Data 2026>>'!$B:$B,'01. CP Nhân sự '!$C9,'Data 2026>>'!$C:$C,'01. CP Nhân sự '!H$4) -> 750000 | I9: =SUMIFS('Data 2026>>'!$N:$N,'Data 2026>>'!$L:$L,'01. CP Nhân sự '!$A9,'Data 2026>>'!$B:$B,'01. CP Nhân sự '!$C9,'Data 2026>>'!$C:$C,'01. CP Nhân sự '!I$4) -> 48086675 | J9: =SUMIFS('Data 2026>>'!$N:$N,'Data 2026>>'!$L:$L,'01. CP Nhân sự '!$A9,'Data 2026>>'!$B:$B,'01. CP Nhân sự '!$C9,'Data 2026>>'!$C:$C,'01. CP Nhân sự '!J$4) -> 0 | K9: =SUM(E9:J9) -> 287535029 | O9: =K9/N$19 -> 0.0022802318
A10: 1 | B10: 6 | C10: Văn Phòng Giám Đốc | D10: =VLOOKUP(C10,'02. ĐỊNH BIÊN'!$C$6:$P$48,3,0) -> 4 | E10: =SUMIFS('Data 2026>>'!$N:$N,'Data 2026>>'!$L:$L,'01. CP Nhân sự '!$A10,'Data 2026>>'!$B:$B,'01. CP Nhân sự '!$C10,'Data 2026>>'!$C:$C,'01. CP Nhân sự '!E$4) -> 127209795 | F10: =SUMIFS('Data 2026>>'!$N:$N,'Data 2026>>'!$L:$L,'01. CP Nhân sự '!$A10,'Data 2026>>'!$B:$B,'01. CP Nhân sự '!$C10,'Data 2026>>'!$C:$C,'01. CP Nhân sự '!F$4) -> 0 | G10: =SUMIFS('Data 2026>>'!$N:$N,'Data 2026>>'!$L:$L,'01. CP Nhân sự '!$A10,'Data 2026>>'!$B:$B,'01. CP Nhân sự '!$C10,'Data 2026>>'!$C:$C,'01. CP Nhân sự '!G$4) -> 10215658 | H10: =SUMIFS('Data 2026>>'!$N:$N,'Data 2026>>'!$L:$L,'01. CP Nhân sự '!$A10,'Data 2026>>'!$B:$B,'01. CP Nhân sự '!$C10,'Data 2026>>'!$C:$C,'01. CP Nhân sự '!H$4) -> 2242000 | I10: =SUMIFS('Data 2026>>'!$N:$N,'Data 2026>>'!$L:$L,'01. CP Nhân sự '!$A10,'Data 2026>>'!$B:$B,'01. CP Nhân sự '!$C10,'Data 2026>>'!$C:$C,'01. CP Nhân sự '!I$4) -> 28861290 | J10: =SUMIFS('Data 2026>>'!$N:$N,'Data 2026>>'!$L:$L,'01. CP Nhân sự '!$A10,'Data 2026>>'!$B:$B,'01. CP Nhân sự '!$C10,'Data 2026>>'!$C:$C,'01. CP Nhân sự '!J$4) -> 0 | K10: =SUM(E10:J10) -> 168528743 | O10: =K10/N$19 -> 0.0013364792
A11: 1 | B11: 7 | C11: Kiểm Soát Chất Lượng | D11: =VLOOKUP(C11,'02. ĐỊNH BIÊN'!$C$6:$P$48,3,0) -> 47 | E11: =SUMIFS('Data 2026>>'!$N:$N,'Data 2026>>'!$L:$L,'01. CP Nhân sự '!$A11,'Data 2026>>'!$B:$B,'01. CP Nhân sự '!$C11,'Data 2026>>'!$C:$C,'01. CP Nhân sự '!E$4) -> 562262364 | F11: =SUMIFS('Data 2026>>'!$N:$N,'Data 2026>>'!$L:$L,'01. CP Nhân sự '!$A11,'Data 2026>>'!$B:$B,'01. CP Nhân sự '!$C11,'Data 2026>>'!$C:$C,'01. CP Nhân sự '!F$4) -> 146309178 | G11: =SUMIFS('Data 2026>>'!$N:$N,'Data 2026>>'!$L:$L,'01. CP Nhân sự '!$A11,'Data 2026>>'!$B:$B,'01. CP Nhân sự '!$C11,'Data 2026>>'!$C:$C,'01. CP Nhân sự '!G$4) -> 45703344 | H11: =SUMIFS('Data 2026>>'!$N:$N,'Data 2026>>'!$L:$L,'01. CP Nhân sự '!$A11,'Data 2026>>'!$B:$B,'01. CP Nhân sự '!$C11,'Data 2026>>'!$C:$C,'01. CP Nhân sự '!H$4) -> 64904556 | I11: =SUMIFS('Data 2026>>'!$N:$N,'Data 2026>>'!$L:$L,'01. CP Nhân sự '!$A11,'Data 2026>>'!$B:$B,'01. CP Nhân sự '!$C11,'Data 2026>>'!$C:$C,'01. CP Nhân sự '!I$4) -> 111278610 | J11: =SUMIFS('Data 2026>>'!$N:$N,'Data 2026>>'!$L:$L,'01. CP Nhân sự '!$A11,'Data 2026>>'!$B:$B,'01. CP Nhân sự '!$C11,'Data 2026>>'!$C:$C,'01. CP Nhân sự '!J$4) -> 0 | K11: =SUM(E11:J11) -> 930458052 | O11: =K11/N$19 -> 0.0073787879
A12: 1 | B12: 8 | C12: Kỹ Thuật | D12: =VLOOKUP(C12,'02. ĐỊNH BIÊN'!$C$6:$P$48,3,0) -> 86 | E12: =SUMIFS('Data 2026>>'!$N:$N,'Data 2026>>'!$L:$L,'01. CP Nhân sự '!$A12,'Data 2026>>'!$B:$B,'01. CP Nhân sự '!$C12,'Data 2026>>'!$C:$C,'01. CP Nhân sự '!E$4) -> 1344174744 | F12: =SUMIFS('Data 2026>>'!$N:$N,'Data 2026>>'!$L:$L,'01. CP Nhân sự '!$A12,'Data 2026>>'!$B:$B,'01. CP Nhân sự '!$C12,'Data 2026>>'!$C:$C,'01. CP Nhân sự '!F$4) -> 293756631 | G12: =SUMIFS('Data 2026>>'!$N:$N,'Data 2026>>'!$L:$L,'01. CP Nhân sự '!$A12,'Data 2026>>'!$B:$B,'01. CP Nhân sự '!$C12,'Data 2026>>'!$C:$C,'01. CP Nhân sự '!G$4) -> 109261054 | H12: =SUMIFS('Data 2026>>'!$N:$N,'Data 2026>>'!$L:$L,'01. CP Nhân sự '!$A12,'Data 2026>>'!$B:$B,'01. CP Nhân sự '!$C12,'Data 2026>>'!$C:$C,'01. CP Nhân sự '!H$4) -> 116807536 | I12: =SUMIFS('Data 2026>>'!$N:$N,'Data 2026>>'!$L:$L,'01. CP Nhân sự '!$A12,'Data 2026>>'!$B:$B,'01. CP Nhân sự '!$C12,'Data 2026>>'!$C:$C,'01. CP Nhân sự '!I$4) -> 280344598 | J12: =SUMIFS('Data 2026>>'!$N:$N,'Data 2026>>'!$L:$L,'01. CP Nhân sự '!$A12,'Data 2026>>'!$B:$B,'01. CP Nhân sự '!$C12,'Data 2026>>'!$C:$C,'01. CP Nhân sự '!J$4) -> 0 | K12: =SUM(E12:J12) -> 2144344563 | O12: =K12/N$19 -> 0.017005241
A13: 1 | B13: 9 | C13: Hành Chánh Nhân Sự | D13: =VLOOKUP(C13,'02. ĐỊNH BIÊN'!$C$6:$P$48,3,0) -> 43 | E13: =SUMIFS('Data 2026>>'!$N:$N,'Data 2026>>'!$L:$L,'01. CP Nhân sự '!$A13,'Data 2026>>'!$B:$B,'01. CP Nhân sự '!$C13,'Data 2026>>'!$C:$C,'01. CP Nhân sự '!E$4) -> 831469202 | F13: =SUMIFS('Data 2026>>'!$N:$N,'Data 2026>>'!$L:$L,'01. CP Nhân sự '!$A13,'Data 2026>>'!$B:$B,'01. CP Nhân sự '!$C13,'Data 2026>>'!$C:$C,'01. CP Nhân sự '!F$4) -> 88828583 | G13: =SUMIFS('Data 2026>>'!$N:$N,'Data 2026>>'!$L:$L,'01. CP Nhân sự '!$A13,'Data 2026>>'!$B:$B,'01. CP Nhân sự '!$C13,'Data 2026>>'!$C:$C,'01. CP Nhân sự '!G$4) -> 58488209 | H13: =SUMIFS('Data 2026>>'!$N:$N,'Data 2026>>'!$L:$L,'01. CP Nhân sự '!$A13,'Data 2026>>'!$B:$B,'01. CP Nhân sự '!$C13,'Data 2026>>'!$C:$C,'01. CP Nhân sự '!H$4) -> 45172765 | I13: =SUMIFS('Data 2026>>'!$N:$N,'Data 2026>>'!$L:$L,'01. CP Nhân sự '!$A13,'Data 2026>>'!$B:$B,'01. CP Nhân sự '!$C13,'Data 2026>>'!$C:$C,'01. CP Nhân sự '!I$4) -> 159564035 | J13: =SUMIFS('Data 2026>>'!$N:$N,'Data 2026>>'!$L:$L,'01. CP Nhân sự '!$A13,'Data 2026>>'!$B:$B,'01. CP Nhân sự '!$C13,'Data 2026>>'!$C:$C,'01. CP Nhân sự '!J$4) -> 13000000 | K13: =SUM(E13:J13) -> 1196522794 | O13: =K13/N$19 -> 0.0094887544
A14: 1 | B14: 10 | C14: Cung Ứng | D14: =VLOOKUP(C14,'02. ĐỊNH BIÊN'!$C$6:$P$48,3,0) -> 39 | E14: =SUMIFS('Data 2026>>'!$N:$N,'Data 2026>>'!$L:$L,'01. CP Nhân sự '!$A14,'Data 2026>>'!$B:$B,'01. CP Nhân sự '!$C14,'Data 2026>>'!$C:$C,'01. CP Nhân sự '!E$4) -> 527526723 | F14: =SUMIFS('Data 2026>>'!$N:$N,'Data 2026>>'!$L:$L,'01. CP Nhân sự '!$A14,'Data 2026>>'!$B:$B,'01. CP Nhân sự '!$C14,'Data 2026>>'!$C:$C,'01. CP Nhân sự '!F$4) -> 0 | G14: =SUMIFS('Data 2026>>'!$N:$N,'Data 2026>>'!$L:$L,'01. CP Nhân sự '!$A14,'Data 2026>>'!$B:$B,'01. CP Nhân sự '!$C14,'Data 2026>>'!$C:$C,'01. CP Nhân sự '!G$4) -> 371446153 | H14: =SUMIFS('Data 2026>>'!$N:$N,'Data 2026>>'!$L:$L,'01. CP Nhân sự '!$A14,'Data 2026>>'!$B:$B,'01. CP Nhân sự '!$C14,'Data 2026>>'!$C:$C,'01. CP Nhân sự '!H$4) -> 12082000 | I14: =SUMIFS('Data 2026>>'!$N:$N,'Data 2026>>'!$L:$L,'01. CP Nhân sự '!$A14,'Data 2026>>'!$B:$B,'01. CP Nhân sự '!$C14,'Data 2026>>'!$C:$C,'01. CP Nhân sự '!I$4) -> 97482815 | J14: =SUMIFS('Data 2026>>'!$N:$N,'Data 2026>>'!$L:$L,'01. CP Nhân sự '!$A14,'Data 2026>>'!$B:$B,'01. CP Nhân sự '!$C14,'Data 2026>>'!$C:$C,'01. CP Nhân sự '!J$4) -> 0 | K14: =SUM(E14:J14) -> 1008537691 | O14: =K14/N$19 -> 0.0079979809
A15: 1 | B15: 11 | C15: Chiến Lược CCU | D15: =VLOOKUP(C15,'02. ĐỊNH BIÊN'!$C$6:$P$48,3,0) -> 3 | E15: =SUMIFS('Data 2026>>'!$N:$N,'Data 2026>>'!$L:$L,'01. CP Nhân sự '!$A15,'Data 2026>>'!$B:$B,'01. CP Nhân sự '!$C15,'Data 2026>>'!$C:$C,'01. CP Nhân sự '!E$4) -> 93060316 | F15: =SUMIFS('Data 2026>>'!$N:$N,'Data 2026>>'!$L:$L,'01. CP Nhân sự '!$A15,'Data 2026>>'!$B:$B,'01. CP Nhân sự '!$C15,'Data 2026>>'!$C:$C,'01. CP Nhân sự '!F$4) -> 0 | G15: =SUMIFS('Data 2026>>'!$N:$N,'Data 2026>>'!$L:$L,'01. CP Nhân sự '!$A15,'Data 2026>>'!$B:$B,'01. CP Nhân sự '!$C15,'Data 2026>>'!$C:$C,'01. CP Nhân sự '!G$4) -> 7136466 | H15: =SUMIFS('Data 2026>>'!$N:$N,'Data 2026>>'!$L:$L,'01. CP Nhân sự '!$A15,'Data 2026>>'!$B:$B,'01. CP Nhân sự '!$C15,'Data 2026>>'!$C:$C,'01. CP Nhân sự '!H$4) -> 0 | I15: =SUMIFS('Data 2026>>'!$N:$N,'Data 2026>>'!$L:$L,'01. CP Nhân sự '!$A15,'Data 2026>>'!$B:$B,'01. CP Nhân sự '!$C15,'Data 2026>>'!$C:$C,'01. CP Nhân sự '!I$4) -> 20035865 | J15: =SUMIFS('Data 2026>>'!$N:$N,'Data 2026>>'!$L:$L,'01. CP Nhân sự '!$A15,'Data 2026>>'!$B:$B,'01. CP Nhân sự '!$C15,'Data 2026>>'!$C:$C,'01. CP Nhân sự '!J$4) -> 0 | K15: =SUM(E15:J15) -> 120232647 | O15: =K15/N$19 -> 0.00095347792
A16: 1 | B16: 12 | C16: Xưởng Sản Xuất | D16: =VLOOKUP(C16,'02. ĐỊNH BIÊN'!$C$6:$P$48,3,0) -> 85 | E16: =SUMIFS('Data 2026>>'!$N:$N,'Data 2026>>'!$L:$L,'01. CP Nhân sự '!$A16,'Data 2026>>'!$B:$B,'01. CP Nhân sự '!$C16,'Data 2026>>'!$C:$C,'01. CP Nhân sự '!E$4,'Data 2026>>'!$A:$A,627) -> 1103408545 | F16: =SUMIFS('Data 2026>>'!$N:$N,'Data 2026>>'!$L:$L,'01. CP Nhân sự '!$A16,'Data 2026>>'!$B:$B,'01. CP Nhân sự '!$C16,'Data 2026>>'!$C:$C,'01. CP Nhân sự '!F$4,'Data 2026>>'!$A:$A,627) -> 108794452 | G16: =SUMIFS('Data 2026>>'!$N:$N,'Data 2026>>'!$L:$L,'01. CP Nhân sự '!$A16,'Data 2026>>'!$B:$B,'01. CP Nhân sự '!$C16,'Data 2026>>'!$C:$C,'01. CP Nhân sự '!G$4,'Data 2026>>'!$A:$A,627) -> 75327773 | H16: =SUMIFS('Data 2026>>'!$N:$N,'Data 2026>>'!$L:$L,'01. CP Nhân sự '!$A16,'Data 2026>>'!$B:$B,'01. CP Nhân sự '!$C16,'Data 2026>>'!$C:$C,'01. CP Nhân sự '!H$4,'Data 2026>>'!$A:$A,627) -> 86251230 | I16: =SUMIFS('Data 2026>>'!$N:$N,'Data 2026>>'!$L:$L,'01. CP Nhân sự '!$A16,'Data 2026>>'!$B:$B,'01. CP Nhân sự '!$C16,'Data 2026>>'!$C:$C,'01. CP Nhân sự '!I$4,'Data 2026>>'!$A:$A,627) -> 182735765 | J16: =SUMIFS('Data 2026>>'!$N:$N,'Data 2026>>'!$L:$L,'01. CP Nhân sự '!$A16,'Data 2026>>'!$B:$B,'01. CP Nhân sự '!$C16,'Data 2026>>'!$C:$C,'01. CP Nhân sự '!J$4,'Data 2026>>'!$A:$A,627) -> 7650000 | K16: =SUM(E16:J16) -> 1564167765 | O16: =K16/N$19 -> 0.01240428
A17: 1 | B17: 13 | C17: Xưởng Sản Xuất | D17: 236 | E17: =SUMIFS('Data 2026>>'!$N:$N,'Data 2026>>'!$L:$L,'01. CP Nhân sự '!$A17,'Data 2026>>'!$B:$B,'01. CP Nhân sự '!$C17,'Data 2026>>'!$C:$C,'01. CP Nhân sự '!E$4,'Data 2026>>'!$A:$A,622) -> 2148599470 | F17: =SUMIFS('Data 2026>>'!$N:$N,'Data 2026>>'!$L:$L,'01. CP Nhân sự '!$A17,'Data 2026>>'!$B:$B,'01. CP Nhân sự '!$C17,'Data 2026>>'!$C:$C,'01. CP Nhân sự '!F$4,'Data 2026>>'!$A:$A,622) -> 368816619 | G17: =SUMIFS('Data 2026>>'!$N:$N,'Data 2026>>'!$L:$L,'01. CP Nhân sự '!$A17,'Data 2026>>'!$B:$B,'01. CP Nhân sự '!$C17,'Data 2026>>'!$C:$C,'01. CP Nhân sự '!G$4,'Data 2026>>'!$A:$A,622) -> 75911598 | H17: =SUMIFS('Data 2026>>'!$N:$N,'Data 2026>>'!$L:$L,'01. CP Nhân sự '!$A17,'Data 2026>>'!$B:$B,'01. CP Nhân sự '!$C17,'Data 2026>>'!$C:$C,'01. CP Nhân sự '!H$4,'Data 2026>>'!$A:$A,622) -> 324726507 | I17: =SUMIFS('Data 2026>>'!$N:$N,'Data 2026>>'!$L:$L,'01. CP Nhân sự '!$A17,'Data 2026>>'!$B:$B,'01. CP Nhân sự '!$C17,'Data 2026>>'!$C:$C,'01. CP Nhân sự '!I$4,'Data 2026>>'!$A:$A,622) -> 343794680 | J17: =SUMIFS('Data 2026>>'!$N:$N,'Data 2026>>'!$L:$L,'01. CP Nhân sự '!$A17,'Data 2026>>'!$B:$B,'01. CP Nhân sự '!$C17,'Data 2026>>'!$C:$C,'01. CP Nhân sự '!J$4,'Data 2026>>'!$A:$A,622) -> 0 | K17: =SUM(E17:J17) -> 3261848874 | O17: =K17/N$19 -> 0.025867358
A18: 1 | B18: 14 | C18: Tư vấn dịch vụ | D18: =VLOOKUP(C18,'02. ĐỊNH BIÊN'!$C$6:$P$48,3,0) -> 1 | E18: =SUMIFS('Data 2026>>'!$N:$N,'Data 2026>>'!$L:$L,'01. CP Nhân sự '!$A18,'Data 2026>>'!$B:$B,'01. CP Nhân sự '!$C18,'Data 2026>>'!$C:$C,'01. CP Nhân sự '!E$4) -> 70000000 | F18: =SUMIFS('Data 2026>>'!$N:$N,'Data 2026>>'!$L:$L,'01. CP Nhân sự '!$A18,'Data 2026>>'!$B:$B,'01. CP Nhân sự '!$C18,'Data 2026>>'!$C:$C,'01. CP Nhân sự '!F$4) -> 0 | G18: =SUMIFS('Data 2026>>'!$N:$N,'Data 2026>>'!$L:$L,'01. CP Nhân sự '!$A18,'Data 2026>>'!$B:$B,'01. CP Nhân sự '!$C18,'Data 2026>>'!$C:$C,'01. CP Nhân sự '!G$4) -> 0 | H18: =SUMIFS('Data 2026>>'!$N:$N,'Data 2026>>'!$L:$L,'01. CP Nhân sự '!$A18,'Data 2026>>'!$B:$B,'01. CP Nhân sự '!$C18,'Data 2026>>'!$C:$C,'01. CP Nhân sự '!H$4) -> 0 | I18: =SUMIFS('Data 2026>>'!$N:$N,'Data 2026>>'!$L:$L,'01. CP Nhân sự '!$A18,'Data 2026>>'!$B:$B,'01. CP Nhân sự '!$C18,'Data 2026>>'!$C:$C,'01. CP Nhân sự '!I$4) -> 0 | J18: =SUMIFS('Data 2026>>'!$N:$N,'Data 2026>>'!$L:$L,'01. CP Nhân sự '!$A18,'Data 2026>>'!$B:$B,'01. CP Nhân sự '!$C18,'Data 2026>>'!$C:$C,'01. CP Nhân sự '!J$4) -> 0 | K18: =SUM(E18:J18) -> 70000000 | O18: =K18/N$19 -> 0.00055511923
A19: 1 | C19: CỘNG | D19: =SUM(D5:D18) -> 611 | E19: =SUM(E5:E18) -> 9910750991 | F19: =SUM(F5:F18) -> 1059024244 | G19: =SUM(G5:G18) -> 1106326809 | H19: =SUM(H5:H18) -> 684848594 | I19: =SUM(I5:I18) -> 1628494833 | J19: =SUM(J5:J18) -> 22250000 | K19: =SUM(K5:K18) -> 14411695471 | L19: =K19/K240-1 -> -0.29633664 | N19: 126099036923 | O19: =K19/N$19 -> 0.1142887
A20: 2 | B20: 1 | C20: Ban Giám Đốc | D20: =VLOOKUP(C20,'02. ĐỊNH BIÊN'!$C$6:$P$48,4,0) -> 13 | E20: =SUMIFS('Data 2026>>'!$N:$N,'Data 2026>>'!$L:$L,'01. CP Nhân sự '!$A20,'Data 2026>>'!$B:$B,'01. CP Nhân sự '!$C20,'Data 2026>>'!$C:$C,'01. CP Nhân sự '!E$4) -> 1588560885 | F20: =SUMIFS('Data 2026>>'!$N:$N,'Data 2026>>'!$L:$L,'01. CP Nhân sự '!$A20,'Data 2026>>'!$B:$B,'01. CP Nhân sự '!$C20,'Data 2026>>'!$C:$C,'01. CP Nhân sự '!F$4) -> 0 | G20: =SUMIFS('Data 2026>>'!$N:$N,'Data 2026>>'!$L:$L,'01. CP Nhân sự '!$A20,'Data 2026>>'!$B:$B,'01. CP Nhân sự '!$C20,'Data 2026>>'!$C:$C,'01. CP Nhân sự '!G$4) -> 107587084 | H20: =SUMIFS('Data 2026>>'!$N:$N,'Data 2026>>'!$L:$L,'01. CP Nhân sự '!$A20,'Data 2026>>'!$B:$B,'01. CP Nhân sự '!$C20,'Data 2026>>'!$C:$C,'01. CP Nhân sự '!H$4) -> 0 | I20: =SUMIFS('Data 2026>>'!$N:$N,'Data 2026>>'!$L:$L,'01. CP Nhân sự '!$A20,'Data 2026>>'!$B:$B,'01. CP Nhân sự '!$C20,'Data 2026>>'!$C:$C,'01. CP Nhân sự '!I$4) -> 137648720 | J20: =SUMIFS('Data 2026>>'!$N:$N,'Data 2026>>'!$L:$L,'01. CP Nhân sự '!$A20,'Data 2026>>'!$B:$B,'01. CP Nhân sự '!$C20,'Data 2026>>'!$C:$C,'01. CP Nhân sự '!J$4) -> 0 | K20: =SUM(E20:J20) -> 1833796689 | O20: =K20/N$34 -> 0.018989928
A21: 2 | B21: 2 | C21: Kinh doanh | D21: =VLOOKUP(C21,'02. ĐỊNH BIÊN'!$C$6:$P$48,4,0) -> 9 | E21: =SUMIFS('Data 2026>>'!$N:$N,'Data 2026>>'!$L:$L,'01. CP Nhân sự '!$A21,'Data 2026>>'!$B:$B,'01. CP Nhân sự '!$C21,'Data 2026>>'!$C:$C,'01. CP Nhân sự '!E$4) -> 312855280 | F21: =SUMIFS('Data 2026>>'!$N:$N,'Data 2026>>'!$L:$L,'01. CP Nhân sự '!$A21,'Data 2026>>'!$B:$B,'01. CP Nhân sự '!$C21,'Data 2026>>'!$C:$C,'01. CP Nhân sự '!F$4) -> 0 | G21: =SUMIFS('Data 2026>>'!$N:$N,'Data 2026>>'!$L:$L,'01. CP Nhân sự '!$A21,'Data 2026>>'!$B:$B,'01. CP Nhân sự '!$C21,'Data 2026>>'!$C:$C,'01. CP Nhân sự '!G$4) -> 129205797 | H21: =SUMIFS('Data 2026>>'!$N:$N,'Data 2026>>'!$L:$L,'01. CP Nhân sự '!$A21,'Data 2026>>'!$B:$B,'01. CP Nhân sự '!$C21,'Data 2026>>'!$C:$C,'01. CP Nhân sự '!H$4) -> 5190000 | I21: =SUMIFS('Data 2026>>'!$N:$N,'Data 2026>>'!$L:$L,'01. CP Nhân sự '!$A21,'Data 2026>>'!$B:$B,'01. CP Nhân sự '!$C21,'Data 2026>>'!$C:$C,'01. CP Nhân sự '!I$4) -> 63587000 | J21: =SUMIFS('Data 2026>>'!$N:$N,'Data 2026>>'!$L:$L,'01. CP Nhân sự '!$A21,'Data 2026>>'!$B:$B,'01. CP Nhân sự '!$C21,'Data 2026>>'!$C:$C,'01. CP Nhân sự '!J$4) -> 0 | K21: =SUM(E21:J21) -> 510838077 | O21: =K21/N$34 -> 0.0052899967
A22: 2 | B22: 3 | C22: Mua Hàng & XNK | D22: =VLOOKUP(C22,'02. ĐỊNH BIÊN'!$C$6:$P$48,4,0) -> 9 | E22: =SUMIFS('Data 2026>>'!$N:$N,'Data 2026>>'!$L:$L,'01. CP Nhân sự '!$A22,'Data 2026>>'!$B:$B,'01. CP Nhân sự '!$C22,'Data 2026>>'!$C:$C,'01. CP Nhân sự '!E$4) -> 197392107 | F22: =SUMIFS('Data 2026>>'!$N:$N,'Data 2026>>'!$L:$L,'01. CP Nhân sự '!$A22,'Data 2026>>'!$B:$B,'01. CP Nhân sự '!$C22,'Data 2026>>'!$C:$C,'01. CP Nhân sự '!F$4) -> 0 | G22: =SUMIFS('Data 2026>>'!$N:$N,'Data 2026>>'!$L:$L,'01. CP Nhân sự '!$A22,'Data 2026>>'!$B:$B,'01. CP Nhân sự '!$C22,'Data 2026>>'!$C:$C,'01. CP Nhân sự '!G$4) -> 15582748 | H22: =SUMIFS('Data 2026>>'!$N:$N,'Data 2026>>'!$L:$L,'01. CP Nhân sự '!$A22,'Data 2026>>'!$B:$B,'01. CP Nhân sự '!$C22,'Data 2026>>'!$C:$C,'01. CP Nhân sự '!H$4) -> 4060000 | I22: =SUMIFS('Data 2026>>'!$N:$N,'Data 2026>>'!$L:$L,'01. CP Nhân sự '!$A22,'Data 2026>>'!$B:$B,'01. CP Nhân sự '!$C22,'Data 2026>>'!$C:$C,'01. CP Nhân sự '!I$4) -> 45919925 | J22: =SUMIFS('Data 2026>>'!$N:$N,'Data 2026>>'!$L:$L,'01. CP Nhân sự '!$A22,'Data 2026>>'!$B:$B,'01. CP Nhân sự '!$C22,'Data 2026>>'!$C:$C,'01. CP Nhân sự '!J$4) -> 0 | K22: =SUM(E22:J22) -> 262954780 | O22: =K22/N$34 -> 0.0027230349
A23: 2 | B23: 4 | C23: Kế Toán | D23: =VLOOKUP(C23,'02. ĐỊNH BIÊN'!$C$6:$P$48,4,0) -> 28 | E23: =SUMIFS('Data 2026>>'!$N:$N,'Data 2026>>'!$L:$L,'01. CP Nhân sự '!$A23,'Data 2026>>'!$B:$B,'01. CP Nhân sự '!$C23,'Data 2026>>'!$C:$C,'01. CP Nhân sự '!E$4) -> 591533989 | F23: =SUMIFS('Data 2026>>'!$N:$N,'Data 2026>>'!$L:$L,'01. CP Nhân sự '!$A23,'Data 2026>>'!$B:$B,'01. CP Nhân sự '!$C23,'Data 2026>>'!$C:$C,'01. CP Nhân sự '!F$4) -> 33898246 | G23: =SUMIFS('Data 2026>>'!$N:$N,'Data 2026>>'!$L:$L,'01. CP Nhân sự '!$A23,'Data 2026>>'!$B:$B,'01. CP Nhân sự '!$C23,'Data 2026>>'!$C:$C,'01. CP Nhân sự '!G$4) -> 41940825 | H23: =SUMIFS('Data 2026>>'!$N:$N,'Data 2026>>'!$L:$L,'01. CP Nhân sự '!$A23,'Data 2026>>'!$B:$B,'01. CP Nhân sự '!$C23,'Data 2026>>'!$C:$C,'01. CP Nhân sự '!H$4) -> 14699000 | I23: =SUMIFS('Data 2026>>'!$N:$N,'Data 2026>>'!$L:$L,'01. CP Nhân sự '!$A23,'Data 2026>>'!$B:$B,'01. CP Nhân sự '!$C23,'Data 2026>>'!$C:$C,'01. CP Nhân sự '!I$4) -> 120509265 | J23: =SUMIFS('Data 2026>>'!$N:$N,'Data 2026>>'!$L:$L,'01. CP Nhân sự '!$A23,'Data 2026>>'!$B:$B,'01. CP Nhân sự '!$C23,'Data 2026>>'!$C:$C,'01. CP Nhân sự '!J$4) -> 0 | K23: =SUM(E23:J23) -> 802581325 | O23: =K23/N$34 -> 0.0083111512
A24: 2 | B24: 5 | C24: Nghiên Cứu & Phát Triển | D24: =VLOOKUP(C24,'02. ĐỊNH BIÊN'!$C$6:$P$48,4,0) -> 8 | E24: =SUMIFS('Data 2026>>'!$N:$N,'Data 2026>>'!$L:$L,'01. CP Nhân sự '!$A24,'Data 2026>>'!$B:$B,'01. CP Nhân sự '!$C24,'Data 2026>>'!$C:$C,'01. CP Nhân sự '!E$4) -> 211680190 | F24: =SUMIFS('Data 2026>>'!$N:$N,'Data 2026>>'!$L:$L,'01. CP Nhân sự '!$A24,'Data 2026>>'!$B:$B,'01. CP Nhân sự '!$C24,'Data 2026>>'!$C:$C,'01. CP Nhân sự '!F$4) -> 0 | G24: =SUMIFS('Data 2026>>'!$N:$N,'Data 2026>>'!$L:$L,'01. CP Nhân sự '!$A24,'Data 2026>>'!$B:$B,'01. CP Nhân sự '!$C24,'Data 2026>>'!$C:$C,'01. CP Nhân sự '!G$4) -> 16376241 | H24: =SUMIFS('Data 2026>>'!$N:$N,'Data 2026>>'!$L:$L,'01. CP Nhân sự '!$A24,'Data 2026>>'!$B:$B,'01. CP Nhân sự '!$C24,'Data 2026>>'!$C:$C,'01. CP Nhân sự '!H$4) -> 200000 | I24: =SUMIFS('Data 2026>>'!$N:$N,'Data 2026>>'!$L:$L,'01. CP Nhân sự '!$A24,'Data 2026>>'!$B:$B,'01. CP Nhân sự '!$C24,'Data 2026>>'!$C:$C,'01. CP Nhân sự '!I$4) -> 48086675 | J24: =SUMIFS('Data 2026>>'!$N:$N,'Data 2026>>'!$L:$L,'01. CP Nhân sự '!$A24,'Data 2026>>'!$B:$B,'01. CP Nhân sự '!$C24,'Data 2026>>'!$C:$C,'01. CP Nhân sự '!J$4) -> 0 | K24: =SUM(E24:J24) -> 276343106 | O24: =K24/N$34 -> 0.002861678
A25: 2 | B25: 6 | C25: Văn Phòng Giám Đốc | D25: =VLOOKUP(C25,'02. ĐỊNH BIÊN'!$C$6:$P$48,4,0) -> 4 | E25: =SUMIFS('Data 2026>>'!$N:$N,'Data 2026>>'!$L:$L,'01. CP Nhân sự '!$A25,'Data 2026>>'!$B:$B,'01. CP Nhân sự '!$C25,'Data 2026>>'!$C:$C,'01. CP Nhân sự '!E$4) -> 127022486 | F25: =SUMIFS('Data 2026>>'!$N:$N,'Data 2026>>'!$L:$L,'01. CP Nhân sự '!$A25,'Data 2026>>'!$B:$B,'01. CP Nhân sự '!$C25,'Data 2026>>'!$C:$C,'01. CP Nhân sự '!F$4) -> 0 | G25: =SUMIFS('Data 2026>>'!$N:$N,'Data 2026>>'!$L:$L,'01. CP Nhân sự '!$A25,'Data 2026>>'!$B:$B,'01. CP Nhân sự '!$C25,'Data 2026>>'!$C:$C,'01. CP Nhân sự '!G$4) -> 9415658 | H25: =SUMIFS('Data 2026>>'!$N:$N,'Data 2026>>'!$L:$L,'01. CP Nhân sự '!$A25,'Data 2026>>'!$B:$B,'01. CP Nhân sự '!$C25,'Data 2026>>'!$C:$C,'01. CP Nhân sự '!H$4) -> 1848000 | I25: =SUMIFS('Data 2026>>'!$N:$N,'Data 2026>>'!$L:$L,'01. CP Nhân sự '!$A25,'Data 2026>>'!$B:$B,'01. CP Nhân sự '!$C25,'Data 2026>>'!$C:$C,'01. CP Nhân sự '!I$4) -> 28861290 | J25: =SUMIFS('Data 2026>>'!$N:$N,'Data 2026>>'!$L:$L,'01. CP Nhân sự '!$A25,'Data 2026>>'!$B:$B,'01. CP Nhân sự '!$C25,'Data 2026>>'!$C:$C,'01. CP Nhân sự '!J$4) -> 0 | K25: =SUM(E25:J25) -> 167147434 | O25: =K25/N$34 -> 0.0017308995
A26: 2 | B26: 7 | C26: Kiểm Soát Chất Lượng | D26: =VLOOKUP(C26,'02. ĐỊNH BIÊN'!$C$6:$P$48,4,0) -> 44 | E26: =SUMIFS('Data 2026>>'!$N:$N,'Data 2026>>'!$L:$L,'01. CP Nhân sự '!$A26,'Data 2026>>'!$B:$B,'01. CP Nhân sự '!$C26,'Data 2026>>'!$C:$C,'01. CP Nhân sự '!E$4) -> 512945214 | F26: =SUMIFS('Data 2026>>'!$N:$N,'Data 2026>>'!$L:$L,'01. CP Nhân sự '!$A26,'Data 2026>>'!$B:$B,'01. CP Nhân sự '!$C26,'Data 2026>>'!$C:$C,'01. CP Nhân sự '!F$4) -> 111367237 | G26: =SUMIFS('Data 2026>>'!$N:$N,'Data 2026>>'!$L:$L,'01. CP Nhân sự '!$A26,'Data 2026>>'!$B:$B,'01. CP Nhân sự '!$C26,'Data 2026>>'!$C:$C,'01. CP Nhân sự '!G$4) -> 34724025 | H26: =SUMIFS('Data 2026>>'!$N:$N,'Data 2026>>'!$L:$L,'01. CP Nhân sự '!$A26,'Data 2026>>'!$B:$B,'01. CP Nhân sự '!$C26,'Data 2026>>'!$C:$C,'01. CP Nhân sự '!H$4) -> 48429918 | I26: =SUMIFS('Data 2026>>'!$N:$N,'Data 2026>>'!$L:$L,'01. CP Nhân sự '!$A26,'Data 2026>>'!$B:$B,'01. CP Nhân sự '!$C26,'Data 2026>>'!$C:$C,'01. CP Nhân sự '!I$4) -> 111278610 | J26: =SUMIFS('Data 2026>>'!$N:$N,'Data 2026>>'!$L:$L,'01. CP Nhân sự '!$A26,'Data 2026>>'!$B:$B,'01. CP Nhân sự '!$C26,'Data 2026>>'!$C:$C,'01. CP Nhân sự '!J$4) -> 0 | K26: =SUM(E26:J26) -> 818745004 | O26: =K26/N$34 -> 0.0084785346
A27: 2 | B27: 8 | C27: Kỹ Thuật | D27: =VLOOKUP(C27,'02. ĐỊNH BIÊN'!$C$6:$P$48,4,0) -> 83 | E27: =SUMIFS('Data 2026>>'!$N:$N,'Data 2026>>'!$L:$L,'01. CP Nhân sự '!$A27,'Data 2026>>'!$B:$B,'01. CP Nhân sự '!$C27,'Data 2026>>'!$C:$C,'01. CP Nhân sự '!E$4) -> 1286890073 | F27: =SUMIFS('Data 2026>>'!$N:$N,'Data 2026>>'!$L:$L,'01. CP Nhân sự '!$A27,'Data 2026>>'!$B:$B,'01. CP Nhân sự '!$C27,'Data 2026>>'!$C:$C,'01. CP Nhân sự '!F$4) -> 259525891 | G27: =SUMIFS('Data 2026>>'!$N:$N,'Data 2026>>'!$L:$L,'01. CP Nhân sự '!$A27,'Data 2026>>'!$B:$B,'01. CP Nhân sự '!$C27,'Data 2026>>'!$C:$C,'01. CP Nhân sự '!G$4) -> 89347844 | H27: =SUMIFS('Data 2026>>'!$N:$N,'Data 2026>>'!$L:$L,'01. CP Nhân sự '!$A27,'Data 2026>>'!$B:$B,'01. CP Nhân sự '!$C27,'Data 2026>>'!$C:$C,'01. CP Nhân sự '!H$4) -> 87354494 | I27: =SUMIFS('Data 2026>>'!$N:$N,'Data 2026>>'!$L:$L,'01. CP Nhân sự '!$A27,'Data 2026>>'!$B:$B,'01. CP Nhân sự '!$C27,'Data 2026>>'!$C:$C,'01. CP Nhân sự '!I$4) -> 272275164 | J27: =SUMIFS('Data 2026>>'!$N:$N,'Data 2026>>'!$L:$L,'01. CP Nhân sự '!$A27,'Data 2026>>'!$B:$B,'01. CP Nhân sự '!$C27,'Data 2026>>'!$C:$C,'01. CP Nhân sự '!J$4) -> 0 | K27: =SUM(E27:J27) -> 1995393466 | O27: =K27/N$34 -> 0.020663348
A28: 2 | B28: 9 | C28: Hành Chánh Nhân Sự | D28: =VLOOKUP(C28,'02. ĐỊNH BIÊN'!$C$6:$P$48,4,0) -> 42 | E28: =SUMIFS('Data 2026>>'!$N:$N,'Data 2026>>'!$L:$L,'01. CP Nhân sự '!$A28,'Data 2026>>'!$B:$B,'01. CP Nhân sự '!$C28,'Data 2026>>'!$C:$C,'01. CP Nhân sự '!E$4) -> 801807241 | F28: =SUMIFS('Data 2026>>'!$N:$N,'Data 2026>>'!$L:$L,'01. CP Nhân sự '!$A28,'Data 2026>>'!$B:$B,'01. CP Nhân sự '!$C28,'Data 2026>>'!$C:$C,'01. CP Nhân sự '!F$4) -> 113335683 | G28: =SUMIFS('Data 2026>>'!$N:$N,'Data 2026>>'!$L:$L,'01. CP Nhân sự '!$A28,'Data 2026>>'!$B:$B,'01. CP Nhân sự '!$C28,'Data 2026>>'!$C:$C,'01. CP Nhân sự '!G$4) -> 48307126 | H28: =SUMIFS('Data 2026>>'!$N:$N,'Data 2026>>'!$L:$L,'01. CP Nhân sự '!$A28,'Data 2026>>'!$B:$B,'01. CP Nhân sự '!$C28,'Data 2026>>'!$C:$C,'01. CP Nhân sự '!H$4) -> 46899069 | I28: =SUMIFS('Data 2026>>'!$N:$N,'Data 2026>>'!$L:$L,'01. CP Nhân sự '!$A28,'Data 2026>>'!$B:$B,'01. CP Nhân sự '!$C28,'Data 2026>>'!$C:$C,'01. CP Nhân sự '!I$4) -> 156526630 | J28: =SUMIFS('Data 2026>>'!$N:$N,'Data 2026>>'!$L:$L,'01. CP Nhân sự '!$A28,'Data 2026>>'!$B:$B,'01. CP Nhân sự '!$C28,'Data 2026>>'!$C:$C,'01. CP Nhân sự '!J$4) -> 10500000 | K28: =SUM(E28:J28) -> 1177375749 | O28: =K28/N$34 -> 0.012192344
A29: 2 | B29: 10 | C29: Cung Ứng | D29: =VLOOKUP(C29,'02. ĐỊNH BIÊN'!$C$6:$P$48,4,0) -> 36 | E29: =SUMIFS('Data 2026>>'!$N:$N,'Data 2026>>'!$L:$L,'01. CP Nhân sự '!$A29,'Data 2026>>'!$B:$B,'01. CP Nhân sự '!$C29,'Data 2026>>'!$C:$C,'01. CP Nhân sự '!E$4) -> 466566632 | F29: =SUMIFS('Data 2026>>'!$N:$N,'Data 2026>>'!$L:$L,'01. CP Nhân sự '!$A29,'Data 2026>>'!$B:$B,'01. CP Nhân sự '!$C29,'Data 2026>>'!$C:$C,'01. CP Nhân sự '!F$4) -> 0 | G29: =SUMIFS('Data 2026>>'!$N:$N,'Data 2026>>'!$L:$L,'01. CP Nhân sự '!$A29,'Data 2026>>'!$B:$B,'01. CP Nhân sự '!$C29,'Data 2026>>'!$C:$C,'01. CP Nhân sự '!G$4) -> 343560470 | H29: =SUMIFS('Data 2026>>'!$N:$N,'Data 2026>>'!$L:$L,'01. CP Nhân sự '!$A29,'Data 2026>>'!$B:$B,'01. CP Nhân sự '!$C29,'Data 2026>>'!$C:$C,'01. CP Nhân sự '!H$4) -> 10711000 | I29: =SUMIFS('Data 2026>>'!$N:$N,'Data 2026>>'!$L:$L,'01. CP Nhân sự '!$A29,'Data 2026>>'!$B:$B,'01. CP Nhân sự '!$C29,'Data 2026>>'!$C:$C,'01. CP Nhân sự '!I$4) -> 95067515 | J29: =SUMIFS('Data 2026>>'!$N:$N,'Data 2026>>'!$L:$L,'01. CP Nhân sự '!$A29,'Data 2026>>'!$B:$B,'01. CP Nhân sự '!$C29,'Data 2026>>'!$C:$C,'01. CP Nhân sự '!J$4) -> 0 | K29: =SUM(E29:J29) -> 915905617 | O29: =K29/N$34 -> 0.0094846838
A30: 2 | B30: 11 | C30: Chiến Lược CCU | D30: =VLOOKUP(C30,'02. ĐỊNH BIÊN'!$C$6:$P$48,4,0) -> 3 | E30: =SUMIFS('Data 2026>>'!$N:$N,'Data 2026>>'!$L:$L,'01. CP Nhân sự '!$A30,'Data 2026>>'!$B:$B,'01. CP Nhân sự '!$C30,'Data 2026>>'!$C:$C,'01. CP Nhân sự '!E$4) -> 93442469 | F30: =SUMIFS('Data 2026>>'!$N:$N,'Data 2026>>'!$L:$L,'01. CP Nhân sự '!$A30,'Data 2026>>'!$B:$B,'01. CP Nhân sự '!$C30,'Data 2026>>'!$C:$C,'01. CP Nhân sự '!F$4) -> 0 | G30: =SUMIFS('Data 2026>>'!$N:$N,'Data 2026>>'!$L:$L,'01. CP Nhân sự '!$A30,'Data 2026>>'!$B:$B,'01. CP Nhân sự '!$C30,'Data 2026>>'!$C:$C,'01. CP Nhân sự '!G$4) -> 6536466 | H30: =SUMIFS('Data 2026>>'!$N:$N,'Data 2026>>'!$L:$L,'01. CP Nhân sự '!$A30,'Data 2026>>'!$B:$B,'01. CP Nhân sự '!$C30,'Data 2026>>'!$C:$C,'01. CP Nhân sự '!H$4) -> 0 | I30: =SUMIFS('Data 2026>>'!$N:$N,'Data 2026>>'!$L:$L,'01. CP Nhân sự '!$A30,'Data 2026>>'!$B:$B,'01. CP Nhân sự '!$C30,'Data 2026>>'!$C:$C,'01. CP Nhân sự '!I$4) -> 20035865 | J30: =SUMIFS('Data 2026>>'!$N:$N,'Data 2026>>'!$L:$L,'01. CP Nhân sự '!$A30,'Data 2026>>'!$B:$B,'01. CP Nhân sự '!$C30,'Data 2026>>'!$C:$C,'01. CP Nhân sự '!J$4) -> 0 | K30: =SUM(E30:J30) -> 120014800 | O30: =K30/N$34 -> 0.0012428163
A31: 2 | B31: 12 | C31: Xưởng Sản Xuất | D31: =VLOOKUP(C31,'02. ĐỊNH BIÊN'!$C$6:$P$48,4,0) -> 83 | E31: =SUMIFS('Data 2026>>'!$N:$N,'Data 2026>>'!$L:$L,'01. CP Nhân sự '!$A31,'Data 2026>>'!$B:$B,'01. CP Nhân sự '!$C31,'Data 2026>>'!$C:$C,'01. CP Nhân sự '!E$4,'Data 2026>>'!$A:$A,627) -> 1030213582 | F31: =SUMIFS('Data 2026>>'!$N:$N,'Data 2026>>'!$L:$L,'01. CP Nhân sự '!$A31,'Data 2026>>'!$B:$B,'01. CP Nhân sự '!$C31,'Data 2026>>'!$C:$C,'01. CP Nhân sự '!F$4,'Data 2026>>'!$A:$A,627) -> 89616549 | G31: =SUMIFS('Data 2026>>'!$N:$N,'Data 2026>>'!$L:$L,'01. CP Nhân sự '!$A31,'Data 2026>>'!$B:$B,'01. CP Nhân sự '!$C31,'Data 2026>>'!$C:$C,'01. CP Nhân sự '!G$4,'Data 2026>>'!$A:$A,627) -> 59923737 | H31: =SUMIFS('Data 2026>>'!$N:$N,'Data 2026>>'!$L:$L,'01. CP Nhân sự '!$A31,'Data 2026>>'!$B:$B,'01. CP Nhân sự '!$C31,'Data 2026>>'!$C:$C,'01. CP Nhân sự '!H$4,'Data 2026>>'!$A:$A,627) -> 62507740 | I31: =SUMIFS('Data 2026>>'!$N:$N,'Data 2026>>'!$L:$L,'01. CP Nhân sự '!$A31,'Data 2026>>'!$B:$B,'01. CP Nhân sự '!$C31,'Data 2026>>'!$C:$C,'01. CP Nhân sự '!I$4,'Data 2026>>'!$A:$A,627) -> 178995175 | J31: =SUMIFS('Data 2026>>'!$N:$N,'Data 2026>>'!$L:$L,'01. CP Nhân sự '!$A31,'Data 2026>>'!$B:$B,'01. CP Nhân sự '!$C31,'Data 2026>>'!$C:$C,'01. CP Nhân sự '!J$4,'Data 2026>>'!$A:$A,627) -> 0 | K31: =SUM(E31:J31) -> 1421256783 | O31: =K31/N$34 -> 0.014717861
A32: 2 | B32: 13 | C32: Xưởng Sản Xuất | D32: 212 | E32: =SUMIFS('Data 2026>>'!$N:$N,'Data 2026>>'!$L:$L,'01. CP Nhân sự '!$A32,'Data 2026>>'!$B:$B,'01. CP Nhân sự '!$C32,'Data 2026>>'!$C:$C,'01. CP Nhân sự '!E$4,'Data 2026>>'!$A:$A,622) -> 1718543145 | F32: =SUMIFS('Data 2026>>'!$N:$N,'Data 2026>>'!$L:$L,'01. CP Nhân sự '!$A32,'Data 2026>>'!$B:$B,'01. CP Nhân sự '!$C32,'Data 2026>>'!$C:$C,'01. CP Nhân sự '!F$4,'Data 2026>>'!$A:$A,622) -> 248754636 | G32: =SUMIFS('Data 2026>>'!$N:$N,'Data 2026>>'!$L:$L,'01. CP Nhân sự '!$A32,'Data 2026>>'!$B:$B,'01. CP Nhân sự '!$C32,'Data 2026>>'!$C:$C,'01. CP Nhân sự '!G$4,'Data 2026>>'!$A:$A,622) -> 25714510 | H32: =SUMIFS('Data 2026>>'!$N:$N,'Data 2026>>'!$L:$L,'01. CP Nhân sự '!$A32,'Data 2026>>'!$B:$B,'01. CP Nhân sự '!$C32,'Data 2026>>'!$C:$C,'01. CP Nhân sự '!H$4,'Data 2026>>'!$A:$A,622) -> 207455996 | I32: =SUMIFS('Data 2026>>'!$N:$N,'Data 2026>>'!$L:$L,'01. CP Nhân sự '!$A32,'Data 2026>>'!$B:$B,'01. CP Nhân sự '!$C32,'Data 2026>>'!$C:$C,'01. CP Nhân sự '!I$4,'Data 2026>>'!$A:$A,622) -> 305920464 | J32: =SUMIFS('Data 2026>>'!$N:$N,'Data 2026>>'!$L:$L,'01. CP Nhân sự '!$A32,'Data 2026>>'!$B:$B,'01. CP Nhân sự '!$C32,'Data 2026>>'!$C:$C,'01. CP Nhân sự '!J$4,'Data 2026>>'!$A:$A,622) -> 0 | K32: =SUM(E32:J32) -> 2506388751 | O32: =K32/N$34 -> 0.025954972
A33: 2 | B33: 14 | C33: Tư vấn dịch vụ | D33: =VLOOKUP(C33,'02. ĐỊNH BIÊN'!$C$6:$P$48,4,0) -> 1 | E33: =SUMIFS('Data 2026>>'!$N:$N,'Data 2026>>'!$L:$L,'01. CP Nhân sự '!$A33,'Data 2026>>'!$B:$B,'01. CP Nhân sự '!$C33,'Data 2026>>'!$C:$C,'01. CP Nhân sự '!E$4) -> 75833333 | F33: =SUMIFS('Data 2026>>'!$N:$N,'Data 2026>>'!$L:$L,'01. CP Nhân sự '!$A33,'Data 2026>>'!$B:$B,'01. CP Nhân sự '!$C33,'Data 2026>>'!$C:$C,'01. CP Nhân sự '!F$4) -> 0 | G33: =SUMIFS('Data 2026>>'!$N:$N,'Data 2026>>'!$L:$L,'01. CP Nhân sự '!$A33,'Data 2026>>'!$B:$B,'01. CP Nhân sự '!$C33,'Data 2026>>'!$C:$C,'01. CP Nhân sự '!G$4) -> 5366620 | H33: =SUMIFS('Data 2026>>'!$N:$N,'Data 2026>>'!$L:$L,'01. CP Nhân sự '!$A33,'Data 2026>>'!$B:$B,'01. CP Nhân sự '!$C33,'Data 2026>>'!$C:$C,'01. CP Nhân sự '!H$4) -> 0 | I33: =SUMIFS('Data 2026>>'!$N:$N,'Data 2026>>'!$L:$L,'01. CP Nhân sự '!$A33,'Data 2026>>'!$B:$B,'01. CP Nhân sự '!$C33,'Data 2026>>'!$C:$C,'01. CP Nhân sự '!I$4) -> 0 | J33: =SUMIFS('Data 2026>>'!$N:$N,'Data 2026>>'!$L:$L,'01. CP Nhân sự '!$A33,'Data 2026>>'!$B:$B,'01. CP Nhân sự '!$C33,'Data 2026>>'!$C:$C,'01. CP Nhân sự '!J$4) -> 0 | K33: =SUM(E33:J33) -> 81199953 | O33: =K33/N$34 -> 0.00084086817
A34: 2 | C34: CỘNG | D34: =SUM(D20:D33) -> 575 | E34: =SUM(E20:E33) -> 9015286626 | F34: =SUM(F20:F33) -> 856498242 | G34: =SUM(G20:G33) -> 933589151 | H34: =SUM(H20:H33) -> 489355217 | I34: =SUM(I20:I33) -> 1584712298 | J34: =SUM(J20:J33) -> 10500000 | K34: =SUM(K20:K33) -> 12889941534 | L34: =K34/K19-1 -> -0.1055916 | N34: 96566805360 | O34: =K34/N$34 -> 0.13348212
A35: 3 | B35: 1 | C35: Ban Giám Đốc | D35: =VLOOKUP(C35,'02. ĐỊNH BIÊN'!$C$6:$P$48,5,0) -> 14 | E35: =SUMIFS('Data 2026>>'!$N:$N,'Data 2026>>'!$L:$L,'01. CP Nhân sự '!$A35,'Data 2026>>'!$B:$B,'01. CP Nhân sự '!$C35,'Data 2026>>'!$C:$C,'01. CP Nhân sự '!E$4) -> 1693411057 | F35: =SUMIFS('Data 2026>>'!$N:$N,'Data 2026>>'!$L:$L,'01. CP Nhân sự '!$A35,'Data 2026>>'!$B:$B,'01. CP Nhân sự '!$C35,'Data 2026>>'!$C:$C,'01. CP Nhân sự '!F$4) -> 0 | G35: =SUMIFS('Data 2026>>'!$N:$N,'Data 2026>>'!$L:$L,'01. CP Nhân sự '!$A35,'Data 2026>>'!$B:$B,'01. CP Nhân sự '!$C35,'Data 2026>>'!$C:$C,'01. CP Nhân sự '!G$4) -> 113188302 | H35: =SUMIFS('Data 2026>>'!$N:$N,'Data 2026>>'!$L:$L,'01. CP Nhân sự '!$A35,'Data 2026>>'!$B:$B,'01. CP Nhân sự '!$C35,'Data 2026>>'!$C:$C,'01. CP Nhân sự '!H$4) -> 100000 | I35: =SUMIFS('Data 2026>>'!$N:$N,'Data 2026>>'!$L:$L,'01. CP Nhân sự '!$A35,'Data 2026>>'!$B:$B,'01. CP Nhân sự '!$C35,'Data 2026>>'!$C:$C,'01. CP Nhân sự '!I$4) -> 156408545 | J35: =SUMIFS('Data 2026>>'!$N:$N,'Data 2026>>'!$L:$L,'01. CP Nhân sự '!$A35,'Data 2026>>'!$B:$B,'01. CP Nhân sự '!$C35,'Data 2026>>'!$C:$C,'01. CP Nhân sự '!J$4) -> 2 | K35: =SUM(E35:J35) -> 1963107906 | O35: =K35/N$49 -> 0.01132742
A36: 3 | B36: 2 | C36: Kinh doanh | D36: =VLOOKUP(C36,'02. ĐỊNH BIÊN'!$C$6:$P$48,5,0) -> 9 | E36: =SUMIFS('Data 2026>>'!$N:$N,'Data 2026>>'!$L:$L,'01. CP Nhân sự '!$A36,'Data 2026>>'!$B:$B,'01. CP Nhân sự '!$C36,'Data 2026>>'!$C:$C,'01. CP Nhân sự '!E$4) -> 728092249 | F36: =SUMIFS('Data 2026>>'!$N:$N,'Data 2026>>'!$L:$L,'01. CP Nhân sự '!$A36,'Data 2026>>'!$B:$B,'01. CP Nhân sự '!$C36,'Data 2026>>'!$C:$C,'01. CP Nhân sự '!F$4) -> 0 | G36: =SUMIFS('Data 2026>>'!$N:$N,'Data 2026>>'!$L:$L,'01. CP Nhân sự '!$A36,'Data 2026>>'!$B:$B,'01. CP Nhân sự '!$C36,'Data 2026>>'!$C:$C,'01. CP Nhân sự '!G$4) -> 284840004 | H36: =SUMIFS('Data 2026>>'!$N:$N,'Data 2026>>'!$L:$L,'01. CP Nhân sự '!$A36,'Data 2026>>'!$B:$B,'01. CP Nhân sự '!$C36,'Data 2026>>'!$C:$C,'01. CP Nhân sự '!H$4) -> 2744000 | I36: =SUMIFS('Data 2026>>'!$N:$N,'Data 2026>>'!$L:$L,'01. CP Nhân sự '!$A36,'Data 2026>>'!$B:$B,'01. CP Nhân sự '!$C36,'Data 2026>>'!$C:$C,'01. CP Nhân sự '!I$4) -> 57741460 | J36: =SUMIFS('Data 2026>>'!$N:$N,'Data 2026>>'!$L:$L,'01. CP Nhân sự '!$A36,'Data 2026>>'!$B:$B,'01. CP Nhân sự '!$C36,'Data 2026>>'!$C:$C,'01. CP Nhân sự '!J$4) -> 0 | K36: =SUM(E36:J36) -> 1073417713 | O36: =K36/N$49 -> 0.0061937776
A37: 3 | B37: 3 | C37: Mua Hàng & XNK | D37: =VLOOKUP(C37,'02. ĐỊNH BIÊN'!$C$6:$P$48,5,0) -> 9 | E37: =SUMIFS('Data 2026>>'!$N:$N,'Data 2026>>'!$L:$L,'01. CP Nhân sự '!$A37,'Data 2026>>'!$B:$B,'01. CP Nhân sự '!$C37,'Data 2026>>'!$C:$C,'01. CP Nhân sự '!E$4) -> 190513798 | F37: =SUMIFS('Data 2026>>'!$N:$N,'Data 2026>>'!$L:$L,'01. CP Nhân sự '!$A37,'Data 2026>>'!$B:$B,'01. CP Nhân sự '!$C37,'Data 2026>>'!$C:$C,'01. CP Nhân sự '!F$4) -> 0 | G37: =SUMIFS('Data 2026>>'!$N:$N,'Data 2026>>'!$L:$L,'01. CP Nhân sự '!$A37,'Data 2026>>'!$B:$B,'01. CP Nhân sự '!$C37,'Data 2026>>'!$C:$C,'01. CP Nhân sự '!G$4) -> 15582748 | H37: =SUMIFS('Data 2026>>'!$N:$N,'Data 2026>>'!$L:$L,'01. CP Nhân sự '!$A37,'Data 2026>>'!$B:$B,'01. CP Nhân sự '!$C37,'Data 2026>>'!$C:$C,'01. CP Nhân sự '!H$4) -> 6100000 | I37: =SUMIFS('Data 2026>>'!$N:$N,'Data 2026>>'!$L:$L,'01. CP Nhân sự '!$A37,'Data 2026>>'!$B:$B,'01. CP Nhân sự '!$C37,'Data 2026>>'!$C:$C,'01. CP Nhân sự '!I$4) -> 45919925 | J37: =SUMIFS('Data 2026>>'!$N:$N,'Data 2026>>'!$L:$L,'01. CP Nhân sự '!$A37,'Data 2026>>'!$B:$B,'01. CP Nhân sự '!$C37,'Data 2026>>'!$C:$C,'01. CP Nhân sự '!J$4) -> 0 | K37: =SUM(E37:J37) -> 258116471 | O37: =K37/N$49 -> 0.0014893699
A38: 3 | B38: 4 | C38: Kế Toán | D38: =VLOOKUP(C38,'02. ĐỊNH BIÊN'!$C$6:$P$48,5,0) -> 28 | E38: =SUMIFS('Data 2026>>'!$N:$N,'Data 2026>>'!$L:$L,'01. CP Nhân sự '!$A38,'Data 2026>>'!$B:$B,'01. CP Nhân sự '!$C38,'Data 2026>>'!$C:$C,'01. CP Nhân sự '!E$4) -> 559379942 | F38: =SUMIFS('Data 2026>>'!$N:$N,'Data 2026>>'!$L:$L,'01. CP Nhân sự '!$A38,'Data 2026>>'!$B:$B,'01. CP Nhân sự '!$C38,'Data 2026>>'!$C:$C,'01. CP Nhân sự '!F$4) -> 49401229 | G38: =SUMIFS('Data 2026>>'!$N:$N,'Data 2026>>'!$L:$L,'01. CP Nhân sự '!$A38,'Data 2026>>'!$B:$B,'01. CP Nhân sự '!$C38,'Data 2026>>'!$C:$C,'01. CP Nhân sự '!G$4) -> 41940825 | H38: =SUMIFS('Data 2026>>'!$N:$N,'Data 2026>>'!$L:$L,'01. CP Nhân sự '!$A38,'Data 2026>>'!$B:$B,'01. CP Nhân sự '!$C38,'Data 2026>>'!$C:$C,'01. CP Nhân sự '!H$4) -> 19708000 | I38: =SUMIFS('Data 2026>>'!$N:$N,'Data 2026>>'!$L:$L,'01. CP Nhân sự '!$A38,'Data 2026>>'!$B:$B,'01. CP Nhân sự '!$C38,'Data 2026>>'!$C:$C,'01. CP Nhân sự '!I$4) -> 120509265 | J38: =SUMIFS('Data 2026>>'!$N:$N,'Data 2026>>'!$L:$L,'01. CP Nhân sự '!$A38,'Data 2026>>'!$B:$B,'01. CP Nhân sự '!$C38,'Data 2026>>'!$C:$C,'01. CP Nhân sự '!J$4) -> 4400000 | K38: =SUM(E38:J38) -> 795339261 | O38: =K38/N$49 -> 0.0045892241
A39: 3 | B39: 5 | C39: Nghiên Cứu & Phát Triển | D39: =VLOOKUP(C39,'02. ĐỊNH BIÊN'!$C$6:$P$48,5,0) -> 7 | E39: =SUMIFS('Data 2026>>'!$N:$N,'Data 2026>>'!$L:$L,'01. CP Nhân sự '!$A39,'Data 2026>>'!$B:$B,'01. CP Nhân sự '!$C39,'Data 2026>>'!$C:$C,'01. CP Nhân sự '!E$4) -> 165939868 | F39: =SUMIFS('Data 2026>>'!$N:$N,'Data 2026>>'!$L:$L,'01. CP Nhân sự '!$A39,'Data 2026>>'!$B:$B,'01. CP Nhân sự '!$C39,'Data 2026>>'!$C:$C,'01. CP Nhân sự '!F$4) -> 0 | G39: =SUMIFS('Data 2026>>'!$N:$N,'Data 2026>>'!$L:$L,'01. CP Nhân sự '!$A39,'Data 2026>>'!$B:$B,'01. CP Nhân sự '!$C39,'Data 2026>>'!$C:$C,'01. CP Nhân sự '!G$4) -> 13531932 | H39: =SUMIFS('Data 2026>>'!$N:$N,'Data 2026>>'!$L:$L,'01. CP Nhân sự '!$A39,'Data 2026>>'!$B:$B,'01. CP Nhân sự '!$C39,'Data 2026>>'!$C:$C,'01. CP Nhân sự '!H$4) -> 350000 | I39: =SUMIFS('Data 2026>>'!$N:$N,'Data 2026>>'!$L:$L,'01. CP Nhân sự '!$A39,'Data 2026>>'!$B:$B,'01. CP Nhân sự '!$C39,'Data 2026>>'!$C:$C,'01. CP Nhân sự '!I$4) -> 39368175 | J39: =SUMIFS('Data 2026>>'!$N:$N,'Data 2026>>'!$L:$L,'01. CP Nhân sự '!$A39,'Data 2026>>'!$B:$B,'01. CP Nhân sự '!$C39,'Data 2026>>'!$C:$C,'01. CP Nhân sự '!J$4) -> 0 | K39: =SUM(E39:J39) -> 219189975 | O39: =K39/N$49 -> 0.0012647583
A40: 3 | B40: 6 | C40: Văn Phòng Giám Đốc | D40: =VLOOKUP(C40,'02. ĐỊNH BIÊN'!$C$6:$P$48,5,0) -> 5 | E40: =SUMIFS('Data 2026>>'!$N:$N,'Data 2026>>'!$L:$L,'01. CP Nhân sự '!$A40,'Data 2026>>'!$B:$B,'01. CP Nhân sự '!$C40,'Data 2026>>'!$C:$C,'01. CP Nhân sự '!E$4) -> 151122307 | F40: =SUMIFS('Data 2026>>'!$N:$N,'Data 2026>>'!$L:$L,'01. CP Nhân sự '!$A40,'Data 2026>>'!$B:$B,'01. CP Nhân sự '!$C40,'Data 2026>>'!$C:$C,'01. CP Nhân sự '!F$4) -> 0 | G40: =SUMIFS('Data 2026>>'!$N:$N,'Data 2026>>'!$L:$L,'01. CP Nhân sự '!$A40,'Data 2026>>'!$B:$B,'01. CP Nhân sự '!$C40,'Data 2026>>'!$C:$C,'01. CP Nhân sự '!G$4) -> 12259967 | H40: =SUMIFS('Data 2026>>'!$N:$N,'Data 2026>>'!$L:$L,'01. CP Nhân sự '!$A40,'Data 2026>>'!$B:$B,'01. CP Nhân sự '!$C40,'Data 2026>>'!$C:$C,'01. CP Nhân sự '!H$4) -> 2436000 | I40: =SUMIFS('Data 2026>>'!$N:$N,'Data 2026>>'!$L:$L,'01. CP Nhân sự '!$A40,'Data 2026>>'!$B:$B,'01. CP Nhân sự '!$C40,'Data 2026>>'!$C:$C,'01. CP Nhân sự '!I$4) -> 37579790 | J40: =SUMIFS('Data 2026>>'!$N:$N,'Data 2026>>'!$L:$L,'01. CP Nhân sự '!$A40,'Data 2026>>'!$B:$B,'01. CP Nhân sự '!$C40,'Data 2026>>'!$C:$C,'01. CP Nhân sự '!J$4) -> 0 | K40: =SUM(E40:J40) -> 203398064 | O40: =K40/N$49 -> 0.0011736366
A41: 3 | B41: 7 | C41: Kiểm Soát Chất Lượng | D41: =VLOOKUP(C41,'02. ĐỊNH BIÊN'!$C$6:$P$48,5,0) -> 43 | E41: =SUMIFS('Data 2026>>'!$N:$N,'Data 2026>>'!$L:$L,'01. CP Nhân sự '!$A41,'Data 2026>>'!$B:$B,'01. CP Nhân sự '!$C41,'Data 2026>>'!$C:$C,'01. CP Nhân sự '!E$4) -> 509726891 | F41: =SUMIFS('Data 2026>>'!$N:$N,'Data 2026>>'!$L:$L,'01. CP Nhân sự '!$A41,'Data 2026>>'!$B:$B,'01. CP Nhân sự '!$C41,'Data 2026>>'!$C:$C,'01. CP Nhân sự '!F$4) -> 155972811 | G41: =SUMIFS('Data 2026>>'!$N:$N,'Data 2026>>'!$L:$L,'01. CP Nhân sự '!$A41,'Data 2026>>'!$B:$B,'01. CP Nhân sự '!$C41,'Data 2026>>'!$C:$C,'01. CP Nhân sự '!G$4) -> 34643525 | H41: =SUMIFS('Data 2026>>'!$N:$N,'Data 2026>>'!$L:$L,'01. CP Nhân sự '!$A41,'Data 2026>>'!$B:$B,'01. CP Nhân sự '!$C41,'Data 2026>>'!$C:$C,'01. CP Nhân sự '!H$4) -> 63352591 | I41: =SUMIFS('Data 2026>>'!$N:$N,'Data 2026>>'!$L:$L,'01. CP Nhân sự '!$A41,'Data 2026>>'!$B:$B,'01. CP Nhân sự '!$C41,'Data 2026>>'!$C:$C,'01. CP Nhân sự '!I$4) -> 103008110 | J41: =SUMIFS('Data 2026>>'!$N:$N,'Data 2026>>'!$L:$L,'01. CP Nhân sự '!$A41,'Data 2026>>'!$B:$B,'01. CP Nhân sự '!$C41,'Data 2026>>'!$C:$C,'01. CP Nhân sự '!J$4) -> 0 | K41: =SUM(E41:J41) -> 866703928 | O41: =K41/N$49 -> 0.0050010087
A42: 3 | B42: 8 | C42: Kỹ Thuật | D42: =VLOOKUP(C42,'02. ĐỊNH BIÊN'!$C$6:$P$48,5,0) -> 79 | E42: =SUMIFS('Data 2026>>'!$N:$N,'Data 2026>>'!$L:$L,'01. CP Nhân sự '!$A42,'Data 2026>>'!$B:$B,'01. CP Nhân sự '!$C42,'Data 2026>>'!$C:$C,'01. CP Nhân sự '!E$4) -> 1195702063 | F42: =SUMIFS('Data 2026>>'!$N:$N,'Data 2026>>'!$L:$L,'01. CP Nhân sự '!$A42,'Data 2026>>'!$B:$B,'01. CP Nhân sự '!$C42,'Data 2026>>'!$C:$C,'01. CP Nhân sự '!F$4) -> 298833692 | G42: =SUMIFS('Data 2026>>'!$N:$N,'Data 2026>>'!$L:$L,'01. CP Nhân sự '!$A42,'Data 2026>>'!$B:$B,'01. CP Nhân sự '!$C42,'Data 2026>>'!$C:$C,'01. CP Nhân sự '!G$4) -> 86649355 | H42: =SUMIFS('Data 2026>>'!$N:$N,'Data 2026>>'!$L:$L,'01. CP Nhân sự '!$A42,'Data 2026>>'!$B:$B,'01. CP Nhân sự '!$C42,'Data 2026>>'!$C:$C,'01. CP Nhân sự '!H$4) -> 118240007 | I42: =SUMIFS('Data 2026>>'!$N:$N,'Data 2026>>'!$L:$L,'01. CP Nhân sự '!$A42,'Data 2026>>'!$B:$B,'01. CP Nhân sự '!$C42,'Data 2026>>'!$C:$C,'01. CP Nhân sự '!I$4) -> 266987628 | J42: =SUMIFS('Data 2026>>'!$N:$N,'Data 2026>>'!$L:$L,'01. CP Nhân sự '!$A42,'Data 2026>>'!$B:$B,'01. CP Nhân sự '!$C42,'Data 2026>>'!$C:$C,'01. CP Nhân sự '!J$4) -> 0 | K42: =SUM(E42:J42) -> 1966412745 | O42: =K42/N$49 -> 0.01134649
A43: 3 | B43: 9 | C43: Hành Chánh Nhân Sự | D43: =VLOOKUP(C43,'02. ĐỊNH BIÊN'!$C$6:$P$48,5,0) -> 41 | E43: =SUMIFS('Data 2026>>'!$N:$N,'Data 2026>>'!$L:$L,'01. CP Nhân sự '!$A43,'Data 2026>>'!$B:$B,'01. CP Nhân sự '!$C43,'Data 2026>>'!$C:$C,'01. CP Nhân sự '!E$4) -> 736536915 | F43: =SUMIFS('Data 2026>>'!$N:$N,'Data 2026>>'!$L:$L,'01. CP Nhân sự '!$A43,'Data 2026>>'!$B:$B,'01. CP Nhân sự '!$C43,'Data 2026>>'!$C:$C,'01. CP Nhân sự '!F$4) -> 83008401 | G43: =SUMIFS('Data 2026>>'!$N:$N,'Data 2026>>'!$L:$L,'01. CP Nhân sự '!$A43,'Data 2026>>'!$B:$B,'01. CP Nhân sự '!$C43,'Data 2026>>'!$C:$C,'01. CP Nhân sự '!G$4) -> 41825496 | H43: =SUMIFS('Data 2026>>'!$N:$N,'Data 2026>>'!$L:$L,'01. CP Nhân sự '!$A43,'Data 2026>>'!$B:$B,'01. CP Nhân sự '!$C43,'Data 2026>>'!$C:$C,'01. CP Nhân sự '!H$4) -> 47310391 | I43: =SUMIFS('Data 2026>>'!$N:$N,'Data 2026>>'!$L:$L,'01. CP Nhân sự '!$A43,'Data 2026>>'!$B:$B,'01. CP Nhân sự '!$C43,'Data 2026>>'!$C:$C,'01. CP Nhân sự '!I$4) -> 140067520 | J43: =SUMIFS('Data 2026>>'!$N:$N,'Data 2026>>'!$L:$L,'01. CP Nhân sự '!$A43,'Data 2026>>'!$B:$B,'01. CP Nhân sự '!$C43,'Data 2026>>'!$C:$C,'01. CP Nhân sự '!J$4) -> 18800000 | K43: =SUM(E43:J43) -> 1067548723 | O43: =K43/N$49 -> 0.0061599126
A44: 3 | B44: 10 | C44: Cung Ứng | D44: =VLOOKUP(C44,'02. ĐỊNH BIÊN'!$C$6:$P$48,5,0) -> 42 | E44: =SUMIFS('Data 2026>>'!$N:$N,'Data 2026>>'!$L:$L,'01. CP Nhân sự '!$A44,'Data 2026>>'!$B:$B,'01. CP Nhân sự '!$C44,'Data 2026>>'!$C:$C,'01. CP Nhân sự '!E$4) -> 435584749 | F44: =SUMIFS('Data 2026>>'!$N:$N,'Data 2026>>'!$L:$L,'01. CP Nhân sự '!$A44,'Data 2026>>'!$B:$B,'01. CP Nhân sự '!$C44,'Data 2026>>'!$C:$C,'01. CP Nhân sự '!F$4) -> 0 | G44: =SUMIFS('Data 2026>>'!$N:$N,'Data 2026>>'!$L:$L,'01. CP Nhân sự '!$A44,'Data 2026>>'!$B:$B,'01. CP Nhân sự '!$C44,'Data 2026>>'!$C:$C,'01. CP Nhân sự '!G$4) -> 298086196 | H44: =SUMIFS('Data 2026>>'!$N:$N,'Data 2026>>'!$L:$L,'01. CP Nhân sự '!$A44,'Data 2026>>'!$B:$B,'01. CP Nhân sự '!$C44,'Data 2026>>'!$C:$C,'01. CP Nhân sự '!H$4) -> 15673000 | I44: =SUMIFS('Data 2026>>'!$N:$N,'Data 2026>>'!$L:$L,'01. CP Nhân sự '!$A44,'Data 2026>>'!$B:$B,'01. CP Nhân sự '!$C44,'Data 2026>>'!$C:$C,'01. CP Nhân sự '!I$4) -> 87423290 | J44: =SUMIFS('Data 2026>>'!$N:$N,'Data 2026>>'!$L:$L,'01. CP Nhân sự '!$A44,'Data 2026>>'!$B:$B,'01. CP Nhân sự '!$C44,'Data 2026>>'!$C:$C,'01. CP Nhân sự '!J$4) -> 0 | K44: =SUM(E44:J44) -> 836767235 | O44: =K44/N$49 -> 0.0048282696
A45: 3 | B45: 11 | C45: Chiến Lược CCU | D45: =VLOOKUP(C45,'02. ĐỊNH BIÊN'!$C$6:$P$48,5,0) -> 3 | E45: =SUMIFS('Data 2026>>'!$N:$N,'Data 2026>>'!$L:$L,'01. CP Nhân sự '!$A45,'Data 2026>>'!$B:$B,'01. CP Nhân sự '!$C45,'Data 2026>>'!$C:$C,'01. CP Nhân sự '!E$4) -> 85046624 | F45: =SUMIFS('Data 2026>>'!$N:$N,'Data 2026>>'!$L:$L,'01. CP Nhân sự '!$A45,'Data 2026>>'!$B:$B,'01. CP Nhân sự '!$C45,'Data 2026>>'!$C:$C,'01. CP Nhân sự '!F$4) -> 0 | G45: =SUMIFS('Data 2026>>'!$N:$N,'Data 2026>>'!$L:$L,'01. CP Nhân sự '!$A45,'Data 2026>>'!$B:$B,'01. CP Nhân sự '!$C45,'Data 2026>>'!$C:$C,'01. CP Nhân sự '!G$4) -> 6536466 | H45: =SUMIFS('Data 2026>>'!$N:$N,'Data 2026>>'!$L:$L,'01. CP Nhân sự '!$A45,'Data 2026>>'!$B:$B,'01. CP Nhân sự '!$C45,'Data 2026>>'!$C:$C,'01. CP Nhân sự '!H$4) -> 0 | I45: =SUMIFS('Data 2026>>'!$N:$N,'Data 2026>>'!$L:$L,'01. CP Nhân sự '!$A45,'Data 2026>>'!$B:$B,'01. CP Nhân sự '!$C45,'Data 2026>>'!$C:$C,'01. CP Nhân sự '!I$4) -> 20035865 | J45: =SUMIFS('Data 2026>>'!$N:$N,'Data 2026>>'!$L:$L,'01. CP Nhân sự '!$A45,'Data 2026>>'!$B:$B,'01. CP Nhân sự '!$C45,'Data 2026>>'!$C:$C,'01. CP Nhân sự '!J$4) -> 0 | K45: =SUM(E45:J45) -> 111618955 | O45: =K45/N$49 -> 0.00064405773
A46: 3 | B46: 12 | C46: Xưởng Sản Xuất | D46: =VLOOKUP(C46,'02. ĐỊNH BIÊN'!$C$6:$P$48,5,0) -> 79 | E46: =SUMIFS('Data 2026>>'!$N:$N,'Data 2026>>'!$L:$L,'01. CP Nhân sự '!$A46,'Data 2026>>'!$B:$B,'01. CP Nhân sự '!$C46,'Data 2026>>'!$C:$C,'01. CP Nhân sự '!E$4,'Data 2026>>'!$A:$A,627) -> 1074333882 | F46: =SUMIFS('Data 2026>>'!$N:$N,'Data 2026>>'!$L:$L,'01. CP Nhân sự '!$A46,'Data 2026>>'!$B:$B,'01. CP Nhân sự '!$C46,'Data 2026>>'!$C:$C,'01. CP Nhân sự '!F$4,'Data 2026>>'!$A:$A,627) -> 127349707 | G46: =SUMIFS('Data 2026>>'!$N:$N,'Data 2026>>'!$L:$L,'01. CP Nhân sự '!$A46,'Data 2026>>'!$B:$B,'01. CP Nhân sự '!$C46,'Data 2026>>'!$C:$C,'01. CP Nhân sự '!G$4,'Data 2026>>'!$A:$A,627) -> 58005518 | H46: =SUMIFS('Data 2026>>'!$N:$N,'Data 2026>>'!$L:$L,'01. CP Nhân sự '!$A46,'Data 2026>>'!$B:$B,'01. CP Nhân sự '!$C46,'Data 2026>>'!$C:$C,'01. CP Nhân sự '!H$4,'Data 2026>>'!$A:$A,627) -> 89287744 | I46: =SUMIFS('Data 2026>>'!$N:$N,'Data 2026>>'!$L:$L,'01. CP Nhân sự '!$A46,'Data 2026>>'!$B:$B,'01. CP Nhân sự '!$C46,'Data 2026>>'!$C:$C,'01. CP Nhân sự '!I$4,'Data 2026>>'!$A:$A,627) -> 168325320 | J46: =SUMIFS('Data 2026>>'!$N:$N,'Data 2026>>'!$L:$L,'01. CP Nhân sự '!$A46,'Data 2026>>'!$B:$B,'01. CP Nhân sự '!$C46,'Data 2026>>'!$C:$C,'01. CP Nhân sự '!J$4,'Data 2026>>'!$A:$A,627) -> 12750000 | K46: =SUM(E46:J46) -> 1530052171 | O46: =K46/N$49 -> 0.0088286253
A47: 3 | B47: 13 | C47: Xưởng Sản Xuất | D47: 222 | E47: =SUMIFS('Data 2026>>'!$N:$N,'Data 2026>>'!$L:$L,'01. CP Nhân sự '!$A47,'Data 2026>>'!$B:$B,'01. CP Nhân sự '!$C47,'Data 2026>>'!$C:$C,'01. CP Nhân sự '!E$4,'Data 2026>>'!$A:$A,622) -> 1992862114 | F47: =SUMIFS('Data 2026>>'!$N:$N,'Data 2026>>'!$L:$L,'01. CP Nhân sự '!$A47,'Data 2026>>'!$B:$B,'01. CP Nhân sự '!$C47,'Data 2026>>'!$C:$C,'01. CP Nhân sự '!F$4,'Data 2026>>'!$A:$A,622) -> 337308264 | G47: =SUMIFS('Data 2026>>'!$N:$N,'Data 2026>>'!$L:$L,'01. CP Nhân sự '!$A47,'Data 2026>>'!$B:$B,'01. CP Nhân sự '!$C47,'Data 2026>>'!$C:$C,'01. CP Nhân sự '!G$4,'Data 2026>>'!$A:$A,622) -> 26818117 | H47: =SUMIFS('Data 2026>>'!$N:$N,'Data 2026>>'!$L:$L,'01. CP Nhân sự '!$A47,'Data 2026>>'!$B:$B,'01. CP Nhân sự '!$C47,'Data 2026>>'!$C:$C,'01. CP Nhân sự '!H$4,'Data 2026>>'!$A:$A,622) -> 314000136 | I47: =SUMIFS('Data 2026>>'!$N:$N,'Data 2026>>'!$L:$L,'01. CP Nhân sự '!$A47,'Data 2026>>'!$B:$B,'01. CP Nhân sự '!$C47,'Data 2026>>'!$C:$C,'01. CP Nhân sự '!I$4,'Data 2026>>'!$A:$A,622) -> 266241645 | J47: =SUMIFS('Data 2026>>'!$N:$N,'Data 2026>>'!$L:$L,'01. CP Nhân sự '!$A47,'Data 2026>>'!$B:$B,'01. CP Nhân sự '!$C47,'Data 2026>>'!$C:$C,'01. CP Nhân sự '!J$4,'Data 2026>>'!$A:$A,622) -> 0 | K47: =SUM(E47:J47) -> 2937230276 | O47: =K47/N$49 -> 0.016948249
A48: 3 | B48: 14 | C48: Tư vấn dịch vụ | D48: =VLOOKUP(C48,'02. ĐỊNH BIÊN'!$C$6:$P$48,5,0) -> 1 | E48: =SUMIFS('Data 2026>>'!$N:$N,'Data 2026>>'!$L:$L,'01. CP Nhân sự '!$A48,'Data 2026>>'!$B:$B,'01. CP Nhân sự '!$C48,'Data 2026>>'!$C:$C,'01. CP Nhân sự '!E$4) -> 64166667 | F48: =SUMIFS('Data 2026>>'!$N:$N,'Data 2026>>'!$L:$L,'01. CP Nhân sự '!$A48,'Data 2026>>'!$B:$B,'01. CP Nhân sự '!$C48,'Data 2026>>'!$C:$C,'01. CP Nhân sự '!F$4) -> 0 | G48: =SUMIFS('Data 2026>>'!$N:$N,'Data 2026>>'!$L:$L,'01. CP Nhân sự '!$A48,'Data 2026>>'!$B:$B,'01. CP Nhân sự '!$C48,'Data 2026>>'!$C:$C,'01. CP Nhân sự '!G$4) -> -5366620 | H48: =SUMIFS('Data 2026>>'!$N:$N,'Data 2026>>'!$L:$L,'01. CP Nhân sự '!$A48,'Data 2026>>'!$B:$B,'01. CP Nhân sự '!$C48,'Data 2026>>'!$C:$C,'01. CP Nhân sự '!H$4) -> 0 | I48: =SUMIFS('Data 2026>>'!$N:$N,'Data 2026>>'!$L:$L,'01. CP Nhân sự '!$A48,'Data 2026>>'!$B:$B,'01. CP Nhân sự '!$C48,'Data 2026>>'!$C:$C,'01. CP Nhân sự '!I$4) -> 0 | J48: =SUMIFS('Data 2026>>'!$N:$N,'Data 2026>>'!$L:$L,'01. CP Nhân sự '!$A48,'Data 2026>>'!$B:$B,'01. CP Nhân sự '!$C48,'Data 2026>>'!$C:$C,'01. CP Nhân sự '!J$4) -> 0 | K48: =SUM(E48:J48) -> 58800047 | O48: =K48/N$49 -> 0.00033928489
A49: 3 | C49: CỘNG | D49: =SUM(D35:D48) -> 582 | E49: =SUM(E35:E48) -> 9582419126 | F49: =SUM(F35:F48) -> 1051874104 | G49: =SUM(G35:G48) -> 1028541831 | H49: =SUM(H35:H48) -> 679301869 | I49: =SUM(I35:I48) -> 1509616538 | J49: =SUM(J35:J48) -> 35950002 | K49: =SUM(K35:K48) -> 13887703470 | L49: =K49/K34-1 -> 0.077406242 | N49: 173305822529 | O49: =K49/N$49 -> 0.080134085
A50: 4 | B50: 1 | C50: Ban Giám Đốc | D50: =VLOOKUP(C50,'02. ĐỊNH BIÊN'!$C$6:$P$48,6,0) -> 14 | E50: =SUMIFS('Data 2026>>'!$N:$N,'Data 2026>>'!$L:$L,'01. CP Nhân sự '!$A50,'Data 2026>>'!$B:$B,'01. CP Nhân sự '!$C50,'Data 2026>>'!$C:$C,'01. CP Nhân sự '!E$4) -> 2085095604 | F50: =SUMIFS('Data 2026>>'!$N:$N,'Data 2026>>'!$L:$L,'01. CP Nhân sự '!$A50,'Data 2026>>'!$B:$B,'01. CP Nhân sự '!$C50,'Data 2026>>'!$C:$C,'01. CP Nhân sự '!F$4) -> 0 | G50: =SUMIFS('Data 2026>>'!$N:$N,'Data 2026>>'!$L:$L,'01. CP Nhân sự '!$A50,'Data 2026>>'!$B:$B,'01. CP Nhân sự '!$C50,'Data 2026>>'!$C:$C,'01. CP Nhân sự '!G$4) -> 124663112 | H50: =SUMIFS('Data 2026>>'!$N:$N,'Data 2026>>'!$L:$L,'01. CP Nhân sự '!$A50,'Data 2026>>'!$B:$B,'01. CP Nhân sự '!$C50,'Data 2026>>'!$C:$C,'01. CP Nhân sự '!H$4) -> 0 | I50: =SUMIFS('Data 2026>>'!$N:$N,'Data 2026>>'!$L:$L,'01. CP Nhân sự '!$A50,'Data 2026>>'!$B:$B,'01. CP Nhân sự '!$C50,'Data 2026>>'!$C:$C,'01. CP Nhân sự '!I$4) -> 165000545 | J50: =SUMIFS('Data 2026>>'!$N:$N,'Data 2026>>'!$L:$L,'01. CP Nhân sự '!$A50,'Data 2026>>'!$B:$B,'01. CP Nhân sự '!$C50,'Data 2026>>'!$C:$C,'01. CP Nhân sự '!J$4) -> 54820407 | K50: =SUM(E50:J50) -> 2429579668 | O50: =K50/N$64 -> 0.015274913
A51: 4 | B51: 2 | C51: Kinh doanh | D51: =VLOOKUP(C51,'02. ĐỊNH BIÊN'!$C$6:$P$48,6,0) -> 9 | E51: =SUMIFS('Data 2026>>'!$N:$N,'Data 2026>>'!$L:$L,'01. CP Nhân sự '!$A51,'Data 2026>>'!$B:$B,'01. CP Nhân sự '!$C51,'Data 2026>>'!$C:$C,'01. CP Nhân sự '!E$4) -> 418102432 | F51: =SUMIFS('Data 2026>>'!$N:$N,'Data 2026>>'!$L:$L,'01. CP Nhân sự '!$A51,'Data 2026>>'!$B:$B,'01. CP Nhân sự '!$C51,'Data 2026>>'!$C:$C,'01. CP Nhân sự '!F$4) -> 0 | G51: =SUMIFS('Data 2026>>'!$N:$N,'Data 2026>>'!$L:$L,'01. CP Nhân sự '!$A51,'Data 2026>>'!$B:$B,'01. CP Nhân sự '!$C51,'Data 2026>>'!$C:$C,'01. CP Nhân sự '!G$4) -> 307923526 | H51: =SUMIFS('Data 2026>>'!$N:$N,'Data 2026>>'!$L:$L,'01. CP Nhân sự '!$A51,'Data 2026>>'!$B:$B,'01. CP Nhân sự '!$C51,'Data 2026>>'!$C:$C,'01. CP Nhân sự '!H$4) -> 4844000 | I51: =SUMIFS('Data 2026>>'!$N:$N,'Data 2026>>'!$L:$L,'01. CP Nhân sự '!$A51,'Data 2026>>'!$B:$B,'01. CP Nhân sự '!$C51,'Data 2026>>'!$C:$C,'01. CP Nhân sự '!I$4) -> 56356990 | J51: =SUMIFS('Data 2026>>'!$N:$N,'Data 2026>>'!$L:$L,'01. CP Nhân sự '!$A51,'Data 2026>>'!$B:$B,'01. CP Nhân sự '!$C51,'Data 2026>>'!$C:$C,'01. CP Nhân sự '!J$4) -> 0 | K51: =SUM(E51:J51) -> 787226948 | O51: =K51/N$64 -> 0.0049493431
A52: 4 | B52: 3 | C52: Mua Hàng & XNK | D52: =VLOOKUP(C52,'02. ĐỊNH BIÊN'!$C$6:$P$48,6,0) -> 9 | E52: =SUMIFS('Data 2026>>'!$N:$N,'Data 2026>>'!$L:$L,'01. CP Nhân sự '!$A52,'Data 2026>>'!$B:$B,'01. CP Nhân sự '!$C52,'Data 2026>>'!$C:$C,'01. CP Nhân sự '!E$4) -> 211686760 | F52: =SUMIFS('Data 2026>>'!$N:$N,'Data 2026>>'!$L:$L,'01. CP Nhân sự '!$A52,'Data 2026>>'!$B:$B,'01. CP Nhân sự '!$C52,'Data 2026>>'!$C:$C,'01. CP Nhân sự '!F$4) -> 0 | G52: =SUMIFS('Data 2026>>'!$N:$N,'Data 2026>>'!$L:$L,'01. CP Nhân sự '!$A52,'Data 2026>>'!$B:$B,'01. CP Nhân sự '!$C52,'Data 2026>>'!$C:$C,'01. CP Nhân sự '!G$4) -> 15582748 | H52: =SUMIFS('Data 2026>>'!$N:$N,'Data 2026>>'!$L:$L,'01. CP Nhân sự '!$A52,'Data 2026>>'!$B:$B,'01. CP Nhân sự '!$C52,'Data 2026>>'!$C:$C,'01. CP Nhân sự '!H$4) -> 6938000 | I52: =SUMIFS('Data 2026>>'!$N:$N,'Data 2026>>'!$L:$L,'01. CP Nhân sự '!$A52,'Data 2026>>'!$B:$B,'01. CP Nhân sự '!$C52,'Data 2026>>'!$C:$C,'01. CP Nhân sự '!I$4) -> 45919925 | J52: =SUMIFS('Data 2026>>'!$N:$N,'Data 2026>>'!$L:$L,'01. CP Nhân sự '!$A52,'Data 2026>>'!$B:$B,'01. CP Nhân sự '!$C52,'Data 2026>>'!$C:$C,'01. CP Nhân sự '!J$4) -> 0 | K52: =SUM(E52:J52) -> 280127433 | O52: =K52/N$64 -> 0.001761178
A53: 4 | B53: 4 | C53: Kế Toán | D53: =VLOOKUP(C53,'02. ĐỊNH BIÊN'!$C$6:$P$48,6,0) -> 28 | E53: =SUMIFS('Data 2026>>'!$N:$N,'Data 2026>>'!$L:$L,'01. CP Nhân sự '!$A53,'Data 2026>>'!$B:$B,'01. CP Nhân sự '!$C53,'Data 2026>>'!$C:$C,'01. CP Nhân sự '!E$4) -> 624800160 | F53: =SUMIFS('Data 2026>>'!$N:$N,'Data 2026>>'!$L:$L,'01. CP Nhân sự '!$A53,'Data 2026>>'!$B:$B,'01. CP Nhân sự '!$C53,'Data 2026>>'!$C:$C,'01. CP Nhân sự '!F$4) -> 52957912 | G53: =SUMIFS('Data 2026>>'!$N:$N,'Data 2026>>'!$L:$L,'01. CP Nhân sự '!$A53,'Data 2026>>'!$B:$B,'01. CP Nhân sự '!$C53,'Data 2026>>'!$C:$C,'01. CP Nhân sự '!G$4) -> 41940825 | H53: =SUMIFS('Data 2026>>'!$N:$N,'Data 2026>>'!$L:$L,'01. CP Nhân sự '!$A53,'Data 2026>>'!$B:$B,'01. CP Nhân sự '!$C53,'Data 2026>>'!$C:$C,'01. CP Nhân sự '!H$4) -> 22261000 | I53: =SUMIFS('Data 2026>>'!$N:$N,'Data 2026>>'!$L:$L,'01. CP Nhân sự '!$A53,'Data 2026>>'!$B:$B,'01. CP Nhân sự '!$C53,'Data 2026>>'!$C:$C,'01. CP Nhân sự '!I$4) -> 120509265 | J53: =SUMIFS('Data 2026>>'!$N:$N,'Data 2026>>'!$L:$L,'01. CP Nhân sự '!$A53,'Data 2026>>'!$B:$B,'01. CP Nhân sự '!$C53,'Data 2026>>'!$C:$C,'01. CP Nhân sự '!J$4) -> 15900000 | K53: =SUM(E53:J53) -> 878369162 | O53: =K53/N$64 -> 0.0055223597
A54: 4 | B54: 5 | C54: Nghiên Cứu & Phát Triển | D54: =VLOOKUP(C54,'02. ĐỊNH BIÊN'!$C$6:$P$48,6,0) -> 7 | E54: =SUMIFS('Data 2026>>'!$N:$N,'Data 2026>>'!$L:$L,'01. CP Nhân sự '!$A54,'Data 2026>>'!$B:$B,'01. CP Nhân sự '!$C54,'Data 2026>>'!$C:$C,'01. CP Nhân sự '!E$4) -> 186048272 | F54: =SUMIFS('Data 2026>>'!$N:$N,'Data 2026>>'!$L:$L,'01. CP Nhân sự '!$A54,'Data 2026>>'!$B:$B,'01. CP Nhân sự '!$C54,'Data 2026>>'!$C:$C,'01. CP Nhân sự '!F$4) -> 0 | G54: =SUMIFS('Data 2026>>'!$N:$N,'Data 2026>>'!$L:$L,'01. CP Nhân sự '!$A54,'Data 2026>>'!$B:$B,'01. CP Nhân sự '!$C54,'Data 2026>>'!$C:$C,'01. CP Nhân sự '!G$4) -> 13531932 | H54: =SUMIFS('Data 2026>>'!$N:$N,'Data 2026>>'!$L:$L,'01. CP Nhân sự '!$A54,'Data 2026>>'!$B:$B,'01. CP Nhân sự '!$C54,'Data 2026>>'!$C:$C,'01. CP Nhân sự '!H$4) -> 250000 | I54: =SUMIFS('Data 2026>>'!$N:$N,'Data 2026>>'!$L:$L,'01. CP Nhân sự '!$A54,'Data 2026>>'!$B:$B,'01. CP Nhân sự '!$C54,'Data 2026>>'!$C:$C,'01. CP Nhân sự '!I$4) -> 41037675 | J54: =SUMIFS('Data 2026>>'!$N:$N,'Data 2026>>'!$L:$L,'01. CP Nhân sự '!$A54,'Data 2026>>'!$B:$B,'01. CP Nhân sự '!$C54,'Data 2026>>'!$C:$C,'01. CP Nhân sự '!J$4) -> 0 | K54: =SUM(E54:J54) -> 240867879 | O54: =K54/N$64 -> 0.0015143508
A55: 4 | B55: 6 | C55: Văn Phòng Giám Đốc | D55: =VLOOKUP(C55,'02. ĐỊNH BIÊN'!$C$6:$P$48,6,0) -> 3 | E55: =SUMIFS('Data 2026>>'!$N:$N,'Data 2026>>'!$L:$L,'01. CP Nhân sự '!$A55,'Data 2026>>'!$B:$B,'01. CP Nhân sự '!$C55,'Data 2026>>'!$C:$C,'01. CP Nhân sự '!E$4) -> 246377179 | F55: =SUMIFS('Data 2026>>'!$N:$N,'Data 2026>>'!$L:$L,'01. CP Nhân sự '!$A55,'Data 2026>>'!$B:$B,'01. CP Nhân sự '!$C55,'Data 2026>>'!$C:$C,'01. CP Nhân sự '!F$4) -> 0 | G55: =SUMIFS('Data 2026>>'!$N:$N,'Data 2026>>'!$L:$L,'01. CP Nhân sự '!$A55,'Data 2026>>'!$B:$B,'01. CP Nhân sự '!$C55,'Data 2026>>'!$C:$C,'01. CP Nhân sự '!G$4) -> 6114727 | H55: =SUMIFS('Data 2026>>'!$N:$N,'Data 2026>>'!$L:$L,'01. CP Nhân sự '!$A55,'Data 2026>>'!$B:$B,'01. CP Nhân sự '!$C55,'Data 2026>>'!$C:$C,'01. CP Nhân sự '!H$4) -> 2604000 | I55: =SUMIFS('Data 2026>>'!$N:$N,'Data 2026>>'!$L:$L,'01. CP Nhân sự '!$A55,'Data 2026>>'!$B:$B,'01. CP Nhân sự '!$C55,'Data 2026>>'!$C:$C,'01. CP Nhân sự '!I$4) -> 28861290 | J55: =SUMIFS('Data 2026>>'!$N:$N,'Data 2026>>'!$L:$L,'01. CP Nhân sự '!$A55,'Data 2026>>'!$B:$B,'01. CP Nhân sự '!$C55,'Data 2026>>'!$C:$C,'01. CP Nhân sự '!J$4) -> 0 | K55: =SUM(E55:J55) -> 283957196 | O55: =K55/N$64 -> 0.0017852559
A56: 4 | B56: 7 | C56: Kiểm Soát Chất Lượng | D56: =VLOOKUP(C56,'02. ĐỊNH BIÊN'!$C$6:$P$48,6,0) -> 42 | E56: =SUMIFS('Data 2026>>'!$N:$N,'Data 2026>>'!$L:$L,'01. CP Nhân sự '!$A56,'Data 2026>>'!$B:$B,'01. CP Nhân sự '!$C56,'Data 2026>>'!$C:$C,'01. CP Nhân sự '!E$4) -> 560502592 | F56: =SUMIFS('Data 2026>>'!$N:$N,'Data 2026>>'!$L:$L,'01. CP Nhân sự '!$A56,'Data 2026>>'!$B:$B,'01. CP Nhân sự '!$C56,'Data 2026>>'!$C:$C,'01. CP Nhân sự '!F$4) -> 163858135 | G56: =SUMIFS('Data 2026>>'!$N:$N,'Data 2026>>'!$L:$L,'01. CP Nhân sự '!$A56,'Data 2026>>'!$B:$B,'01. CP Nhân sự '!$C56,'Data 2026>>'!$C:$C,'01. CP Nhân sự '!G$4) -> 33928462 | H56: =SUMIFS('Data 2026>>'!$N:$N,'Data 2026>>'!$L:$L,'01. CP Nhân sự '!$A56,'Data 2026>>'!$B:$B,'01. CP Nhân sự '!$C56,'Data 2026>>'!$C:$C,'01. CP Nhân sự '!H$4) -> 64447301 | I56: =SUMIFS('Data 2026>>'!$N:$N,'Data 2026>>'!$L:$L,'01. CP Nhân sự '!$A56,'Data 2026>>'!$B:$B,'01. CP Nhân sự '!$C56,'Data 2026>>'!$C:$C,'01. CP Nhân sự '!I$4) -> 102099290 | J56: =SUMIFS('Data 2026>>'!$N:$N,'Data 2026>>'!$L:$L,'01. CP Nhân sự '!$A56,'Data 2026>>'!$B:$B,'01. CP Nhân sự '!$C56,'Data 2026>>'!$C:$C,'01. CP Nhân sự '!J$4) -> 0 | K56: =SUM(E56:J56) -> 924835780 | O56: =K56/N$64 -> 0.0058144981
A57: 4 | B57: 8 | C57: Kỹ Thuật | D57: =VLOOKUP(C57,'02. ĐỊNH BIÊN'!$C$6:$P$48,6,0) -> 83 | E57: =SUMIFS('Data 2026>>'!$N:$N,'Data 2026>>'!$L:$L,'01. CP Nhân sự '!$A57,'Data 2026>>'!$B:$B,'01. CP Nhân sự '!$C57,'Data 2026>>'!$C:$C,'01. CP Nhân sự '!E$4) -> 1304447747 | F57: =SUMIFS('Data 2026>>'!$N:$N,'Data 2026>>'!$L:$L,'01. CP Nhân sự '!$A57,'Data 2026>>'!$B:$B,'01. CP Nhân sự '!$C57,'Data 2026>>'!$C:$C,'01. CP Nhân sự '!F$4) -> 380470791 | G57: =SUMIFS('Data 2026>>'!$N:$N,'Data 2026>>'!$L:$L,'01. CP Nhân sự '!$A57,'Data 2026>>'!$B:$B,'01. CP Nhân sự '!$C57,'Data 2026>>'!$C:$C,'01. CP Nhân sự '!G$4) -> 88465572 | H57: =SUMIFS('Data 2026>>'!$N:$N,'Data 2026>>'!$L:$L,'01. CP Nhân sự '!$A57,'Data 2026>>'!$B:$B,'01. CP Nhân sự '!$C57,'Data 2026>>'!$C:$C,'01. CP Nhân sự '!H$4) -> 129454388 | I57: =SUMIFS('Data 2026>>'!$N:$N,'Data 2026>>'!$L:$L,'01. CP Nhân sự '!$A57,'Data 2026>>'!$B:$B,'01. CP Nhân sự '!$C57,'Data 2026>>'!$C:$C,'01. CP Nhân sự '!I$4) -> 260572668 | J57: =SUMIFS('Data 2026>>'!$N:$N,'Data 2026>>'!$L:$L,'01. CP Nhân sự '!$A57,'Data 2026>>'!$B:$B,'01. CP Nhân sự '!$C57,'Data 2026>>'!$C:$C,'01. CP Nhân sự '!J$4) -> 0 | K57: =SUM(E57:J57) -> 2163411166 | O57: =K57/N$64 -> 0.013601496
A58: 4 | B58: 9 | C58: Hành Chánh Nhân Sự | D58: =VLOOKUP(C58,'02. ĐỊNH BIÊN'!$C$6:$P$48,6,0) -> 39 | E58: =SUMIFS('Data 2026>>'!$N:$N,'Data 2026>>'!$L:$L,'01. CP Nhân sự '!$A58,'Data 2026>>'!$B:$B,'01. CP Nhân sự '!$C58,'Data 2026>>'!$C:$C,'01. CP Nhân sự '!E$4) -> 741682893 | F58: =SUMIFS('Data 2026>>'!$N:$N,'Data 2026>>'!$L:$L,'01. CP Nhân sự '!$A58,'Data 2026>>'!$B:$B,'01. CP Nhân sự '!$C58,'Data 2026>>'!$C:$C,'01. CP Nhân sự '!F$4) -> 87795214 | G58: =SUMIFS('Data 2026>>'!$N:$N,'Data 2026>>'!$L:$L,'01. CP Nhân sự '!$A58,'Data 2026>>'!$B:$B,'01. CP Nhân sự '!$C58,'Data 2026>>'!$C:$C,'01. CP Nhân sự '!G$4) -> 41323926 | H58: =SUMIFS('Data 2026>>'!$N:$N,'Data 2026>>'!$L:$L,'01. CP Nhân sự '!$A58,'Data 2026>>'!$B:$B,'01. CP Nhân sự '!$C58,'Data 2026>>'!$C:$C,'01. CP Nhân sự '!H$4) -> 50534681 | I58: =SUMIFS('Data 2026>>'!$N:$N,'Data 2026>>'!$L:$L,'01. CP Nhân sự '!$A58,'Data 2026>>'!$B:$B,'01. CP Nhân sự '!$C58,'Data 2026>>'!$C:$C,'01. CP Nhân sự '!I$4) -> 137870810 | J58: =SUMIFS('Data 2026>>'!$N:$N,'Data 2026>>'!$L:$L,'01. CP Nhân sự '!$A58,'Data 2026>>'!$B:$B,'01. CP Nhân sự '!$C58,'Data 2026>>'!$C:$C,'01. CP Nhân sự '!J$4) -> 185700000 | K58: =SUM(E58:J58) -> 1244907524 | O58: =K58/N$64 -> 0.0078268084
A59: 4 | B59: 10 | C59: Cung Ứng | D59: =VLOOKUP(C59,'02. ĐỊNH BIÊN'!$C$6:$P$48,6,0) -> 39 | E59: =SUMIFS('Data 2026>>'!$N:$N,'Data 2026>>'!$L:$L,'01. CP Nhân sự '!$A59,'Data 2026>>'!$B:$B,'01. CP Nhân sự '!$C59,'Data 2026>>'!$C:$C,'01. CP Nhân sự '!E$4) -> 533344260 | F59: =SUMIFS('Data 2026>>'!$N:$N,'Data 2026>>'!$L:$L,'01. CP Nhân sự '!$A59,'Data 2026>>'!$B:$B,'01. CP Nhân sự '!$C59,'Data 2026>>'!$C:$C,'01. CP Nhân sự '!F$4) -> 0 | G59: =SUMIFS('Data 2026>>'!$N:$N,'Data 2026>>'!$L:$L,'01. CP Nhân sự '!$A59,'Data 2026>>'!$B:$B,'01. CP Nhân sự '!$C59,'Data 2026>>'!$C:$C,'01. CP Nhân sự '!G$4) -> 295203108 | H59: =SUMIFS('Data 2026>>'!$N:$N,'Data 2026>>'!$L:$L,'01. CP Nhân sự '!$A59,'Data 2026>>'!$B:$B,'01. CP Nhân sự '!$C59,'Data 2026>>'!$C:$C,'01. CP Nhân sự '!H$4) -> 27060000 | I59: =SUMIFS('Data 2026>>'!$N:$N,'Data 2026>>'!$L:$L,'01. CP Nhân sự '!$A59,'Data 2026>>'!$B:$B,'01. CP Nhân sự '!$C59,'Data 2026>>'!$C:$C,'01. CP Nhân sự '!I$4) -> 91521840 | J59: =SUMIFS('Data 2026>>'!$N:$N,'Data 2026>>'!$L:$L,'01. CP Nhân sự '!$A59,'Data 2026>>'!$B:$B,'01. CP Nhân sự '!$C59,'Data 2026>>'!$C:$C,'01. CP Nhân sự '!J$4) -> 0 | K59: =SUM(E59:J59) -> 947129208 | O59: =K59/N$64 -> 0.0059546582
A60: 4 | B60: 11 | C60: Chiến Lược CCU | D60: =VLOOKUP(C60,'02. ĐỊNH BIÊN'!$C$6:$P$48,6,0) -> 3 | E60: =SUMIFS('Data 2026>>'!$N:$N,'Data 2026>>'!$L:$L,'01. CP Nhân sự '!$A60,'Data 2026>>'!$B:$B,'01. CP Nhân sự '!$C60,'Data 2026>>'!$C:$C,'01. CP Nhân sự '!E$4) -> 94924201 | F60: =SUMIFS('Data 2026>>'!$N:$N,'Data 2026>>'!$L:$L,'01. CP Nhân sự '!$A60,'Data 2026>>'!$B:$B,'01. CP Nhân sự '!$C60,'Data 2026>>'!$C:$C,'01. CP Nhân sự '!F$4) -> 0 | G60: =SUMIFS('Data 2026>>'!$N:$N,'Data 2026>>'!$L:$L,'01. CP Nhân sự '!$A60,'Data 2026>>'!$B:$B,'01. CP Nhân sự '!$C60,'Data 2026>>'!$C:$C,'01. CP Nhân sự '!G$4) -> 6536466 | H60: =SUMIFS('Data 2026>>'!$N:$N,'Data 2026>>'!$L:$L,'01. CP Nhân sự '!$A60,'Data 2026>>'!$B:$B,'01. CP Nhân sự '!$C60,'Data 2026>>'!$C:$C,'01. CP Nhân sự '!H$4) -> 50000 | I60: =SUMIFS('Data 2026>>'!$N:$N,'Data 2026>>'!$L:$L,'01. CP Nhân sự '!$A60,'Data 2026>>'!$B:$B,'01. CP Nhân sự '!$C60,'Data 2026>>'!$C:$C,'01. CP Nhân sự '!I$4) -> 20035865 | J60: =SUMIFS('Data 2026>>'!$N:$N,'Data 2026>>'!$L:$L,'01. CP Nhân sự '!$A60,'Data 2026>>'!$B:$B,'01. CP Nhân sự '!$C60,'Data 2026>>'!$C:$C,'01. CP Nhân sự '!J$4) -> 0 | K60: =SUM(E60:J60) -> 121546532 | O60: =K60/N$64 -> 0.00076417035
A61: 4 | B61: 12 | C61: Xưởng Sản Xuất | D61: =VLOOKUP(C61,'02. ĐỊNH BIÊN'!$C$6:$P$48,6,0) -> 86 | E61: =SUMIFS('Data 2026>>'!$N:$N,'Data 2026>>'!$L:$L,'01. CP Nhân sự '!$A61,'Data 2026>>'!$B:$B,'01. CP Nhân sự '!$C61,'Data 2026>>'!$C:$C,'01. CP Nhân sự '!E$4,'Data 2026>>'!$A:$A,627) -> 1277464472 | F61: =SUMIFS('Data 2026>>'!$N:$N,'Data 2026>>'!$L:$L,'01. CP Nhân sự '!$A61,'Data 2026>>'!$B:$B,'01. CP Nhân sự '!$C61,'Data 2026>>'!$C:$C,'01. CP Nhân sự '!F$4,'Data 2026>>'!$A:$A,627) -> 146289782 | G61: =SUMIFS('Data 2026>>'!$N:$N,'Data 2026>>'!$L:$L,'01. CP Nhân sự '!$A61,'Data 2026>>'!$B:$B,'01. CP Nhân sự '!$C61,'Data 2026>>'!$C:$C,'01. CP Nhân sự '!G$4,'Data 2026>>'!$A:$A,627) -> 59081167 | H61: =SUMIFS('Data 2026>>'!$N:$N,'Data 2026>>'!$L:$L,'01. CP Nhân sự '!$A61,'Data 2026>>'!$B:$B,'01. CP Nhân sự '!$C61,'Data 2026>>'!$C:$C,'01. CP Nhân sự '!H$4,'Data 2026>>'!$A:$A,627) -> 106797933 | I61: =SUMIFS('Data 2026>>'!$N:$N,'Data 2026>>'!$L:$L,'01. CP Nhân sự '!$A61,'Data 2026>>'!$B:$B,'01. CP Nhân sự '!$C61,'Data 2026>>'!$C:$C,'01. CP Nhân sự '!I$4,'Data 2026>>'!$A:$A,627) -> 163844260 | J61: =SUMIFS('Data 2026>>'!$N:$N,'Data 2026>>'!$L:$L,'01. CP Nhân sự '!$A61,'Data 2026>>'!$B:$B,'01. CP Nhân sự '!$C61,'Data 2026>>'!$C:$C,'01. CP Nhân sự '!J$4,'Data 2026>>'!$A:$A,627) -> 12450000 | K61: =SUM(E61:J61) -> 1765927614 | O61: =K61/N$64 -> 0.011102493
A62: 4 | B62: 13 | C62: Xưởng Sản Xuất | D62: 208 | E62: =SUMIFS('Data 2026>>'!$N:$N,'Data 2026>>'!$L:$L,'01. CP Nhân sự '!$A62,'Data 2026>>'!$B:$B,'01. CP Nhân sự '!$C62,'Data 2026>>'!$C:$C,'01. CP Nhân sự '!E$4,'Data 2026>>'!$A:$A,622) -> 2291562896 | F62: =SUMIFS('Data 2026>>'!$N:$N,'Data 2026>>'!$L:$L,'01. CP Nhân sự '!$A62,'Data 2026>>'!$B:$B,'01. CP Nhân sự '!$C62,'Data 2026>>'!$C:$C,'01. CP Nhân sự '!F$4,'Data 2026>>'!$A:$A,622) -> 499755909 | G62: =SUMIFS('Data 2026>>'!$N:$N,'Data 2026>>'!$L:$L,'01. CP Nhân sự '!$A62,'Data 2026>>'!$B:$B,'01. CP Nhân sự '!$C62,'Data 2026>>'!$C:$C,'01. CP Nhân sự '!G$4,'Data 2026>>'!$A:$A,622) -> 26391391 | H62: =SUMIFS('Data 2026>>'!$N:$N,'Data 2026>>'!$L:$L,'01. CP Nhân sự '!$A62,'Data 2026>>'!$B:$B,'01. CP Nhân sự '!$C62,'Data 2026>>'!$C:$C,'01. CP Nhân sự '!H$4,'Data 2026>>'!$A:$A,622) -> 318167275 | I62: =SUMIFS('Data 2026>>'!$N:$N,'Data 2026>>'!$L:$L,'01. CP Nhân sự '!$A62,'Data 2026>>'!$B:$B,'01. CP Nhân sự '!$C62,'Data 2026>>'!$C:$C,'01. CP Nhân sự '!I$4,'Data 2026>>'!$A:$A,622) -> 276102295 | J62: =SUMIFS('Data 2026>>'!$N:$N,'Data 2026>>'!$L:$L,'01. CP Nhân sự '!$A62,'Data 2026>>'!$B:$B,'01. CP Nhân sự '!$C62,'Data 2026>>'!$C:$C,'01. CP Nhân sự '!J$4,'Data 2026>>'!$A:$A,622) -> 0 | K62: =SUM(E62:J62) -> 3411979766 | O62: =K62/N$64 -> 0.021451322
