Workbook

Sheet DM
B3: Tên sheet | C3: Nội dung | D3: Ghi chú
B4: I. TỔNG HỢP
B5: 1. CS Hỗ trợ vận chuyển
B6: 2.1. Thưởng NCC - ver1
B7: 2.2. Thưởng NCC - ver2
B8: 3. DS NCC đồng hành

Sheet I. TỔNG HỢP
A1: Quay lại
B2: MA TRẬN CHÍNH SÁCH GIÁ MUA 3 TRẠM ĐẠI LỘC - ĐỒNG LÂM - KHÁNH NGA
A4: Lưu ý: | B4: Chính sách chỉ áp dụng cho NCC đồng hành
B5: Chính sách có hiệu lực từ 01.01.2026
A7: STT | B7: NỘI DUNG | C7: ĐVT | D7: ĐƠN GIÁ HỖ TRỢ | G7: NỘI DUNG CHÍNH SÁCH | H7: LƯU Ý
D8: ĐẠI LỘC | E8: ĐỒNG LÂM | F8: KHÁNH NGA
A9: 1 | B9: Giá mua | C9: đồng/kg
B10: Chai B0 | C10: đồng/kg | D10: 9500 | E10: 9500 | F10: 9500 | G10: Giá mua đã bao gồm các khoản hỗ trợ phải thấp hơn giá trần TGĐ duyệt từng tháng
A11: 2 | B11: Giá bán về DTR
B12: Chai B1.1, Chai B1.2 | C12: đồng/kg | D12: =D$10+5000 -> 14500 | E12: =E$10+5000 -> 14500 | F12: =F$10+5000 -> 14500 | G12: GAP giữa thành phẩm sv chai B0: + 5.000đ
B13: Chai B2.1, Chai B6.1 | C13: đồng/kg | D13: =D$10+5000 -> 14500 | E13: =E$10+5000 -> 14500 | F13: =F$10+5000 -> 14500 | G13: GAP giữa thành phẩm sv chai B0: + 5.000đ
B14: Chai B2.2, Chai B6.2 | C14: đồng/kg | D14: =D$10+3500 -> 13000 | E14: =E$10+3500 -> 13000 | F14: =F$10+3500 -> 13000 | G14: GAP giữa thành phẩm sv chai B0: + 3.500đ
B15: Chai B4, Chai B5 | C15: đồng/kg | D15: =D$10+2000 -> 11500 | E15: =E$10+2000 -> 11500 | F15: =F$10+2000 -> 11500 | G15: GAP giữa thành phẩm sv chai B0: + 2.000đ
B16: Vảy B6.2 | C16: đồng/kg | D16: =D$10+6500 -> 16000 | E16: =E$10+6500 -> 16000 | F16: =F$10+6500 -> 16000 | G16: GAP giữa thành phẩm sv chai B0: + 6.500đ
B17: Hỗ hợp B6.2 vảy - nắp | C17: đồng/kg | D17: =D$10+1250 -> 10750 | E17: =E$10+1250 -> 10750 | F17: =F$10+1250 -> 10750 | G17: GAP giữa thành phẩm sv chai B0: + 1.250đ
B18: Cổ chai PET | C18: đồng/kg | D18: =D$10-3500 -> 6000 | E18: =E$10-3500 -> 6000 | F18: =F$10-3500 -> 6000 | G18: GAP giữa thành phẩm sv chai B0: - 3.500đ
B19: Nắp HD ép các màu, PP quai | C19: đồng/kg | D19: =D$10-3500 -> 6000 | E19: =E$10-3500 -> 6000 | F19: =F$10-3500 -> 6000 | G19: GAP giữa thành phẩm sv chai B0: - 3.500đ
A20: 3.1 | B20: Chính sách thưởng sản lượng tháng | C20: đồng/kg/tháng | D20: 150 | E20: 150 | F20: 150 | G20: Căn cứ vào mức sản lượng được ký kết trong hợp đồng/Phụ lục/PO Kết quả dựa trên giá trị lũy kế đạt được trong tháng | H20: PL03: Thưởng sản lượng (có quy định sản lượng cam kết giao từng tháng)
A21: 3.2 | B21: Chính sách thưởng sản lượng quý | C21: đồng/kg/quý | D21: 50 | E21: 50 | F21: 50 | G21: Căn cứ vào mức sản lượng được ký kết trong hợp đồng/Phụ lục/PO Kết quả dựa trên giá trị lũy kế đạt được trong quý | H21: PL03: Thưởng sản lượng (có quy định sản lượng cam kết giao từng quý)
A22: 3.3 | B22: Chính sách thưởng sản lượng năm | C22: đồng/kg/năm | D22: 50 | E22: 50 | F22: 50 | G22: Căn cứ vào mức sản lượng được ký kết trong hợp đồng/Phụ lục/PO Kết quả dựa trên giá trị lũy kế đạt được trong năm | H22: PL03: Thưởng sản lượng (có quy định sản lượng cam kết giao từng năm)
A23: 4 | B23: Hỗ trợ vận chuyển | C23: đồng/chuyến | G23: Áp dụng cho NCC nằm trong khu vực được cấp thẩm quyền phê duyệt | H23: PL04: Vận chuyển hàng hóa + NCC tự vận chuyển: Áp dụng theo chính sách định mức hỗ trợ vận chuyển, số hiệu PU-CS-52 + Trạm/DTR tự lấy hàng: Không chi trả khoản hỗ trợ này
A24: 5 | B24: Hỗ trợ bì tạp | C24: %/chuyến | D24: 1 | E24: 1 | F24: 1 | G24: Áp dụng đối với chai B0 ép kiện (không trả bì tạp cho NCC) Tổng số lượng bì tạp sẽ được hỗ trợ tối đa 1% (Đối với chai B0 tròn: trừ bì tạp theo thực tế, trả lại bì tạp cho NCC) | H24: PL02: Thỏa thuận nhập hàng + % bì tạp < 1%: Không trừ bì tạp + % bì tạp > 1%: Trừ 1% bì tạp
A25: 6 | B25: Hỗ trợ chi phí lương cho nhân sự hành chính của đối tác | C25: đồng/tháng/NCC | D25: 5000000 | E25: 5000000 | F25: 5000000 | G25: Khoản hỗ trợ áp dụng theo hình thức khoán trọn gói. không căn cứ trên số lượng nhân sự thực tế Thời gian áp dụng: T01.2026-T06.2026 | H25: PL05: Thỏa thuận hợp tác Chi trả một phần lương mỗi tháng cho nhân viên hành chính (quản lý, kế toán, admin,…) phía NCC để yêu cầu báo cáo và cung cấp dữ liệu tuyến dưới theo yêu cầu
A26: 7 | B26: Bao tiêu sản lượng | C26: dịch vụ/tháng | G26: Cam kết nhận hàng ổn định từ đối tác, được xác định theo hợp đồng/phụ lục đã ký kết | H26: Chính sách nội bộ của DTR
A27: 8 | B27: Hỗ trợ đào tạo huấn luyện về nghiệp vụ và thị trường | C27: linh hoạt | G27: Theo kế hoạch triển khai với đối tác | H27: Chính sách nội bộ của DTR
A28: 9 | B28: Hỗ trợ chi phí thuê mặt bằng | C28: đồng/tháng | D28: 20000000 | E28: 20000000 | F28: 20000000 | G28: Áp dụng cho đối tượng theo danh sách được cấp thẩm quyền phê duyệt Mức hỗ trợ tối đa: 20.000.000 (tùy NCC) Thời gian hỗ trợ: 6 tháng | H28: PL05: Thỏa thuận hợp tác
A29: 10 | B29: Hỗ trợ bảo trì máy móc thiết bị | C29: đồng/quý | D29: 1000000 | E29: 1000000 | F29: 1000000 | G29: Khi đối tác có ký hợp đồng thuê máy móc thiết bị giá 1.000.000đ | H29: Hỏi lại có phát sinh NCC nào được thưởng chưa

Sheet 1. CS Hỗ trợ vận chuyển
A1: Quay lại
B2: ĐỊNH MỨC HỖ TRỢ VẬN CHUYỂN NCC TUYẾN DƯỚI CỦA 3 TRẠM
A4: Lưu ý: | B4: NCC tự vận chuyển: Áp dụng theo chính sách định mức hỗ trợ vận chuyển
B5: Trạm/DTR tự lấy hàng: Không chi trả khoản hỗ trợ này
A7: STT | B7: Khu vực | C7: Tỉnh mới | D7: Tỉnh cũ | E7: Trạm | F7: Khoảng cách trung bình (km) | G7: Cước vận chuyển tham khảo thực tế (đồng/kg) | H7: Mức hỗ trợ (đồng/kg)
A8: =ROWS($A$8:A8) -> 1 | B8: Bắc miền Trung | C8: Quảng Trị | D8: Quảng Trị | E8: Đại Lộc | F8: 1020 | G8: 1000 | H8: 500
A9: =ROWS($A$8:A9) -> 2 | B9: Bắc miền Trung | C9: Quảng Trị | D9: Quảng Bình | E9: Đại Lộc | F9: 1120 | G9: 1000 | H9: 500
A10: =ROWS($A$8:A10) -> 3 | B10: Bắc miền Trung | C10: Huế | D10: Huế | E10: Đại Lộc | F10: 944 | G10: 900 | H10: 500
A11: =ROWS($A$8:A11) -> 4 | B11: Bắc miền Trung | C11: Đà Nẵng | D11: Đà Nẵng | E11: Đại Lộc | F11: 861 | G11: 800 | H11: 500
A12: =ROWS($A$8:A12) -> 5 | B12: Bắc miền Trung | C12: Đà Nẵng | D12: Quảng Nam | E12: Đại Lộc | F12: 838 | G12: 800 | H12: 500
A13: =ROWS($A$8:A13) -> 6 | B13: Bắc miền Trung | C13: Quảng Ngãi | D13: Quảng Ngãi | E13: Đại Lộc | F13: 715 | G13: 700 | H13: 500
A14: =ROWS($A$8:A14) -> 7 | B14: Bắc miền Trung | C14: Quảng Ngãi | D14: Kon Tum | E14: Đại Lộc | F14: 709 | G14: 800 | H14: 500
A15: =ROWS($A$8:A15) -> 8 | B15: Nam miền Trung | C15: Khánh Hòa | D15: Khánh Hòa | E15: Đại Lộc | F15: 336 | G15: 500 | H15: 400
A16: =ROWS($A$8:A16) -> 9 | B16: Nam miền Trung | C16: Khánh Hòa | D16: Ninh Thuận | E16: Đại Lộc | F16: 262 | G16: 400 | H16: 400
A17: =ROWS($A$8:A17) -> 10 | B17: Nam miền Trung | C17: Đak Lak | D17: Đak Lak | E17: Đại Lộc | F17: 321 | G17: 600 | H17: 400
A18: =ROWS($A$8:A18) -> 11 | B18: Nam miền Trung | C18: Đak Lak | D18: Phú Yên | E18: Đại Lộc | F18: 445 | G18: 600 | H18: 400
A19: =ROWS($A$8:A19) -> 12 | B19: Nam miền Trung | C19: Lâm Đồng | D19: Lâm Đồng | E19: Đại Lộc | F19: 232 | G19: 500 | H19: 400
... A42: =ROWS($A$8:A42) -> 35 | B42: TPHCM | C42: TPHCM 3 | D42: Bình Dương | E42: Đại Lộc | F42: 100 | G42: 300 | H42: 300

Sheet 2.1. Thưởng NCC - ver1
A1: Quay lại
B2: THEO DÕI THƯỞNG NCC ĐỒNG HÀNH 3 TRẠM - ver 1
F4: Đvt: tấn | AT4: Đvt: đồng/kg | AW4: Đvt: triệu đồng | BA4: Đvt: đồng/kg | BH4: Đvt: triệu đồng | BY4: Đvt: đồng/kg
A5: STT | B5: Trạm | C5: Mã VMS | D5: NCC | E5: Khu vực | F5: Sản lượng ký kết | R5: Sản lượng thực tế | AD5: Sản lượng NCC tự VC | AP5: % TH sv TT | AT5: Giá mua TB | AW5: Thành tiền mua NVL | BA5: Mức thưởng sản lượng | BD5: Mức hỗ trợ vận chuyển | BH5: Thưởng SL | BK5: Hỗ trợ VC | BN5: Hỗ trợ mặt bằng | BQ5: Hỗ trợ admin | BU5: Tổng hỗ trợ | BY5: Giá mua bao gồm hỗ trợ | CB5: Giá TGĐ duyệt | CE5: Chỉ tiêu quý | CI5: Thực tế quý | CM5: Đơn giá | CN5: Thành tiền
F6: 1 | G6: 2 | H6: 3 | I6: 4 | J6: 5 | K6: 6 | L6: 7 | M6: 8 | N6: 9 | O6: 10 | P6: 11 | Q6: 12 | R6: 1 | S6: 2 | T6: 3 | U6: 4 | V6: 5 | W6: 6 | X6: 7 | Y6: 8 | Z6: 9 | AA6: 10 | AB6: 11 | AC6: 12 | AD6: 1 | AE6: 2 | AF6: 3 | AG6: 4 | AH6: 5 | AI6: 6 | AJ6: 7 | AK6: 8 | AL6: 9 | AM6: 10 | AN6: 11 | AO6: 12 | AP6: 1 | AQ6: 2 | AR6: 3 | AT6: 1 | AU6: 2 | AV6: 3 | AW6: 1 | AX6: 2 | AY6: 3 | BA6: 1 | BB6: 2 | BC6: 3 | BD6: 1 | BE6: 2 | BF6: 3 | BH6: 1 | BI6: 2 | BJ6: 3 | BK6: 1 | BL6: 2 | BM6: 3 | BN6: 1 | BO6: 2 | BP6: 3 | BQ6: 1 | BR6: 2 | BS6: 3 | BU6: 1 | BV6: 2 | BW6: 3 | BY6: 1 | BZ6: 2 | CA6: 3 | CB6: 1 | CC6: 2 | CD6: 3 | CE6: I | CF6: II | CG6: III | CH6: IV | CI6: I | CJ6: II | CK6: III | CL6: IV | CM6: All | CN6: I | CO6: II | CP6: III | CQ6: IV
A7: =ROWS($A$7:A7) -> 1 | B7: Đại Lộc | C7: 001J3000002HLZuIAO | D7: HKD Bùi Văn Dương | E7: Bình Dương | F7: 200 | G7: 100 | H7: 150 | I7: 200 | J7: 200 | K7: 200 | L7: 200 | M7: 200 | N7: 200 | O7: 200 | P7: 200 | Q7: 200 | R7: 286.462 | S7: 279.767 | T7: =143573/10^3 -> 143.573 | AD7: 286.462 | AE7: 279.767 | AF7: 143.573 | AP7: =IFERROR(R7/F7,0) -> 1.43231 | AQ7: =IFERROR(S7/G7,0) -> 2.79767 | AR7: =IFERROR(T7/H7,0) -> 0.95715333 | AT7: 9960.7501 | AU7: 9698.7685 | AW7: =AT7*R7/10^3 -> 2853.3764 | AX7: =AU7*S7/10^3 -> 2713.3954 | BA7: =IF(AP7<95%,0,150) -> 150 | BB7: =IF(AQ7<95%,0,150) -> 150 | BC7: =IF(AR7<95%,0,150) -> 150 | BD7: =_xlfn.XLOOKUP($E7,'1. CS Hỗ trợ vận chuyển'!$D$8:$D$42,'1. CS Hỗ trợ vận chuyển'!$H$8:$H$42) -> 300 | BE7: =_xlfn.XLOOKUP($E7,'1. CS Hỗ trợ vận chuyển'!$D$8:$D$42,'1. CS Hỗ trợ vận chuyển'!$H$8:$H$42) -> 300 | BF7: =_xlfn.XLOOKUP($E7,'1. CS Hỗ trợ vận chuyển'!$D$8:$D$42,'1. CS Hỗ trợ vận chuyển'!$H$8:$H$42) -> 300 | BH7: =BA7*R7/10^3 -> 42.9693 | BI7: =BB7*S7/10^3 -> 41.96505 | BJ7: =BC7*T7/10^3 -> 21.53595 | BK7: =AD7*BD7/10^3 -> 85.9386 | BL7: =AE7*BE7/10^3 -> 83.9301 | BM7: =AF7*BF7/10^3 -> 43.0719 | BU7: =SUM(BH7,BK7,BN7,BQ7) -> 128.9079 | BV7: =SUM(BI7,BL7,BO7,BR7) -> 125.89515 | BW7: =SUM(BJ7,BM7,BP7,BS7) -> 64.60785 | BY7: =IFERROR((SUM(BH7,BK7,BN7,BQ7)+(R7*AT7/10^3))/R7*10^3,0) -> 10410.75 | BZ7: =IFERROR((SUM(BI7,BL7,BO7,BR7)+(S7*AU7/10^3))/S7*10^3,0) -> 10148.768 | CB7: 10000 | CC7: 10000 | CD7: 10000 | CR7: Có note nếu trạm tự vận chuyển thì không tính đơn giá hỗ trợ
A8: =ROWS($A$7:A8) -> 2 | B8: Đại Lộc | C8: 001J3000002HqzBIAS | D8: HKD Vạn Phát | E8: Ninh Thuận | F8: 30 | G8: 30 | H8: 50 | R8: 28.539 | S8: 31.65 | T8: =27878/10^3 -> 27.878 | AD8: 28.539 | AE8: 31.65 | AF8: 27.878 | AP8: =IFERROR(R8/F8,0) -> 0.9513 | AQ8: =IFERROR(S8/G8,0) -> 1.055 | AR8: =IFERROR(T8/H8,0) -> 0.55756 | AT8: 9891.7446 | AU8: 9610.6919 | AW8: =AT8*R8/10^3 -> 282.3005 | AX8: =AU8*S8/10^3 -> 304.1784 | BA8: =IF(AP8<95%,0,150) -> 150 | BB8: =IF(AQ8<95%,0,150) -> 150 | BC8: =IF(AR8<95%,0,150) -> 0 | BD8: =_xlfn.XLOOKUP($E8,'1. CS Hỗ trợ vận chuyển'!$D$8:$D$42,'1. CS Hỗ trợ vận chuyển'!$H$8:$H$42) -> 400 | BE8: =_xlfn.XLOOKUP($E8,'1. CS Hỗ trợ vận chuyển'!$D$8:$D$42,'1. CS Hỗ trợ vận chuyển'!$H$8:$H$42) -> 400 | BF8: =_xlfn.XLOOKUP($E8,'1. CS Hỗ trợ vận chuyển'!$D$8:$D$42,'1. CS Hỗ trợ vận chuyển'!$H$8:$H$42) -> 400 | BH8: =BA8*R8/10^3 -> 4.28085 | BI8: =BB8*S8/10^3 -> 4.7475 | BJ8: =BC8*T8/10^3 -> 0 | BK8: =AD8*BD8/10^3 -> 11.4156 | BL8: =AE8*BE8/10^3 -> 12.66 | BM8: =AF8*BF8/10^3 -> 11.1512 | BU8: =SUM(BH8,BK8,BN8,BQ8) -> 15.69645 | BV8: =SUM(BI8,BL8,BO8,BR8) -> 17.4075 | BW8: =SUM(BJ8,BM8,BP8,BS8) -> 11.1512 | BY8: =IFERROR((SUM(BH8,BK8,BN8,BQ8)+(R8*AT8/10^3))/R8*10^3,0) -> 10441.745 | BZ8: =IFERROR((SUM(BI8,BL8,BO8,BR8)+(S8*AU8/10^3))/S8*10^3,0) -> 10160.692 | CB8: 10000 | CC8: 10000 | CD8: 10000
A9: =ROWS($A$7:A9) -> 3 | B9: Đại Lộc | C9: 001J3000005FztKIAS | D9: HKD Đinh Thị Thúy | E9: Phú Yên | F9: 50 | G9: 30 | H9: 60 | I9: 70 | J9: 90 | K9: 100 | L9: 100 | M9: 100 | N9: 100 | O9: 100 | P9: 100 | Q9: 100 | R9: 62.032 | S9: 32.518 | T9: =78429/10^3 -> 78.429 | AD9: 62.032 | AE9: 32.518 | AF9: 78.429 | AP9: =IFERROR(R9/F9,0) -> 1.24064 | AQ9: =IFERROR(S9/G9,0) -> 1.0839333 | AR9: =IFERROR(T9/H9,0) -> 1.30715 | AT9: 9996.6791 | AU9: 9694.9013 | AW9: =AT9*R9/10^3 -> 620.114 | AX9: =AU9*S9/10^3 -> 315.2588 | BA9: =IF(AP9<95%,0,150) -> 150 | BB9: =IF(AQ9<95%,0,150) -> 150 | BC9: =IF(AR9<95%,0,150) -> 150 | BD9: =_xlfn.XLOOKUP($E9,'1. CS Hỗ trợ vận chuyển'!$D$8:$D$42,'1. CS Hỗ trợ vận chuyển'!$H$8:$H$42) -> 400 | BE9: =_xlfn.XLOOKUP($E9,'1. CS Hỗ trợ vận chuyển'!$D$8:$D$42,'1. CS Hỗ trợ vận chuyển'!$H$8:$H$42) -> 400 | BF9: =_xlfn.XLOOKUP($E9,'1. CS Hỗ trợ vận chuyển'!$D$8:$D$42,'1. CS Hỗ trợ vận chuyển'!$H$8:$H$42) -> 400 | BH9: =BA9*R9/10^3 -> 9.3048 | BI9: =BB9*S9/10^3 -> 4.8777 | BJ9: =BC9*T9/10^3 -> 11.76435 | BK9: =AD9*BD9/10^3 -> 24.8128 | BL9: =AE9*BE9/10^3 -> 13.0072 | BM9: =AF9*BF9/10^3 -> 31.3716 | BU9: =SUM(BH9,BK9,BN9,BQ9) -> 34.1176 | BV9: =SUM(BI9,BL9,BO9,BR9) -> 17.8849 | BW9: =SUM(BJ9,BM9,BP9,BS9) -> 43.13595 | BY9: =IFERROR((SUM(BH9,BK9,BN9,BQ9)+(R9*AT9/10^3))/R9*10^3,0) -> 10546.679 | BZ9: =IFERROR((SUM(BI9,BL9,BO9,BR9)+(S9*AU9/10^3))/S9*10^3,0) -> 10244.901 | CB9: 10000 | CC9: 10000 | CD9: 10000
A10: =ROWS($A$7:A10) -> 4 | B10: Đại Lộc | C10: 001J300000AtDEeIAN | D10: HKD Hoàng Vân - Trần Duy Nhất | E10: Khánh Hòa | F10: 80 | G10: 50 | H10: 80 | I10: 110 | J10: 110 | K10: 120 | L10: 120 | M10: 120 | N10: 120 | O10: 80 | P10: 80 | Q10: 100 | R10: 85.92 | S10: 36.857 | T10: =88111/10^3 -> 88.111 | AD10: 85.92 | AE10: 36.857 | AF10: 88.111 | AP10: =IFERROR(R10/F10,0) -> 1.074 | AQ10: =IFERROR(S10/G10,0) -> 0.73714 | AR10: =IFERROR(T10/H10,0) -> 1.1013875 | AT10: 9704.4693 | AU10: 9369.9514 | AW10: =AT10*R10/10^3 -> 833.808 | AX10: =AU10*S10/10^3 -> 345.3483 | BA10: =IF(AP10<95%,0,150) -> 150 | BB10: =IF(AQ10<95%,0,150) -> 0 | BC10: =IF(AR10<95%,0,150) -> 150 | BD10: =_xlfn.XLOOKUP($E10,'1. CS Hỗ trợ vận chuyển'!$D$8:$D$42,'1. CS Hỗ trợ vận chuyển'!$H$8:$H$42) -> 400 | BE10: =_xlfn.XLOOKUP($E10,'1. CS Hỗ trợ vận chuyển'!$D$8:$D$42,'1. CS Hỗ trợ vận chuyển'!$H$8:$H$42) -> 400 | BF10: =_xlfn.XLOOKUP($E10,'1. CS Hỗ trợ vận chuyển'!$D$8:$D$42,'1. CS Hỗ trợ vận chuyển'!$H$8:$H$42) -> 400 | BH10: =BA10*R10/10^3 -> 12.888 | BI10: =BB10*S10/10^3 -> 0 | BJ10: =BC10*T10/10^3 -> 13.21665 | BK10: =AD10*BD10/10^3 -> 34.368 | BL10: =AE10*BE10/10^3 -> 14.7428 | BM10: =AF10*BF10/10^3 -> 35.2444 | BU10: =SUM(BH10,BK10,BN10,BQ10) -> 47.256 | BV10: =SUM(BI10,BL10,BO10,BR10) -> 14.7428 | BW10: =SUM(BJ10,BM10,BP10,BS10) -> 48.46105 | BY10: =IFERROR((SUM(BH10,BK10,BN10,BQ10)+(R10*AT10/10^3))/R10*10^3,0) -> 10254.469 | BZ10: =IFERROR((SUM(BI10,BL10,BO10,BR10)+(S10*AU10/10^3))/S10*10^3,0) -> 9769.9514 | CB10: 10000 | CC10: 10000 | CD10: 10000
A11: =ROWS($A$7:A11) -> 5 | B11: Đại Lộc | C11: 001J3000002HLfXIAW | D11: HKD Hồ Hoàng | E11: Quảng Nam | F11: 80 | G11: 40 | H11: 60 | I11: 100 | J11: 100 | K11: 100 | L11: 120 | M11: 120 | N11: 120 | O11: 100 | P11: 80 | Q11: 80 | R11: 38.842 | S11: 0 | T11: =40075/10^3 -> 40.075 | AD11: 38.842 | AE11: 0 | AF11: 40.075 | AP11: =IFERROR(R11/F11,0) -> 0.485525 | AQ11: =IFERROR(S11/G11,0) -> 0 | AR11: =IFERROR(T11/H11,0) -> 0.66791667 | AT11: 9659.4485 | AU11: 0 | AW11: =AT11*R11/10^3 -> 375.1923 | AX11: =AU11*S11/10^3 -> 0 | BA11: =IF(AP11<95%,0,150) -> 0 | BB11: =IF(AQ11<95%,0,150) -> 0 | BC11: =IF(AR11<95%,0,150) -> 0 | BD11: =_xlfn.XLOOKUP($E11,'1. CS Hỗ trợ vận chuyển'!$D$8:$D$42,'1. CS Hỗ trợ vận chuyển'!$H$8:$H$42) -> 500 | BE11: =_xlfn.XLOOKUP($E11,'1. CS Hỗ trợ vận chuyển'!$D$8:$D$42,'1. CS Hỗ trợ vận chuyển'!$H$8:$H$42) -> 500 | BF11: =_xlfn.XLOOKUP($E11,'1. CS Hỗ trợ vận chuyển'!$D$8:$D$42,'1. CS Hỗ trợ vận chuyển'!$H$8:$H$42) -> 500 | BH11: =BA11*R11/10^3 -> 0 | BI11: =BB11*S11/10^3 -> 0 | BJ11: =BC11*T11/10^3 -> 0 | BK11: =AD11*BD11/10^3 -> 19.421 | BL11: =AE11*BE11/10^3 -> 0 | BM11: =AF11*BF11/10^3 -> 20.0375 | BU11: =SUM(BH11,BK11,BN11,BQ11) -> 19.421 | BV11: =SUM(BI11,BL11,BO11,BR11) -> 0 | BW11: =SUM(BJ11,BM11,BP11,BS11) -> 20.0375 | BY11: =IFERROR((SUM(BH11,BK11,BN11,BQ11)+(R11*AT11/10^3))/R11*10^3,0) -> 10159.449 | BZ11: =IFERROR((SUM(BI11,BL11,BO11,BR11)+(S11*AU11/10^3))/S11*10^3,0) -> 0 | CB11: 10000 | CC11: 10000 | CD11: 10000
A12: =ROWS($A$7:A12) -> 6 | B12: Đại Lộc | C12: 001J3000002HLjfIAG | D12: HKD Tâm Tường | E12: Quảng Ngãi | F12: 50 | G12: 30 | H12: 60 | I12: 70 | J12: 70 | K12: 70 | L12: 90 | M12: 100 | N12: 100 | O12: 100 | P12: 80 | Q12: 80 | R12: 62.456 | S12: 16.62 | T12: =71823/10^3 -> 71.823 | AD12: 62.456 | AE12: 16.62 | AF12: 71.823 | AP12: =IFERROR(R12/F12,0) -> 1.24912 | AQ12: =IFERROR(S12/G12,0) -> 0.554 | AR12: =IFERROR(T12/H12,0) -> 1.19705 | AT12: 9962.1077 | AU12: 9800 | AW12: =AT12*R12/10^3 -> 622.1934 | AX12: =AU12*S12/10^3 -> 162.876 | BA12: =IF(AP12<95%,0,150) -> 150 | BB12: =IF(AQ12<95%,0,150) -> 0 | BC12: =IF(AR12<95%,0,150) -> 150 | BD12: =_xlfn.XLOOKUP($E12,'1. CS Hỗ trợ vận chuyển'!$D$8:$D$42,'1. CS Hỗ trợ vận chuyển'!$H$8:$H$42) -> 500 | BE12: =_xlfn.XLOOKUP($E12,'1. CS Hỗ trợ vận chuyển'!$D$8:$D$42,'1. CS Hỗ trợ vận chuyển'!$H$8:$H$42) -> 500 | BF12: =_xlfn.XLOOKUP($E12,'1. CS Hỗ trợ vận chuyển'!$D$8:$D$42,'1. CS Hỗ trợ vận chuyển'!$H$8:$H$42) -> 500 | BH12: =BA12*R12/10^3 -> 9.3684 | BI12: =BB12*S12/10^3 -> 0 | BJ12: =BC12*T12/10^3 -> 10.77345 | BK12: =AD12*BD12/10^3 -> 31.228 | BL12: =AE12*BE12/10^3 -> 8.31 | BM12: =AF12*BF12/10^3 -> 35.9115 | BU12: =SUM(BH12,BK12,BN12,BQ12) -> 40.5964 | BV12: =SUM(BI12,BL12,BO12,BR12) -> 8.31 | BW12: =SUM(BJ12,BM12,BP12,BS12) -> 46.68495 | BY12: =IFERROR((SUM(BH12,BK12,BN12,BQ12)+(R12*AT12/10^3))/R12*10^3,0) -> 10612.108 | BZ12: =IFERROR((SUM(BI12,BL12,BO12,BR12)+(S12*AU12/10^3))/S12*10^3,0) -> 10300 | CB12: 10000 | CC12: 10000 | CD12: 10000
A13: =ROWS($A$7:A13) -> 7 | B13: Đại Lộc | C13: 001J3000002HLbQIAW | D13: Thương Viên (Pleiku) | E13: Gia Lai | F13: 80 | G13: 40 | H13: 100 | R13: 136.231 | S13: 47.68 | T13: =131462/10^3 -> 131.462 | AD13: 136.231 | AE13: 47.68 | AF13: 131.462 | AP13: =IFERROR(R13/F13,0) -> 1.7028875 | AQ13: =IFERROR(S13/G13,0) -> 1.192 | AR13: =IFERROR(T13/H13,0) -> 1.31462 | AT13: 10000 | AU13: 9709.633 | AW13: =AT13*R13/10^3 -> 1362.31 | AX13: =AU13*S13/10^3 -> 462.9553 | BA13: =IF(AP13<95%,0,150) -> 150 | BB13: =IF(AQ13<95%,0,150) -> 150 | BC13: =IF(AR13<95%,0,150) -> 150 | BD13: =_xlfn.XLOOKUP($E13,'1. CS Hỗ trợ vận chuyển'!$D$8:$D$42,'1. CS Hỗ trợ vận chuyển'!$H$8:$H$42) -> 500 | BE13: =_xlfn.XLOOKUP($E13,'1. CS Hỗ trợ vận chuyển'!$D$8:$D$42,'1. CS Hỗ trợ vận chuyển'!$H$8:$H$42) -> 500 | BF13: =_xlfn.XLOOKUP($E13,'1. CS Hỗ trợ vận chuyển'!$D$8:$D$42,'1. CS Hỗ trợ vận chuyển'!$H$8:$H$42) -> 500 | BH13: =BA13*R13/10^3 -> 20.43465 | BI13: =BB13*S13/10^3 -> 7.152 | BJ13: =BC13*T13/10^3 -> 19.7193 | BK13: =AD13*BD13/10^3 -> 68.1155 | BL13: =AE13*BE13/10^3 -> 23.84 | BM13: =AF13*BF13/10^3 -> 65.731 | BU13: =SUM(BH13,BK13,BN13,BQ13) -> 88.55015 | BV13: =SUM(BI13,BL13,BO13,BR13) -> 30.992 | BW13: =SUM(BJ13,BM13,BP13,BS13) -> 85.4503 | BY13: =IFERROR((SUM(BH13,BK13,BN13,BQ13)+(R13*AT13/10^3))/R13*10^3,0) -> 10650 | BZ13: =IFERROR((SUM(BI13,BL13,BO13,BR13)+(S13*AU13/10^3))/S13*10^3,0) -> 10359.633 | CB13: 10000 | CC13: 10000 | CD13: 10000
A14: =ROWS($A$7:A14) -> 8 | B14: Đại Lộc | C14: 001J3000002HqzBIAS | D14: Anh Danh (Ninh Thuận) | E14: Ninh Thuận | F14: 15 | R14: 12.453 | S14: 0 | T14: 0 | AD14: 12.453 | AE14: 0 | AF14: 0 | AP14: =IFERROR(R14/F14,0) -> 0.8302 | AQ14: =IFERROR(S14/G14,0) -> 0 | AR14: =IFERROR(T14/H14,0) -> 0 | AW14: =AT14*R14/10^3 -> 0 | AX14: =AU14*S14/10^3 -> 0 | BA14: =IF(AP14<95%,0,150) -> 0 | BB14: =IF(AQ14<95%,0,150) -> 0 | BC14: =IF(AR14<95%,0,150) -> 0 | BD14: =_xlfn.XLOOKUP($E14,'1. CS Hỗ trợ vận chuyển'!$D$8:$D$42,'1. CS Hỗ trợ vận chuyển'!$H$8:$H$42) -> 400 | BE14: =_xlfn.XLOOKUP($E14,'1. CS Hỗ trợ vận chuyển'!$D$8:$D$42,'1. CS Hỗ trợ vận chuyển'!$H$8:$H$42) -> 400 | BF14: =_xlfn.XLOOKUP($E14,'1. CS Hỗ trợ vận chuyển'!$D$8:$D$42,'1. CS Hỗ trợ vận chuyển'!$H$8:$H$42) -> 400 | BH14: =BA14*R14/10^3 -> 0 | BI14: =BB14*S14/10^3 -> 0 | BJ14: =BC14*T14/10^3 -> 0 | BK14: =AD14*BD14/10^3 -> 4.9812 | BL14: =AE14*BE14/10^3 -> 0 | BM14: =AF14*BF14/10^3 -> 0 | BU14: =SUM(BH14,BK14,BN14,BQ14) -> 4.9812 | BV14: =SUM(BI14,BL14,BO14,BR14) -> 0 | BW14: =SUM(BJ14,BM14,BP14,BS14) -> 0
A15: =ROWS($A$7:A15) -> 9 | B15: Đại Lộc | C15: 001J3000002HLlsIAG | D15: HKD Trần Thị Phương | E15: Đà Nẵng | H15: 60 | R15: 0 | S15: 0 | T15: =63790/10^3 -> 63.79 | AD15: 0 | AE15: 0 | AF15: 63.79 | AP15: =IFERROR(R15/F15,0) -> 0 | AQ15: =IFERROR(S15/G15,0) -> 0 | AR15: =IFERROR(T15/H15,0) -> 1.0631667 | AW15: =AT15*R15/10^3 -> 0 | AX15: =AU15*S15/10^3 -> 0 | BA15: =IF(AP15<95%,0,150) -> 0 | BB15: =IF(AQ15<95%,0,150) -> 0 | BC15: =IF(AR15<95%,0,150) -> 150 | BD15: =_xlfn.XLOOKUP($E15,'1. CS Hỗ trợ vận chuyển'!$D$8:$D$42,'1. CS Hỗ trợ vận chuyển'!$H$8:$H$42) -> 500 | BE15: =_xlfn.XLOOKUP($E15,'1. CS Hỗ trợ vận chuyển'!$D$8:$D$42,'1. CS Hỗ trợ vận chuyển'!$H$8:$H$42) -> 500 | BF15: =_xlfn.XLOOKUP($E15,'1. CS Hỗ trợ vận chuyển'!$D$8:$D$42,'1. CS Hỗ trợ vận chuyển'!$H$8:$H$42) -> 500 | BH15: =BA15*R15/10^3 -> 0 | BI15: =BB15*S15/10^3 -> 0 | BJ15: =BC15*T15/10^3 -> 9.5685 | BK15: =AD15*BD15/10^3 -> 0 | BL15: =AE15*BE15/10^3 -> 0 | BM15: =AF15*BF15/10^3 -> 31.895 | BU15: =SUM(BH15,BK15,BN15,BQ15) -> 0 | BV15: =SUM(BI15,BL15,BO15,BR15) -> 0 | BW15: =SUM(BJ15,BM15,BP15,BS15) -> 41.4635
B16: TỔNG ĐẠI LỘC | F16: =SUM(F7:F15) -> 585 | G16: =SUM(G7:G15) -> 320 | H16: =SUM(H7:H15) -> 620 | I16: =SUM(I7:I15) -> 550 | J16: =SUM(J7:J15) -> 570 | K16: =SUM(K7:K15) -> 590 | L16: =SUM(L7:L15) -> 630 | M16: =SUM(M7:M15) -> 640 | ... AO16: =SUM(AO7:AO15) -> 0 | AP16: =IFERROR(R16/F16,0) -> 1.2186923 | AQ16: =IFERROR(S16/G16,0) -> 1.3909125 | AR16: =IFERROR(T16/H16,0) -> 1.04055 | AW16: =SUM(AW7:AW15) -> 6949.2946 | AX16: =SUM(AX7:AX15) -> 4304.0122 | BA16: =SUM(BA7:BA15) -> 900 | BB16: =SUM(BB7:BB15) -> 600 | BC16: =SUM(BC7:BC15) -> 900 | BD16: =SUM(BD7:BD15) -> 3900 | BE16: =SUM(BE7:BE15) -> 3900 | BF16: =SUM(BF7:BF15) -> 3900 | BH16: =SUM(BH7:BH15) -> 99.246 | BI16: =SUM(BI7:BI15) -> 58.74225 | BJ16: =SUM(BJ7:BJ15) -> 86.5782 | BK16: =SUM(BK7:BK15) -> 280.2807 | BL16: =SUM(BL7:BL15) -> 156.4901 | BM16: =SUM(BM7:BM15) -> 274.4141 | BN16: =SUM(BN7:BN15) -> 0 | BO16: =SUM(BO7:BO15) -> 0 | ... BS16: =SUM(BS7:BS15) -> 0 | BU16: =SUM(BU7:BU15) -> 379.5267 | BV16: =SUM(BV7:BV15) -> 215.23235 | BW16: =SUM(BW7:BW15) -> 360.9923
A17: =ROWS($A$7:A17) -> 11 | B17: Đồng Lâm | C17: 001dc000014oE0DAAU | D17: Hộ Kinh Doanh An Tâm | E17: Kiên Giang | F17: 20 | G17: 20 | H17: 30 | I17: 40 | J17: 40 | K17: 40 | L17: 50 | M17: 50 | N17: 50 | O17: 60 | P17: 60 | Q17: 60 | R17: 7.846 | S17: 20.579 | T17: 8.811 | AD17: 7.846 | AE17: 20.579 | AF17: 8.811 | AP17: =IFERROR(R17/F17,0) -> 0.3923 | AQ17: =IFERROR(S17/G17,0) -> 1.02895 | AR17: =IFERROR(T17/H17,0) -> 0.2937 | AT17: 9700 | AU17: 9472.6689 | AW17: =AT17*R17/10^3 -> 76.1062 | AX17: =AU17*S17/10^3 -> 194.93805 | AY17: =AV17*T17/10^3 -> 0 | BA17: =IF(AP17<95%,0,150) -> 0 | BB17: =IF(AQ17<95%,0,150) -> 150 | BC17: =IF(AR17<95%,0,150) -> 0 | BD17: =_xlfn.XLOOKUP($E17,'1. CS Hỗ trợ vận chuyển'!$D$8:$D$42,'1. CS Hỗ trợ vận chuyển'!$H$8:$H$42) -> 400 | BE17: =_xlfn.XLOOKUP($E17,'1. CS Hỗ trợ vận chuyển'!$D$8:$D$42,'1. CS Hỗ trợ vận chuyển'!$H$8:$H$42) -> 400 | BF17: =_xlfn.XLOOKUP($E17,'1. CS Hỗ trợ vận chuyển'!$D$8:$D$42,'1. CS Hỗ trợ vận chuyển'!$H$8:$H$42) -> 400 | BH17: =BA17*R17/10^3 -> 0 | BI17: =BB17*S17/10^3 -> 3.08685 | BJ17: =BC17*T17/10^3 -> 0 | BK17: =AD17*BD17/10^3 -> 3.1384 | BL17: =AE17*BE17/10^3 -> 8.2316 | BM17: =AF17*BF17/10^3 -> 3.5244 | BN17: =10000000/10^6 -> 10 | BO17: =10000000/10^6 -> 10 | BP17: 10 | BQ17: =5000000/10^6 -> 5 | BR17: =5000000/10^6 -> 5 | BS17: 5 | BU17: =SUM(BH17,BK17,BN17,BQ17) -> 18.1384 | BV17: =SUM(BI17,BL17,BO17,BR17) -> 26.31845 | BW17: =SUM(BJ17,BM17,BP17,BS17) -> 18.5244 | BY17: =IFERROR((SUM(BH17,BK17,BN17,BQ17)+(R17*AT17/10^3))/R17*10^3,0) -> 12011.802 | BZ17: =IFERROR((SUM(BI17,BL17,BO17,BR17)+(S17*AU17/10^3))/S17*10^3,0) -> 10751.567 | CB17: 10000 | CC17: 10000 | CD17: 10000 | CE17: =SUM(F17:H17) -> 70 | CI17: =SUM(R17:T17) -> 37.236 | CM17: =IF(OR(CI17/CE17=1,CI17/CE17>1),50,0) -> 0 | CN17: =CI17*CM17*10^3 -> 0
A18: =ROWS($A$7:A18) -> 12 | B18: Đồng Lâm | C18: 001dc000014o4lcAAA | D18: Công Ty TNHH Thiện An Recycling | E18: Cà Mau | F18: 25 | G18: 20 | H18: 40 | I18: 50 | J18: 50 | K18: 50 | L18: 60 | M18: 60 | N18: 60 | O18: 60 | P18: 60 | Q18: 60 | R18: 27.077 | S18: 20.287 | T18: 44.265 | AD18: 0 | AE18: 6.11 | AF18: 0 | AP18: =IFERROR(R18/F18,0) -> 1.08308 | AQ18: =IFERROR(S18/G18,0) -> 1.01435 | AR18: =IFERROR(T18/H18,0) -> 1.106625 | AT18: 9700 | AU18: 9628.8479 | AW18: =AT18*R18/10^3 -> 262.6469 | AX18: =AU18*S18/10^3 -> 195.34044 | AY18: =AV18*T18/10^3 -> 0 | BA18: =IF(AP18<95%,0,150) -> 150 | BB18: =IF(AQ18<95%,0,150) -> 150 | BC18: =IF(AR18<95%,0,150) -> 150 | BD18: =_xlfn.XLOOKUP($E18,'1. CS Hỗ trợ vận chuyển'!$D$8:$D$42,'1. CS Hỗ trợ vận chuyển'!$H$8:$H$42) -> 400 | BE18: =_xlfn.XLOOKUP($E18,'1. CS Hỗ trợ vận chuyển'!$D$8:$D$42,'1. CS Hỗ trợ vận chuyển'!$H$8:$H$42) -> 400 | BF18: =_xlfn.XLOOKUP($E18,'1. CS Hỗ trợ vận chuyển'!$D$8:$D$42,'1. CS Hỗ trợ vận chuyển'!$H$8:$H$42) -> 400 | BH18: =BA18*R18/10^3 -> 4.06155 | BI18: =BB18*S18/10^3 -> 3.04305 | BJ18: =BC18*T18/10^3 -> 6.63975 | BK18: =AD18*BD18/10^3 -> 0 | BL18: =AE18*BE18/10^3 -> 2.444 | BM18: =AF18*BF18/10^3 -> 0 | BN18: =10000000/10^6 -> 10 | BO18: =10000000/10^6 -> 10 | BP18: =10000000/10^6 -> 10 | BQ18: =5000000/10^6 -> 5 | BR18: =5000000/10^6 -> 5 | BS18: =5000000/10^6 -> 5 | BU18: =SUM(BH18,BK18,BN18,BQ18) -> 19.06155 | BV18: =SUM(BI18,BL18,BO18,BR18) -> 20.48705 | BW18: =SUM(BJ18,BM18,BP18,BS18) -> 21.63975 | BY18: =IFERROR((SUM(BH18,BK18,BN18,BQ18)+(R18*AT18/10^3))/R18*10^3,0) -> 10403.976 | BZ18: =IFERROR((SUM(BI18,BL18,BO18,BR18)+(S18*AU18/10^3))/S18*10^3,0) -> 10638.709 | CB18: 10000 | CC18: 10000 | CD18: 10000 | CE18: =SUM(F18:H18) -> 85 | CI18: =SUM(R18:T18) -> 91.629 | CM18: =IF(OR(CI18/CE18=1,CI18/CE18>1),50,0) -> 50 | CN18: =CI18*CM18*10^3 -> 4581450
B19: TỔNG ĐỒNG LÂM | F19: =SUM(F17:F18) -> 45 | G19: =SUM(G17:G18) -> 40 | H19: =SUM(H17:H18) -> 70 | I19: =SUM(I17:I18) -> 90 | J19: =SUM(J17:J18) -> 90 | K19: =SUM(K17:K18) -> 90 | L19: =SUM(L17:L18) -> 110 | M19: =SUM(M17:M18) -> 110 | ... AO19: =SUM(AO17:AO18) -> 0 | AP19: =IFERROR(R19/F19,0) -> 0.77606667 | AQ19: =IFERROR(S19/G19,0) -> 1.02165 | AR19: =IFERROR(T19/H19,0) -> 0.75822857 | AW19: =SUM(AW17:AW18) -> 338.7531 | AX19: =SUM(AX17:AX18) -> 390.27849 | BH19: =SUM(BH17:BH18) -> 4.06155 | BI19: =SUM(BI17:BI18) -> 6.1299 | BJ19: =SUM(BJ17:BJ18) -> 6.63975 | BK19: =SUM(BK17:BK18) -> 3.1384 | BL19: =SUM(BL17:BL18) -> 10.6756 | BM19: =SUM(BM17:BM18) -> 3.5244 | BN19: =SUM(BN17:BN18) -> 20 | BO19: =SUM(BO17:BO18) -> 20 | ... BS19: =SUM(BS17:BS18) -> 10 | BU19: =SUM(BU17:BU18) -> 37.19995 | BV19: =SUM(BV17:BV18) -> 46.8055 | BW19: =SUM(BW17:BW18) -> 40.16415
A20: =ROWS($A$7:A20) -> 14 | B20: Khánh Nga | C20: 001J3000002HLmlIAG | D20: HKD Nguyễn Thị Thúy An | E20: Tây Ninh | F20: 100 | G20: 0 | H20: 0 | I20: 0 | J20: 0 | K20: 0 | L20: 0 | M20: 0 | N20: 0 | O20: 0 | P20: 0 | Q20: 0 | R20: 103.225 | S20: 0 | T20: 0 | AD20: 103.225 | AE20: 0 | AF20: 0 | AP20: =IFERROR(R20/F20,0) -> 1.03225 | AQ20: =IFERROR(S20/G20,0) -> 0 | AR20: =IFERROR(T20/H20,0) -> 0 | AT20: 9700 | AU20: 9615.7426 | AW20: =AT20*R20/10^3 -> 1001.2825 | AX20: =AU20*S20/10^3 -> 0 | BA20: =IF(AP20<95%,0,150) -> 150 | BB20: =IF(AQ20<95%,0,150) -> 0 | BC20: =IF(AR20<95%,0,150) -> 0 | BD20: =_xlfn.XLOOKUP($E20,'1. CS Hỗ trợ vận chuyển'!$D$8:$D$42,'1. CS Hỗ trợ vận chuyển'!$H$8:$H$42) -> 300 | BE20: =_xlfn.XLOOKUP($E20,'1. CS Hỗ trợ vận chuyển'!$D$8:$D$42,'1. CS Hỗ trợ vận chuyển'!$H$8:$H$42) -> 300 | BF20: =_xlfn.XLOOKUP($E20,'1. CS Hỗ trợ vận chuyển'!$D$8:$D$42,'1. CS Hỗ trợ vận chuyển'!$H$8:$H$42) -> 300 | BH20: =BA20*R20/10^3 -> 15.48375 | BI20: =BB20*S20/10^3 -> 0 | BJ20: =BC20*T20/10^3 -> 0 | BK20: =AD20*BD20/10^3 -> 30.9675 | BL20: =AE20*BE20/10^3 -> 0 | BM20: =AF20*BF20/10^3 -> 0 | BN20: 0 | BO20: 0 | BP20: 0 | BQ20: 0 | BR20: 0 | BS20: 0 | BU20: =SUM(BH20,BK20,BN20,BQ20) -> 46.45125 | BV20: =SUM(BI20,BL20,BO20,BR20) -> 0 | BW20: =SUM(BJ20,BM20,BP20,BS20) -> 0 | BY20: =IFERROR((SUM(BH20,BK20,BN20,BQ20)+(R20*AT20/10^3))/R20*10^3,0) -> 10150 | BZ20: =IFERROR((SUM(BI20,BL20,BO20,BR20)+(S20*AU20/10^3))/S20*10^3,0) -> 0 | CB20: 10000 | CC20: 10000 | CD20: 10000 | CE20: =SUM(F20:H20) -> 100 | CI20: =SUM(R20:T20) -> 103.225 | CM20: =IF(OR(CI20/CE20=1,CI20/CE20>1),50,0) -> 50 | CN20: =CI20*CM20*10^3 -> 5161250 | CR20: Từ T2.26 chuyển sang công ty Phước Lộc Tân
B21: Khánh Nga | C21: 001J3000002HLmlIAG | D21: Công ty Phước Lộc Tân | E21: Tây Ninh | F21: 0 | G21: 50 | H21: 100 | I21: 100 | J21: 100 | K21: 100 | L21: 100 | M21: 100 | N21: 100 | O21: 100 | P21: 100 | Q21: 100 | S21: 78.64 | T21: =137630/10^3 -> 137.63 | AE21: 78.64 | AF21: 137.63 | AP21: =IFERROR(R21/F21,0) -> 0 | AQ21: =IFERROR(S21/G21,0) -> 1.5728 | AR21: =IFERROR(T21/H21,0) -> 1.3763 | BA21: =IF(AP21<95%,0,150) -> 0 | BB21: =IF(AQ21<95%,0,150) -> 150 | BC21: =IF(AR21<95%,0,150) -> 150 | BD21: =_xlfn.XLOOKUP($E21,'1. CS Hỗ trợ vận chuyển'!$D$8:$D$42,'1. CS Hỗ trợ vận chuyển'!$H$8:$H$42) -> 300 | BE21: =_xlfn.XLOOKUP($E21,'1. CS Hỗ trợ vận chuyển'!$D$8:$D$42,'1. CS Hỗ trợ vận chuyển'!$H$8:$H$42) -> 300 | BF21: =_xlfn.XLOOKUP($E21,'1. CS Hỗ trợ vận chuyển'!$D$8:$D$42,'1. CS Hỗ trợ vận chuyển'!$H$8:$H$42) -> 300 | BH21: =BA21*R21/10^3 -> 0 | BI21: =BB21*S21/10^3 -> 11.796 | BJ21: =BC21*T21/10^3 -> 20.6445 | BK21: =AD21*BD21/10^3 -> 0 | BL21: =AE21*BE21/10^3 -> 23.592 | BM21: =AF21*BF21/10^3 -> 41.289 | BN21: 0 | BO21: 0 | BP21: 0 | BQ21: 0 | BR21: 0 | BS21: 0 | BU21: =SUM(BH21,BK21,BN21,BQ21) -> 0 | BV21: =SUM(BI21,BL21,BO21,BR21) -> 35.388 | BW21: =SUM(BJ21,BM21,BP21,BS21) -> 61.9335 | CE21: =SUM(F21:H21) -> 150 | CI21: =SUM(R21:T21) -> 216.27 | CM21: =IF(OR(CI21/CE21=1,CI21/CE21>1),50,0) -> 50 | CN21: =CI21*CM21*10^3 -> 10813500
B22: Khánh Nga | C22: 001J3000002HLZuIAO | D22: HKD Bùi Văn Dương | E22: Bình Dương | F22: 0 | G22: 0 | H22: 100 | I22: 100 | J22: 100 | K22: 100 | L22: 100 | M22: 100 | N22: 100 | O22: 100 | P22: 100 | Q22: 100 | T22: =22127/10^3 -> 22.127 | AF22: =22127/10^3 -> 22.127 | AP22: =IFERROR(R22/F22,0) -> 0 | AQ22: =IFERROR(S22/G22,0) -> 0 | AR22: =IFERROR(T22/H22,0) -> 0.22127 | BA22: =IF(AP22<95%,0,150) -> 0 | BB22: =IF(AQ22<95%,0,150) -> 0 | BC22: =IF(AR22<95%,0,150) -> 0 | BD22: =_xlfn.XLOOKUP($E22,'1. CS Hỗ trợ vận chuyển'!$D$8:$D$42,'1. CS Hỗ trợ vận chuyển'!$H$8:$H$42) -> 300 | BE22: =_xlfn.XLOOKUP($E22,'1. CS Hỗ trợ vận chuyển'!$D$8:$D$42,'1. CS Hỗ trợ vận chuyển'!$H$8:$H$42) -> 300 | BF22: =_xlfn.XLOOKUP($E22,'1. CS Hỗ trợ vận chuyển'!$D$8:$D$42,'1. CS Hỗ trợ vận chuyển'!$H$8:$H$42) -> 300 | BH22: =BA22*R22/10^3 -> 0 | BI22: =BB22*S22/10^3 -> 0 | BJ22: =BC22*T22/10^3 -> 0 | BK22: =AD22*BD22/10^3 -> 0 | BL22: =AE22*BE22/10^3 -> 0 | BM22: =AF22*BF22/10^3 -> 6.6381 | BN22: 0 | BO22: 0 | BP22: 0 | BQ22: 0 | BR22: 0 | BS22: 0 | BU22: =SUM(BH22,BK22,BN22,BQ22) -> 0 | BV22: =SUM(BI22,BL22,BO22,BR22) -> 0 | BW22: =SUM(BJ22,BM22,BP22,BS22) -> 6.6381 | CE22: =SUM(F22:H22) -> 100 | CI22: =SUM(R22:T22) -> 22.127 | CM22: =IF(OR(CI22/CE22=1,CI22/CE22>1),50,0) -> 0 | CN22: =CI22*CM22*10^3 -> 0
B23: TỔNG KHÁNH NGA | F23: =SUM(F20:F22) -> 100 | G23: =SUM(G20:G22) -> 50 | H23: =SUM(H20:H22) -> 200 | I23: =SUM(I20:I22) -> 200 | J23: =SUM(J20:J22) -> 200 | K23: =SUM(K20:K22) -> 200 | L23: =SUM(L20:L22) -> 200 | M23: =SUM(M20:M22) -> 200 | ... AO23: =SUM(AO20:AO22) -> 0 | AP23: =IFERROR(R23/F23,0) -> 1.03225 | AQ23: =IFERROR(S23/G23,0) -> 1.5728 | AR23: =IFERROR(T23/H23,0) -> 0.798785 | AW23: =SUM(AW20) -> 1001.2825 | AX23: =SUM(AX20) -> 0 | BH23: =SUM(BH20:BH22) -> 15.48375 | BI23: =SUM(BI20:BI22) -> 11.796 | BJ23: =SUM(BJ20:BJ22) -> 20.6445 | BK23: =SUM(BK20:BK22) -> 30.9675 | BL23: =SUM(BL20:BL22) -> 23.592 | BM23: =SUM(BM20:BM22) -> 47.9271 | BN23: =SUM(BN20:BN22) -> 0 | BO23: =SUM(BO20:BO22) -> 0 | ... BS23: =SUM(BS20:BS22) -> 0 | BU23: =SUM(BU20:BU22) -> 46.45125 | BV23: =SUM(BV20:BV22) -> 35.388 | BW23: =SUM(BW20:BW22) -> 68.5716
B24: TỔNG CỘNG | F24: =SUM(F16,F19,F23) -> 730 | G24: =SUM(G16,G19,G23) -> 410 | H24: =SUM(H16,H19,H23) -> 890 | I24: =SUM(I16,I19,I23) -> 840 | J24: =SUM(J16,J19,J23) -> 860 | K24: =SUM(K16,K19,K23) -> 880 | L24: =SUM(L16,L19,L23) -> 940 | M24: =SUM(M16,M19,M23) -> 950 | ... AO24: =SUM(AO16,AO19,AO23) -> 0 | AP24: =IFERROR(R24/F24,0) -> 1.1658671 | AQ24: =IFERROR(S24/G24,0) -> 1.3770683 | AR24: =IFERROR(T24/H24,0) -> 0.96401573 | AW24: =SUM(AW16,AW19,AW23) -> 8289.3302 | AX24: =SUM(AX16,AX19,AX23) -> 4694.2906 | BH24: =SUM(BH16,BH19,BH23) -> 118.7913 | BI24: =SUM(BI16,BI19,BI23) -> 76.66815 | BJ24: =SUM(BJ16,BJ19,BJ23) -> 113.86245 | BK24: =SUM(BK16,BK19,BK23) -> 314.3866 | BL24: =SUM(BL16,BL19,BL23) -> 190.7577 | BM24: =SUM(BM16,BM19,BM23) -> 325.8656 | BN24: =SUM(BN16,BN19,BN23) -> 20 | BO24: =SUM(BO16,BO19,BO23) -> 20 | ... BS24: =SUM(BS16,BS19,BS23) -> 10 | BU24: =SUM(BU16,BU19,BU23) -> 463.1779 | BV24: =SUM(BV16,BV19,BV23) -> 297.42585 | BW24: =SUM(BW16,BW19,BW23) -> 469.72805
BU27: =SUM(BU24:BW24) -> 1230.3318

Sheet 2.2 Thưởng NCC - ver2
A1: Quay lại
B2: THEO DÕI THƯỞNG NCC ĐỒNG HÀNH 3 TRẠM - ver 2
G4: Đvt: tấn | K4: Đvt: đồng/kg | L4: Đvt: triệu đồng | N4: Đvt: đồng/kg | Q4: Đvt: triệu đồng | W4: Đvt: đồng/kg
A5: STT | B5: Trạm | C5: Mã VMS | D5: Tên NCC | E5: Khu vực | F5: Tháng | G5: Sản lượng ký kết | H5: Sản lượng thực tế | I5: Sản lượng NCC tự VC | J5: % TH sv TT | K5: Giá mua TB | L5: Thành tiền mua NVL | N5: Mức thưởng sản lượng | O5: Mức hỗ trợ vận chuyển | Q5: Thưởng SL | R5: Hỗ trợ VC | S5: Hỗ trợ mặt bằng | T5: Hỗ trợ admin | U5: Tổng hỗ trợ | W5: Giá mua bao gồm hỗ trợ | X5: Giá TGĐ duyệt
A6: =ROWS($A$6:A6) -> 1 | B6: Đại Lộc | C6: 001J3000002HLZuIAO | D6: HKD Bùi Văn Dương | E6: Bình Dương | F6: 1 | G6: {=SUMPRODUCT('2.1. Thưởng NCC - ver1'!$F$7:$Q$24*('2.1. Thưởng NCC - ver1'!$B$7:$B$24='2.2 Thưởng NCC - ver2'!$B6)*('2.1. Thưởng NCC - ver1'!$F$6:$Q$6='2.2 Thưởng NCC - ver2'!$F6)*('2.1. Thưởng NCC - ver1'!$D$7:$D$24='2.2 Thưởng NCC - ver2'!$D6))} -> 200 | H6: {=SUMPRODUCT('2.1. Thưởng NCC - ver1'!$R$7:$AC$24*('2.1. Thưởng NCC - ver1'!$B$7:$B$24='2.2 Thưởng NCC - ver2'!$B6)*('2.1. Thưởng NCC - ver1'!$R$6:$AC$6='2.2 Thưởng NCC - ver2'!$F6)*('2.1. Thưởng NCC - ver1'!$D$7:$D$24='2.2 Thưởng NCC - ver2'!$D6))} -> 286.462 | I6: {=SUMPRODUCT('2.1. Thưởng NCC - ver1'!$AD$7:$AO$24*('2.1. Thưởng NCC - ver1'!$B$7:$B$24='2.2 Thưởng NCC - ver2'!$B6)*('2.1. Thưởng NCC - ver1'!$AD$6:$AO$6='2.2 Thưởng NCC - ver2'!$F6)*('2.1. Thưởng NCC - ver1'!$D$7:$D$24='2.2 Thưởng NCC - ver2'!$D6))} -> 286.462 | J6: =IFERROR(H6/G6,0) -> 1.43231 | K6: 9960.7501 | L6: =K6*H6/10^3 -> 2853.3764 | N6: =IF(J6<95%,0,150) -> 150 | O6: =IF(E6<>"",_xlfn.XLOOKUP($E6,'1. CS Hỗ trợ vận chuyển'!$D$8:$D$42,'1. CS Hỗ trợ vận chuyển'!$H$8:$H$42),0) -> 300 | Q6: =N6*H6/10^3 -> 42.9693 | R6: =I6*O6/10^3 -> 85.9386 | S6: 0 | T6: 0 | U6: =SUM(Q6,R6,S6,T6) -> 128.9079 | W6: =IFERROR((SUM(Q6,R6,S6,T6)+(H6*K6/10^3))/H6*10^3,0) -> 10410.75 | X6: 10000
A7: =ROWS($A$6:A7) -> 2 | B7: Đại Lộc | C7: 001J3000002HqzBIAS | D7: HKD Vạn Phát | E7: Ninh Thuận | F7: 1 | G7: {=SUMPRODUCT('2.1. Thưởng NCC - ver1'!$F$7:$Q$24*('2.1. Thưởng NCC - ver1'!$B$7:$B$24='2.2 Thưởng NCC - ver2'!$B7)*('2.1. Thưởng NCC - ver1'!$F$6:$Q$6='2.2 Thưởng NCC - ver2'!$F7)*('2.1. Thưởng NCC - ver1'!$D$7:$D$24='2.2 Thưởng NCC - ver2'!$D7))} -> 30 | H7: {=SUMPRODUCT('2.1. Thưởng NCC - ver1'!$R$7:$AC$24*('2.1. Thưởng NCC - ver1'!$B$7:$B$24='2.2 Thưởng NCC - ver2'!$B7)*('2.1. Thưởng NCC - ver1'!$R$6:$AC$6='2.2 Thưởng NCC - ver2'!$F7)*('2.1. Thưởng NCC - ver1'!$D$7:$D$24='2.2 Thưởng NCC - ver2'!$D7))} -> 28.539 | I7: {=SUMPRODUCT('2.1. Thưởng NCC - ver1'!$AD$7:$AO$24*('2.1. Thưởng NCC - ver1'!$B$7:$B$24='2.2 Thưởng NCC - ver2'!$B7)*('2.1. Thưởng NCC - ver1'!$AD$6:$AO$6='2.2 Thưởng NCC - ver2'!$F7)*('2.1. Thưởng NCC - ver1'!$D$7:$D$24='2.2 Thưởng NCC - ver2'!$D7))} -> 28.539 | J7: =IFERROR(H7/G7,0) -> 0.9513 | K7: 9891.7446 | L7: =K7*H7/10^3 -> 282.3005 | N7: =IF(J7<95%,0,150) -> 150 | O7: =IF(E7<>"",_xlfn.XLOOKUP($E7,'1. CS Hỗ trợ vận chuyển'!$D$8:$D$42,'1. CS Hỗ trợ vận chuyển'!$H$8:$H$42),0) -> 400 | Q7: =N7*H7/10^3 -> 4.28085 | R7: =I7*O7/10^3 -> 11.4156 | S7: 0 | T7: 0 | U7: =SUM(Q7,R7,S7,T7) -> 15.69645 | W7: =IFERROR((SUM(Q7,R7,S7,T7)+(H7*K7/10^3))/H7*10^3,0) -> 10441.745 | X7: 10000
A8: =ROWS($A$6:A8) -> 3 | B8: Đại Lộc | C8: 001J3000005FztKIAS | D8: HKD Đinh Thị Thúy | E8: Phú Yên | F8: 1 | G8: {=SUMPRODUCT('2.1. Thưởng NCC - ver1'!$F$7:$Q$24*('2.1. Thưởng NCC - ver1'!$B$7:$B$24='2.2 Thưởng NCC - ver2'!$B8)*('2.1. Thưởng NCC - ver1'!$F$6:$Q$6='2.2 Thưởng NCC - ver2'!$F8)*('2.1. Thưởng NCC - ver1'!$D$7:$D$24='2.2 Thưởng NCC - ver2'!$D8))} -> 50 | H8: {=SUMPRODUCT('2.1. Thưởng NCC - ver1'!$R$7:$AC$24*('2.1. Thưởng NCC - ver1'!$B$7:$B$24='2.2 Thưởng NCC - ver2'!$B8)*('2.1. Thưởng NCC - ver1'!$R$6:$AC$6='2.2 Thưởng NCC - ver2'!$F8)*('2.1. Thưởng NCC - ver1'!$D$7:$D$24='2.2 Thưởng NCC - ver2'!$D8))} -> 62.032 | I8: {=SUMPRODUCT('2.1. Thưởng NCC - ver1'!$AD$7:$AO$24*('2.1. Thưởng NCC - ver1'!$B$7:$B$24='2.2 Thưởng NCC - ver2'!$B8)*('2.1. Thưởng NCC - ver1'!$AD$6:$AO$6='2.2 Thưởng NCC - ver2'!$F8)*('2.1. Thưởng NCC - ver1'!$D$7:$D$24='2.2 Thưởng NCC - ver2'!$D8))} -> 62.032 | J8: =IFERROR(H8/G8,0) -> 1.24064 | K8: 9996.6791 | L8: =K8*H8/10^3 -> 620.114 | N8: =IF(J8<95%,0,150) -> 150 | O8: =IF(E8<>"",_xlfn.XLOOKUP($E8,'1. CS Hỗ trợ vận chuyển'!$D$8:$D$42,'1. CS Hỗ trợ vận chuyển'!$H$8:$H$42),0) -> 400 | Q8: =N8*H8/10^3 -> 9.3048 | R8: =I8*O8/10^3 -> 24.8128 | S8: 0 | T8: 0 | U8: =SUM(Q8,R8,S8,T8) -> 34.1176 | W8: =IFERROR((SUM(Q8,R8,S8,T8)+(H8*K8/10^3))/H8*10^3,0) -> 10546.679 | X8: 10000
A9: =ROWS($A$6:A9) -> 4 | B9: Đại Lộc | C9: 001J300000AtDEeIAN | D9: HKD Hoàng Vân - Trần Duy Nhất | E9: Khánh Hòa | F9: 1 | G9: {=SUMPRODUCT('2.1. Thưởng NCC - ver1'!$F$7:$Q$24*('2.1. Thưởng NCC - ver1'!$B$7:$B$24='2.2 Thưởng NCC - ver2'!$B9)*('2.1. Thưởng NCC - ver1'!$F$6:$Q$6='2.2 Thưởng NCC - ver2'!$F9)*('2.1. Thưởng NCC - ver1'!$D$7:$D$24='2.2 Thưởng NCC - ver2'!$D9))} -> 80 | H9: {=SUMPRODUCT('2.1. Thưởng NCC - ver1'!$R$7:$AC$24*('2.1. Thưởng NCC - ver1'!$B$7:$B$24='2.2 Thưởng NCC - ver2'!$B9)*('2.1. Thưởng NCC - ver1'!$R$6:$AC$6='2.2 Thưởng NCC - ver2'!$F9)*('2.1. Thưởng NCC - ver1'!$D$7:$D$24='2.2 Thưởng NCC - ver2'!$D9))} -> 85.92 | I9: {=SUMPRODUCT('2.1. Thưởng NCC - ver1'!$AD$7:$AO$24*('2.1. Thưởng NCC - ver1'!$B$7:$B$24='2.2 Thưởng NCC - ver2'!$B9)*('2.1. Thưởng NCC - ver1'!$AD$6:$AO$6='2.2 Thưởng NCC - ver2'!$F9)*('2.1. Thưởng NCC - ver1'!$D$7:$D$24='2.2 Thưởng NCC - ver2'!$D9))} -> 85.92 | J9: =IFERROR(H9/G9,0) -> 1.074 | K9: 9704.4693 | L9: =K9*H9/10^3 -> 833.808 | N9: =IF(J9<95%,0,150) -> 150 | O9: =IF(E9<>"",_xlfn.XLOOKUP($E9,'1. CS Hỗ trợ vận chuyển'!$D$8:$D$42,'1. CS Hỗ trợ vận chuyển'!$H$8:$H$42),0) -> 400 | Q9: =N9*H9/10^3 -> 12.888 | R9: =I9*O9/10^3 -> 34.368 | S9: 0 | T9: 0 | U9: =SUM(Q9,R9,S9,T9) -> 47.256 | W9: =IFERROR((SUM(Q9,R9,S9,T9)+(H9*K9/10^3))/H9*10^3,0) -> 10254.469 | X9: 10000
A10: =ROWS($A$6:A10) -> 5 | B10: Đại Lộc | C10: 001J3000002HLfXIAW | D10: HKD Hồ Hoàng | E10: Quảng Nam | F10: 1 | G10: {=SUMPRODUCT('2.1. Thưởng NCC - ver1'!$F$7:$Q$24*('2.1. Thưởng NCC - ver1'!$B$7:$B$24='2.2 Thưởng NCC - ver2'!$B10)*('2.1. Thưởng NCC - ver1'!$F$6:$Q$6='2.2 Thưởng NCC - ver2'!$F10)*('2.1. Thưởng NCC - ver1'!$D$7:$D$24='2.2 Thưởng NCC - ver2'!$D10))} -> 80 | H10: {=SUMPRODUCT('2.1. Thưởng NCC - ver1'!$R$7:$AC$24*('2.1. Thưởng NCC - ver1'!$B$7:$B$24='2.2 Thưởng NCC - ver2'!$B10)*('2.1. Thưởng NCC - ver1'!$R$6:$AC$6='2.2 Thưởng NCC - ver2'!$F10)*('2.1. Thưởng NCC - ver1'!$D$7:$D$24='2.2 Thưởng NCC - ver2'!$D10))} -> 38.842 | I10: {=SUMPRODUCT('2.1. Thưởng NCC - ver1'!$AD$7:$AO$24*('2.1. Thưởng NCC - ver1'!$B$7:$B$24='2.2 Thưởng NCC - ver2'!$B10)*('2.1. Thưởng NCC - ver1'!$AD$6:$AO$6='2.2 Thưởng NCC - ver2'!$F10)*('2.1. Thưởng NCC - ver1'!$D$7:$D$24='2.2 Thưởng NCC - ver2'!$D10))} -> 38.842 | J10: =IFERROR(H10/G10,0) -> 0.485525 | K10: 9659.4485 | L10: =K10*H10/10^3 -> 375.1923 | N10: =IF(J10<95%,0,150) -> 0 | O10: =IF(E10<>"",_xlfn.XLOOKUP($E10,'1. CS Hỗ trợ vận chuyển'!$D$8:$D$42,'1. CS Hỗ trợ vận chuyển'!$H$8:$H$42),0) -> 500 | Q10: =N10*H10/10^3 -> 0 | R10: =I10*O10/10^3 -> 19.421 | S10: 0 | T10: 0 | U10: =SUM(Q10,R10,S10,T10) -> 19.421 | W10: =IFERROR((SUM(Q10,R10,S10,T10)+(H10*K10/10^3))/H10*10^3,0) -> 10159.449 | X10: 10000
A11: =ROWS($A$6:A11) -> 6 | B11: Đại Lộc | C11: 001J3000002HLjfIAG | D11: HKD Tâm Tường | E11: Quảng Ngãi | F11: 1 | G11: {=SUMPRODUCT('2.1. Thưởng NCC - ver1'!$F$7:$Q$24*('2.1. Thưởng NCC - ver1'!$B$7:$B$24='2.2 Thưởng NCC - ver2'!$B11)*('2.1. Thưởng NCC - ver1'!$F$6:$Q$6='2.2 Thưởng NCC - ver2'!$F11)*('2.1. Thưởng NCC - ver1'!$D$7:$D$24='2.2 Thưởng NCC - ver2'!$D11))} -> 50 | H11: {=SUMPRODUCT('2.1. Thưởng NCC - ver1'!$R$7:$AC$24*('2.1. Thưởng NCC - ver1'!$B$7:$B$24='2.2 Thưởng NCC - ver2'!$B11)*('2.1. Thưởng NCC - ver1'!$R$6:$AC$6='2.2 Thưởng NCC - ver2'!$F11)*('2.1. Thưởng NCC - ver1'!$D$7:$D$24='2.2 Thưởng NCC - ver2'!$D11))} -> 62.456 | I11: {=SUMPRODUCT('2.1. Thưởng NCC - ver1'!$AD$7:$AO$24*('2.1. Thưởng NCC - ver1'!$B$7:$B$24='2.2 Thưởng NCC - ver2'!$B11)*('2.1. Thưởng NCC - ver1'!$AD$6:$AO$6='2.2 Thưởng NCC - ver2'!$F11)*('2.1. Thưởng NCC - ver1'!$D$7:$D$24='2.2 Thưởng NCC - ver2'!$D11))} -> 62.456 | J11: =IFERROR(H11/G11,0) -> 1.24912 | K11: 9962.1077 | L11: =K11*H11/10^3 -> 622.1934 | N11: =IF(J11<95%,0,150) -> 150 | O11: =IF(E11<>"",_xlfn.XLOOKUP($E11,'1. CS Hỗ trợ vận chuyển'!$D$8:$D$42,'1. CS Hỗ trợ vận chuyển'!$H$8:$H$42),0) -> 500 | Q11: =N11*H11/10^3 -> 9.3684 | R11: =I11*O11/10^3 -> 31.228 | S11: 0 | T11: 0 | U11: =SUM(Q11,R11,S11,T11) -> 40.5964 | W11: =IFERROR((SUM(Q11,R11,S11,T11)+(H11*K11/10^3))/H11*10^3,0) -> 10612.108 | X11: 10000
A12: =ROWS($A$6:A12) -> 7 | B12: Đại Lộc | C12: 001J3000002HLbQIAW | D12: Thương Viên (Pleiku) | E12: Gia Lai | F12: 1 | G12: {=SUMPRODUCT('2.1. Thưởng NCC - ver1'!$F$7:$Q$24*('2.1. Thưởng NCC - ver1'!$B$7:$B$24='2.2 Thưởng NCC - ver2'!$B12)*('2.1. Thưởng NCC - ver1'!$F$6:$Q$6='2.2 Thưởng NCC - ver2'!$F12)*('2.1. Thưởng NCC - ver1'!$D$7:$D$24='2.2 Thưởng NCC - ver2'!$D12))} -> 80 | H12: {=SUMPRODUCT('2.1. Thưởng NCC - ver1'!$R$7:$AC$24*('2.1. Thưởng NCC - ver1'!$B$7:$B$24='2.2 Thưởng NCC - ver2'!$B12)*('2.1. Thưởng NCC - ver1'!$R$6:$AC$6='2.2 Thưởng NCC - ver2'!$F12)*('2.1. Thưởng NCC - ver1'!$D$7:$D$24='2.2 Thưởng NCC - ver2'!$D12))} -> 136.231 | I12: {=SUMPRODUCT('2.1. Thưởng NCC - ver1'!$AD$7:$AO$24*('2.1. Thưởng NCC - ver1'!$B$7:$B$24='2.2 Thưởng NCC - ver2'!$B12)*('2.1. Thưởng NCC - ver1'!$AD$6:$AO$6='2.2 Thưởng NCC - ver2'!$F12)*('2.1. Thưởng NCC - ver1'!$D$7:$D$24='2.2 Thưởng NCC - ver2'!$D12))} -> 136.231 | J12: =IFERROR(H12/G12,0) -> 1.7028875 | K12: 10000 | L12: =K12*H12/10^3 -> 1362.31 | N12: =IF(J12<95%,0,150) -> 150 | O12: =IF(E12<>"",_xlfn.XLOOKUP($E12,'1. CS Hỗ trợ vận chuyển'!$D$8:$D$42,'1. CS Hỗ trợ vận chuyển'!$H$8:$H$42),0) -> 500 | Q12: =N12*H12/10^3 -> 20.43465 | R12: =I12*O12/10^3 -> 68.1155 | S12: 0 | T12: 0 | U12: =SUM(Q12,R12,S12,T12) -> 88.55015 | W12: =IFERROR((SUM(Q12,R12,S12,T12)+(H12*K12/10^3))/H12*10^3,0) -> 10650 | X12: 10000
A13: =ROWS($A$6:A13) -> 8 | B13: Đại Lộc | C13: 001J3000002HqzBIAS | D13: Anh Danh (Ninh Thuận) | E13: Ninh Thuận | F13: 1 | G13: {=SUMPRODUCT('2.1. Thưởng NCC - ver1'!$F$7:$Q$24*('2.1. Thưởng NCC - ver1'!$B$7:$B$24='2.2 Thưởng NCC - ver2'!$B13)*('2.1. Thưởng NCC - ver1'!$F$6:$Q$6='2.2 Thưởng NCC - ver2'!$F13)*('2.1. Thưởng NCC - ver1'!$D$7:$D$24='2.2 Thưởng NCC - ver2'!$D13))} -> 15 | H13: {=SUMPRODUCT('2.1. Thưởng NCC - ver1'!$R$7:$AC$24*('2.1. Thưởng NCC - ver1'!$B$7:$B$24='2.2 Thưởng NCC - ver2'!$B13)*('2.1. Thưởng NCC - ver1'!$R$6:$AC$6='2.2 Thưởng NCC - ver2'!$F13)*('2.1. Thưởng NCC - ver1'!$D$7:$D$24='2.2 Thưởng NCC - ver2'!$D13))} -> 12.453 | I13: {=SUMPRODUCT('2.1. Thưởng NCC - ver1'!$AD$7:$AO$24*('2.1. Thưởng NCC - ver1'!$B$7:$B$24='2.2 Thưởng NCC - ver2'!$B13)*('2.1. Thưởng NCC - ver1'!$AD$6:$AO$6='2.2 Thưởng NCC - ver2'!$F13)*('2.1. Thưởng NCC - ver1'!$D$7:$D$24='2.2 Thưởng NCC - ver2'!$D13))} -> 12.453 | J13: =IFERROR(H13/G13,0) -> 0.8302 | N13: =IF(J13<95%,0,150) -> 0 | O13: =IF(E13<>"",_xlfn.XLOOKUP($E13,'1. CS Hỗ trợ vận chuyển'!$D$8:$D$42,'1. CS Hỗ trợ vận chuyển'!$H$8:$H$42),0) -> 400 | Q13: =N13*H13/10^3 -> 0 | R13: =I13*O13/10^3 -> 4.9812 | S13: 0 | T13: 0 | U13: =SUM(Q13,R13,S13,T13) -> 4.9812
A14: =ROWS($A$6:A14) -> 9 | B14: Đại Lộc | C14: 001J3000002HLlsIAG | D14: HKD Trần Thị Phương | E14: Đà Nẵng | F14: 1 | G14: {=SUMPRODUCT('2.1. Thưởng NCC - ver1'!$F$7:$Q$24*('2.1. Thưởng NCC - ver1'!$B$7:$B$24='2.2 Thưởng NCC - ver2'!$B14)*('2.1. Thưởng NCC - ver1'!$F$6:$Q$6='2.2 Thưởng NCC - ver2'!$F14)*('2.1. Thưởng NCC - ver1'!$D$7:$D$24='2.2 Thưởng NCC - ver2'!$D14))} -> 0 | H14: {=SUMPRODUCT('2.1. Thưởng NCC - ver1'!$R$7:$AC$24*('2.1. Thưởng NCC - ver1'!$B$7:$B$24='2.2 Thưởng NCC - ver2'!$B14)*('2.1. Thưởng NCC - ver1'!$R$6:$AC$6='2.2 Thưởng NCC - ver2'!$F14)*('2.1. Thưởng NCC - ver1'!$D$7:$D$24='2.2 Thưởng NCC - ver2'!$D14))} -> 0 | I14: {=SUMPRODUCT('2.1. Thưởng NCC - ver1'!$AD$7:$AO$24*('2.1. Thưởng NCC - ver1'!$B$7:$B$24='2.2 Thưởng NCC - ver2'!$B14)*('2.1. Thưởng NCC - ver1'!$AD$6:$AO$6='2.2 Thưởng NCC - ver2'!$F14)*('2.1. Thưởng NCC - ver1'!$D$7:$D$24='2.2 Thưởng NCC - ver2'!$D14))} -> 0 | J14: =IFERROR(H14/G14,0) -> 0 | N14: =IF(J14<95%,0,150) -> 0 | O14: =IF(E14<>"",_xlfn.XLOOKUP($E14,'1. CS Hỗ trợ vận chuyển'!$D$8:$D$42,'1. CS Hỗ trợ vận chuyển'!$H$8:$H$42),0) -> 500 | Q14: =N14*H14/10^3 -> 0 | R14: =I14*O14/10^3 -> 0 | S14: 0 | T14: 0 | U14: =SUM(Q14,R14,S14,T14) -> 0
A15: =ROWS($A$6:A15) -> 10 | B15: Đại Lộc | C15: 001J3000002HLZuIAO | D15: HKD Bùi Văn Dương | E15: Bình Dương | F15: 2 | G15: {=SUMPRODUCT('2.1. Thưởng NCC - ver1'!$F$7:$Q$24*('2.1. Thưởng NCC - ver1'!$B$7:$B$24='2.2 Thưởng NCC - ver2'!$B15)*('2.1. Thưởng NCC - ver1'!$F$6:$Q$6='2.2 Thưởng NCC - ver2'!$F15)*('2.1. Thưởng NCC - ver1'!$D$7:$D$24='2.2 Thưởng NCC - ver2'!$D15))} -> 100 | H15: {=SUMPRODUCT('2.1. Thưởng NCC - ver1'!$R$7:$AC$24*('2.1. Thưởng NCC - ver1'!$B$7:$B$24='2.2 Thưởng NCC - ver2'!$B15)*('2.1. Thưởng NCC - ver1'!$R$6:$AC$6='2.2 Thưởng NCC - ver2'!$F15)*('2.1. Thưởng NCC - ver1'!$D$7:$D$24='2.2 Thưởng NCC - ver2'!$D15))} -> 279.767 | I15: {=SUMPRODUCT('2.1. Thưởng NCC - ver1'!$AD$7:$AO$24*('2.1. Thưởng NCC - ver1'!$B$7:$B$24='2.2 Thưởng NCC - ver2'!$B15)*('2.1. Thưởng NCC - ver1'!$AD$6:$AO$6='2.2 Thưởng NCC - ver2'!$F15)*('2.1. Thưởng NCC - ver1'!$D$7:$D$24='2.2 Thưởng NCC - ver2'!$D15))} -> 279.767 | J15: =IFERROR(H15/G15,0) -> 2.79767 | K15: 9698.7685 | L15: =K15*H15/10^3 -> 2713.3954 | N15: =IF(J15<95%,0,150) -> 150 | O15: =IF(E15<>"",_xlfn.XLOOKUP($E15,'1. CS Hỗ trợ vận chuyển'!$D$8:$D$42,'1. CS Hỗ trợ vận chuyển'!$H$8:$H$42),0) -> 300 | Q15: =N15*H15/10^3 -> 41.96505 | R15: =I15*O15/10^3 -> 83.9301 | S15: 0 | T15: 0 | U15: =SUM(Q15,R15,S15,T15) -> 125.89515 | W15: =IFERROR((SUM(Q15,R15,S15,T15)+(H15*K15/10^3))/H15*10^3,0) -> 10148.768 | X15: 10000
A16: =ROWS($A$6:A16) -> 11 | B16: Đại Lộc | C16: 001J3000002HqzBIAS | D16: HKD Vạn Phát | E16: Ninh Thuận | F16: 2 | G16: {=SUMPRODUCT('2.1. Thưởng NCC - ver1'!$F$7:$Q$24*('2.1. Thưởng NCC - ver1'!$B$7:$B$24='2.2 Thưởng NCC - ver2'!$B16)*('2.1. Thưởng NCC - ver1'!$F$6:$Q$6='2.2 Thưởng NCC - ver2'!$F16)*('2.1. Thưởng NCC - ver1'!$D$7:$D$24='2.2 Thưởng NCC - ver2'!$D16))} -> 30 | H16: {=SUMPRODUCT('2.1. Thưởng NCC - ver1'!$R$7:$AC$24*('2.1. Thưởng NCC - ver1'!$B$7:$B$24='2.2 Thưởng NCC - ver2'!$B16)*('2.1. Thưởng NCC - ver1'!$R$6:$AC$6='2.2 Thưởng NCC - ver2'!$F16)*('2.1. Thưởng NCC - ver1'!$D$7:$D$24='2.2 Thưởng NCC - ver2'!$D16))} -> 31.65 | I16: {=SUMPRODUCT('2.1. Thưởng NCC - ver1'!$AD$7:$AO$24*('2.1. Thưởng NCC - ver1'!$B$7:$B$24='2.2 Thưởng NCC - ver2'!$B16)*('2.1. Thưởng NCC - ver1'!$AD$6:$AO$6='2.2 Thưởng NCC - ver2'!$F16)*('2.1. Thưởng NCC - ver1'!$D$7:$D$24='2.2 Thưởng NCC - ver2'!$D16))} -> 31.65 | J16: =IFERROR(H16/G16,0) -> 1.055 | K16: 9610.6919 | L16: =K16*H16/10^3 -> 304.1784 | N16: =IF(J16<95%,0,150) -> 150 | O16: =IF(E16<>"",_xlfn.XLOOKUP($E16,'1. CS Hỗ trợ vận chuyển'!$D$8:$D$42,'1. CS Hỗ trợ vận chuyển'!$H$8:$H$42),0) -> 400 | Q16: =N16*H16/10^3 -> 4.7475 | R16: =I16*O16/10^3 -> 12.66 | S16: 0 | T16: 0 | U16: =SUM(Q16,R16,S16,T16) -> 17.4075 | W16: =IFERROR((SUM(Q16,R16,S16,T16)+(H16*K16/10^3))/H16*10^3,0) -> 10160.692 | X16: 10000
A17: =ROWS($A$6:A17) -> 12 | B17: Đại Lộc | C17: 001J3000005FztKIAS | D17: HKD Đinh Thị Thúy | E17: Phú Yên | F17: 2 | G17: {=SUMPRODUCT('2.1. Thưởng NCC - ver1'!$F$7:$Q$24*('2.1. Thưởng NCC - ver1'!$B$7:$B$24='2.2 Thưởng NCC - ver2'!$B17)*('2.1. Thưởng NCC - ver1'!$F$6:$Q$6='2.2 Thưởng NCC - ver2'!$F17)*('2.1. Thưởng NCC - ver1'!$D$7:$D$24='2.2 Thưởng NCC - ver2'!$D17))} -> 30 | H17: {=SUMPRODUCT('2.1. Thưởng NCC - ver1'!$R$7:$AC$24*('2.1. Thưởng NCC - ver1'!$B$7:$B$24='2.2 Thưởng NCC - ver2'!$B17)*('2.1. Thưởng NCC - ver1'!$R$6:$AC$6='2.2 Thưởng NCC - ver2'!$F17)*('2.1. Thưởng NCC - ver1'!$D$7:$D$24='2.2 Thưởng NCC - ver2'!$D17))} -> 32.518 | I17: {=SUMPRODUCT('2.1. Thưởng NCC - ver1'!$AD$7:$AO$24*('2.1. Thưởng NCC - ver1'!$B$7:$B$24='2.2 Thưởng NCC - ver2'!$B17)*('2.1. Thưởng NCC - ver1'!$AD$6:$AO$6='2.2 Thưởng NCC - ver2'!$F17)*('2.1. Thưởng NCC - ver1'!$D$7:$D$24='2.2 Thưởng NCC - ver2'!$D17))} -> 32.518 | J17: =IFERROR(H17/G17,0) -> 1.0839333 | K17: 9694.9013 | L17: =K17*H17/10^3 -> 315.2588 | N17: =IF(J17<95%,0,150) -> 150 | O17: =IF(E17<>"",_xlfn.XLOOKUP($E17,'1. CS Hỗ trợ vận chuyển'!$D$8:$D$42,'1. CS Hỗ trợ vận chuyển'!$H$8:$H$42),0) -> 400 | Q17: =N17*H17/10^3 -> 4.8777 | R17: =I17*O17/10^3 -> 13.0072 | S17: 0 | T17: 0 | U17: =SUM(Q17,R17,S17,T17) -> 17.8849 | W17: =IFERROR((SUM(Q17,R17,S17,T17)+(H17*K17/10^3))/H17*10^3,0) -> 10244.901 | X17: 10000
A18: =ROWS($A$6:A18) -> 13 | B18: Đại Lộc | C18: 001J300000AtDEeIAN | D18: HKD Hoàng Vân - Trần Duy Nhất | E18: Khánh Hòa | F18: 2 | G18: {=SUMPRODUCT('2.1. Thưởng NCC - ver1'!$F$7:$Q$24*('2.1. Thưởng NCC - ver1'!$B$7:$B$24='2.2 Thưởng NCC - ver2'!$B18)*('2.1. Thưởng NCC - ver1'!$F$6:$Q$6='2.2 Thưởng NCC - ver2'!$F18)*('2.1. Thưởng NCC - ver1'!$D$7:$D$24='2.2 Thưởng NCC - ver2'!$D18))} -> 50 | H18: {=SUMPRODUCT('2.1. Thưởng NCC - ver1'!$R$7:$AC$24*('2.1. Thưởng NCC - ver1'!$B$7:$B$24='2.2 Thưởng NCC - ver2'!$B18)*('2.1. Thưởng NCC - ver1'!$R$6:$AC$6='2.2 Thưởng NCC - ver2'!$F18)*('2.1. Thưởng NCC - ver1'!$D$7:$D$24='2.2 Thưởng NCC - ver2'!$D18))} -> 36.857 | I18: {=SUMPRODUCT('2.1. Thưởng NCC - ver1'!$AD$7:$AO$24*('2.1. Thưởng NCC - ver1'!$B$7:$B$24='2.2 Thưởng NCC - ver2'!$B18)*('2.1. Thưởng NCC - ver1'!$AD$6:$AO$6='2.2 Thưởng NCC - ver2'!$F18)*('2.1. Thưởng NCC - ver1'!$D$7:$D$24='2.2 Thưởng NCC - ver2'!$D18))} -> 36.857 | J18: =IFERROR(H18/G18,0) -> 0.73714 | K18: 9369.9514 | L18: =K18*H18/10^3 -> 345.3483 | N18: =IF(J18<95%,0,150) -> 0 | O18: =IF(E18<>"",_xlfn.XLOOKUP($E18,'1. CS Hỗ trợ vận chuyển'!$D$8:$D$42,'1. CS Hỗ trợ vận chuyển'!$H$8:$H$42),0) -> 400 | Q18: =N18*H18/10^3 -> 0 | R18: =I18*O18/10^3 -> 14.7428 | S18: 0 | T18: 0 | U18: =SUM(Q18,R18,S18,T18) -> 14.7428 | W18: =IFERROR((SUM(Q18,R18,S18,T18)+(H18*K18/10^3))/H18*10^3,0) -> 9769.9514 | X18: 10000
A19: =ROWS($A$6:A19) -> 14 | B19: Đại Lộc | C19: 001J3000002HLfXIAW | D19: HKD Hồ Hoàng | E19: Quảng Nam | F19: 2 | G19: {=SUMPRODUCT('2.1. Thưởng NCC - ver1'!$F$7:$Q$24*('2.1. Thưởng NCC - ver1'!$B$7:$B$24='2.2 Thưởng NCC - ver2'!$B19)*('2.1. Thưởng NCC - ver1'!$F$6:$Q$6='2.2 Thưởng NCC - ver2'!$F19)*('2.1. Thưởng NCC - ver1'!$D$7:$D$24='2.2 Thưởng NCC - ver2'!$D19))} -> 40 | H19: {=SUMPRODUCT('2.1. Thưởng NCC - ver1'!$R$7:$AC$24*('2.1. Thưởng NCC - ver1'!$B$7:$B$24='2.2 Thưởng NCC - ver2'!$B19)*('2.1. Thưởng NCC - ver1'!$R$6:$AC$6='2.2 Thưởng NCC - ver2'!$F19)*('2.1. Thưởng NCC - ver1'!$D$7:$D$24='2.2 Thưởng NCC - ver2'!$D19))} -> 0 | I19: {=SUMPRODUCT('2.1. Thưởng NCC - ver1'!$AD$7:$AO$24*('2.1. Thưởng NCC - ver1'!$B$7:$B$24='2.2 Thưởng NCC - ver2'!$B19)*('2.1. Thưởng NCC - ver1'!$AD$6:$AO$6='2.2 Thưởng NCC - ver2'!$F19)*('2.1. Thưởng NCC - ver1'!$D$7:$D$24='2.2 Thưởng NCC - ver2'!$D19))} -> 0 | J19: =IFERROR(H19/G19,0) -> 0 | K19: 0 | L19: =K19*H19/10^3 -> 0 | N19: =IF(J19<95%,0,150) -> 0 | O19: =IF(E19<>"",_xlfn.XLOOKUP($E19,'1. CS Hỗ trợ vận chuyển'!$D$8:$D$42,'1. CS Hỗ trợ vận chuyển'!$H$8:$H$42),0) -> 500 | Q19: =N19*H19/10^3 -> 0 | R19: =I19*O19/10^3 -> 0 | S19: 0 | T19: 0 | U19: =SUM(Q19,R19,S19,T19) -> 0 | W19: =IFERROR((SUM(Q19,R19,S19,T19)+(H19*K19/10^3))/H19*10^3,0) -> 0 | X19: 10000
A20: =ROWS($A$6:A20) -> 15 | B20: Đại Lộc | C20: 001J3000002HLjfIAG | D20: HKD Tâm Tường | E20: Quảng Ngãi | F20: 2 | G20: {=SUMPRODUCT('2.1. Thưởng NCC - ver1'!$F$7:$Q$24*('2.1. Thưởng NCC - ver1'!$B$7:$B$24='2.2 Thưởng NCC - ver2'!$B20)*('2.1. Thưởng NCC - ver1'!$F$6:$Q$6='2.2 Thưởng NCC - ver2'!$F20)*('2.1. Thưởng NCC - ver1'!$D$7:$D$24='2.2 Thưởng NCC - ver2'!$D20))} -> 30 | H20: {=SUMPRODUCT('2.1. Thưởng NCC - ver1'!$R$7:$AC$24*('2.1. Thưởng NCC - ver1'!$B$7:$B$24='2.2 Thưởng NCC - ver2'!$B20)*('2.1. Thưởng NCC - ver1'!$R$6:$AC$6='2.2 Thưởng NCC - ver2'!$F20)*('2.1. Thưởng NCC - ver1'!$D$7:$D$24='2.2 Thưởng NCC - ver2'!$D20))} -> 16.62 | I20: {=SUMPRODUCT('2.1. Thưởng NCC - ver1'!$AD$7:$AO$24*('2.1. Thưởng NCC - ver1'!$B$7:$B$24='2.2 Thưởng NCC - ver2'!$B20)*('2.1. Thưởng NCC - ver1'!$AD$6:$AO$6='2.2 Thưởng NCC - ver2'!$F20)*('2.1. Thưởng NCC - ver1'!$D$7:$D$24='2.2 Thưởng NCC - ver2'!$D20))} -> 16.62 | J20: =IFERROR(H20/G20,0) -> 0.554 | K20: 9800 | L20: =K20*H20/10^3 -> 162.876 | N20: =IF(J20<95%,0,150) -> 0 | O20: =IF(E20<>"",_xlfn.XLOOKUP($E20,'1. CS Hỗ trợ vận chuyển'!$D$8:$D$42,'1. CS Hỗ trợ vận chuyển'!$H$8:$H$42),0) -> 500 | Q20: =N20*H20/10^3 -> 0 | R20: =I20*O20/10^3 -> 8.31 | S20: 0 | T20: 0 | U20: =SUM(Q20,R20,S20,T20) -> 8.31 | W20: =IFERROR((SUM(Q20,R20,S20,T20)+(H20*K20/10^3))/H20*10^3,0) -> 10300 | X20: 10000
A21: =ROWS($A$6:A21) -> 16 | B21: Đại Lộc | C21: 001J3000002HLbQIAW | D21: Thương Viên (Pleiku) | E21: Gia Lai | F21: 2 | G21: {=SUMPRODUCT('2.1. Thưởng NCC - ver1'!$F$7:$Q$24*('2.1. Thưởng NCC - ver1'!$B$7:$B$24='2.2 Thưởng NCC - ver2'!$B21)*('2.1. Thưởng NCC - ver1'!$F$6:$Q$6='2.2 Thưởng NCC - ver2'!$F21)*('2.1. Thưởng NCC - ver1'!$D$7:$D$24='2.2 Thưởng NCC - ver2'!$D21))} -> 40 | H21: {=SUMPRODUCT('2.1. Thưởng NCC - ver1'!$R$7:$AC$24*('2.1. Thưởng NCC - ver1'!$B$7:$B$24='2.2 Thưởng NCC - ver2'!$B21)*('2.1. Thưởng NCC - ver1'!$R$6:$AC$6='2.2 Thưởng NCC - ver2'!$F21)*('2.1. Thưởng NCC - ver1'!$D$7:$D$24='2.2 Thưởng NCC - ver2'!$D21))} -> 47.68 | I21: {=SUMPRODUCT('2.1. Thưởng NCC - ver1'!$AD$7:$AO$24*('2.1. Thưởng NCC - ver1'!$B$7:$B$24='2.2 Thưởng NCC - ver2'!$B21)*('2.1. Thưởng NCC - ver1'!$AD$6:$AO$6='2.2 Thưởng NCC - ver2'!$F21)*('2.1. Thưởng NCC - ver1'!$D$7:$D$24='2.2 Thưởng NCC - ver2'!$D21))} -> 47.68 | J21: =IFERROR(H21/G21,0) -> 1.192 | K21: 9709.633 | L21: =K21*H21/10^3 -> 462.9553 | N21: =IF(J21<95%,0,150) -> 150 | O21: =IF(E21<>"",_xlfn.XLOOKUP($E21,'1. CS Hỗ trợ vận chuyển'!$D$8:$D$42,'1. CS Hỗ trợ vận chuyển'!$H$8:$H$42),0) -> 500 | Q21: =N21*H21/10^3 -> 7.152 | R21: =I21*O21/10^3 -> 23.84 | S21: 0 | T21: 0 | U21: =SUM(Q21,R21,S21,T21) -> 30.992 | W21: =IFERROR((SUM(Q21,R21,S21,T21)+(H21*K21/10^3))/H21*10^3,0) -> 10359.633 | X21: 10000
A22: =ROWS($A$6:A22) -> 17 | B22: Đại Lộc | C22: 001J3000002HqzBIAS | D22: Anh Danh (Ninh Thuận) | E22: Ninh Thuận | F22: 2 | G22: {=SUMPRODUCT('2.1. Thưởng NCC - ver1'!$F$7:$Q$24*('2.1. Thưởng NCC - ver1'!$B$7:$B$24='2.2 Thưởng NCC - ver2'!$B22)*('2.1. Thưởng NCC - ver1'!$F$6:$Q$6='2.2 Thưởng NCC - ver2'!$F22)*('2.1. Thưởng NCC - ver1'!$D$7:$D$24='2.2 Thưởng NCC - ver2'!$D22))} -> 0 | H22: {=SUMPRODUCT('2.1. Thưởng NCC - ver1'!$R$7:$AC$24*('2.1. Thưởng NCC - ver1'!$B$7:$B$24='2.2 Thưởng NCC - ver2'!$B22)*('2.1. Thưởng NCC - ver1'!$R$6:$AC$6='2.2 Thưởng NCC - ver2'!$F22)*('2.1. Thưởng NCC - ver1'!$D$7:$D$24='2.2 Thưởng NCC - ver2'!$D22))} -> 0 | I22: {=SUMPRODUCT('2.1. Thưởng NCC - ver1'!$AD$7:$AO$24*('2.1. Thưởng NCC - ver1'!$B$7:$B$24='2.2 Thưởng NCC - ver2'!$B22)*('2.1. Thưởng NCC - ver1'!$AD$6:$AO$6='2.2 Thưởng NCC - ver2'!$F22)*('2.1. Thưởng NCC - ver1'!$D$7:$D$24='2.2 Thưởng NCC - ver2'!$D22))} -> 0 | J22: =IFERROR(H22/G22,0) -> 0 | N22: =IF(J22<95%,0,150) -> 0 | O22: =IF(E22<>"",_xlfn.XLOOKUP($E22,'1. CS Hỗ trợ vận chuyển'!$D$8:$D$42,'1. CS Hỗ trợ vận chuyển'!$H$8:$H$42),0) -> 400 | Q22: =N22*H22/10^3 -> 0 | R22: =I22*O22/10^3 -> 0 | S22: 0 | T22: 0 | U22: =SUM(Q22,R22,S22,T22) -> 0
A23: =ROWS($A$6:A23) -> 18 | B23: Đại Lộc | C23: 001J3000002HLlsIAG | D23: HKD Trần Thị Phương | E23: Đà Nẵng | F23: 2 | G23: {=SUMPRODUCT('2.1. Thưởng NCC - ver1'!$F$7:$Q$24*('2.1. Thưởng NCC - ver1'!$B$7:$B$24='2.2 Thưởng NCC - ver2'!$B23)*('2.1. Thưởng NCC - ver1'!$F$6:$Q$6='2.2 Thưởng NCC - ver2'!$F23)*('2.1. Thưởng NCC - ver1'!$D$7:$D$24='2.2 Thưởng NCC - ver2'!$D23))} -> 0 | H23: {=SUMPRODUCT('2.1. Thưởng NCC - ver1'!$R$7:$AC$24*('2.1. Thưởng NCC - ver1'!$B$7:$B$24='2.2 Thưởng NCC - ver2'!$B23)*('2.1. Thưởng NCC - ver1'!$R$6:$AC$6='2.2 Thưởng NCC - ver2'!$F23)*('2.1. Thưởng NCC - ver1'!$D$7:$D$24='2.2 Thưởng NCC - ver2'!$D23))} -> 0 | I23: {=SUMPRODUCT('2.1. Thưởng NCC - ver1'!$AD$7:$AO$24*('2.1. Thưởng NCC - ver1'!$B$7:$B$24='2.2 Thưởng NCC - ver2'!$B23)*('2.1. Thưởng NCC - ver1'!$AD$6:$AO$6='2.2 Thưởng NCC - ver2'!$F23)*('2.1. Thưởng NCC - ver1'!$D$7:$D$24='2.2 Thưởng NCC - ver2'!$D23))} -> 0 | J23: =IFERROR(H23/G23,0) -> 0 | N23: =IF(J23<95%,0,150) -> 0 | O23: =IF(E23<>"",_xlfn.XLOOKUP($E23,'1. CS Hỗ trợ vận chuyển'!$D$8:$D$42,'1. CS Hỗ trợ vận chuyển'!$H$8:$H$42),0) -> 500 | Q23: =N23*H23/10^3 -> 0 | R23: =I23*O23/10^3 -> 0 | S23: 0 | T23: 0 | U23: =SUM(Q23,R23,S23,T23) -> 0
A24: =ROWS($A$6:A24) -> 19 | B24: Đại Lộc | C24: 001J3000002HLZuIAO | D24: HKD Bùi Văn Dương | E24: Bình Dương | F24: 3 | G24: {=SUMPRODUCT('2.1. Thưởng NCC - ver1'!$F$7:$Q$24*('2.1. Thưởng NCC - ver1'!$B$7:$B$24='2.2 Thưởng NCC - ver2'!$B24)*('2.1. Thưởng NCC - ver1'!$F$6:$Q$6='2.2 Thưởng NCC - ver2'!$F24)*('2.1. Thưởng NCC - ver1'!$D$7:$D$24='2.2 Thưởng NCC - ver2'!$D24))} -> 150 | H24: {=SUMPRODUCT('2.1. Thưởng NCC - ver1'!$R$7:$AC$24*('2.1. Thưởng NCC - ver1'!$B$7:$B$24='2.2 Thưởng NCC - ver2'!$B24)*('2.1. Thưởng NCC - ver1'!$R$6:$AC$6='2.2 Thưởng NCC - ver2'!$F24)*('2.1. Thưởng NCC - ver1'!$D$7:$D$24='2.2 Thưởng NCC - ver2'!$D24))} -> 143.573 | I24: {=SUMPRODUCT('2.1. Thưởng NCC - ver1'!$AD$7:$AO$24*('2.1. Thưởng NCC - ver1'!$B$7:$B$24='2.2 Thưởng NCC - ver2'!$B24)*('2.1. Thưởng NCC - ver1'!$AD$6:$AO$6='2.2 Thưởng NCC - ver2'!$F24)*('2.1. Thưởng NCC - ver1'!$D$7:$D$24='2.2 Thưởng NCC - ver2'!$D24))} -> 143.573 | J24: =IFERROR(H24/G24,0) -> 0.95715333 | N24: =IF(J24<95%,0,150) -> 150 | O24: =IF(E24<>"",_xlfn.XLOOKUP($E24,'1. CS Hỗ trợ vận chuyển'!$D$8:$D$42,'1. CS Hỗ trợ vận chuyển'!$H$8:$H$42),0) -> 300 | Q24: =N24*H24/10^3 -> 21.53595 | R24: =I24*O24/10^3 -> 43.0719 | S24: 0 | T24: 0 | U24: =SUM(Q24,R24,S24,T24) -> 64.60785
A25: =ROWS($A$6:A25) -> 20 | B25: Đại Lộc | C25: 001J3000002HqzBIAS | D25: HKD Vạn Phát | E25: Ninh Thuận | F25: 3 | G25: {=SUMPRODUCT('2.1. Thưởng NCC - ver1'!$F$7:$Q$24*('2.1. Thưởng NCC - ver1'!$B$7:$B$24='2.2 Thưởng NCC - ver2'!$B25)*('2.1. Thưởng NCC - ver1'!$F$6:$Q$6='2.2 Thưởng NCC - ver2'!$F25)*('2.1. Thưởng NCC - ver1'!$D$7:$D$24='2.2 Thưởng NCC - ver2'!$D25))} -> 50 | H25: {=SUMPRODUCT('2.1. Thưởng NCC - ver1'!$R$7:$AC$24*('2.1. Thưởng NCC - ver1'!$B$7:$B$24='2.2 Thưởng NCC - ver2'!$B25)*('2.1. Thưởng NCC - ver1'!$R$6:$AC$6='2.2 Thưởng NCC - ver2'!$F25)*('2.1. Thưởng NCC - ver1'!$D$7:$D$24='2.2 Thưởng NCC - ver2'!$D25))} -> 27.878 | I25: {=SUMPRODUCT('2.1. Thưởng NCC - ver1'!$AD$7:$AO$24*('2.1. Thưởng NCC - ver1'!$B$7:$B$24='2.2 Thưởng NCC - ver2'!$B25)*('2.1. Thưởng NCC - ver1'!$AD$6:$AO$6='2.2 Thưởng NCC - ver2'!$F25)*('2.1. Thưởng NCC - ver1'!$D$7:$D$24='2.2 Thưởng NCC - ver2'!$D25))} -> 27.878 | J25: =IFERROR(H25/G25,0) -> 0.55756 | N25: =IF(J25<95%,0,150) -> 0 | O25: =IF(E25<>"",_xlfn.XLOOKUP($E25,'1. CS Hỗ trợ vận chuyển'!$D$8:$D$42,'1. CS Hỗ trợ vận chuyển'!$H$8:$H$42),0) -> 400 | Q25: =N25*H25/10^3 -> 0 | R25: =I25*O25/10^3 -> 11.1512 | S25: 0 | T25: 0 | U25: =SUM(Q25,R25,S25,T25) -> 11.1512
A26: =ROWS($A$6:A26) -> 21 | B26: Đại Lộc | C26: 001J3000005FztKIAS | D26: HKD Đinh Thị Thúy | E26: Phú Yên | F26: 3 | G26: {=SUMPRODUCT('2.1. Thưởng NCC - ver1'!$F$7:$Q$24*('2.1. Thưởng NCC - ver1'!$B$7:$B$24='2.2 Thưởng NCC - ver2'!$B26)*('2.1. Thưởng NCC - ver1'!$F$6:$Q$6='2.2 Thưởng NCC - ver2'!$F26)*('2.1. Thưởng NCC - ver1'!$D$7:$D$24='2.2 Thưởng NCC - ver2'!$D26))} -> 60 | H26: {=SUMPRODUCT('2.1. Thưởng NCC - ver1'!$R$7:$AC$24*('2.1. Thưởng NCC - ver1'!$B$7:$B$24='2.2 Thưởng NCC - ver2'!$B26)*('2.1. Thưởng NCC - ver1'!$R$6:$AC$6='2.2 Thưởng NCC - ver2'!$F26)*('2.1. Thưởng NCC - ver1'!$D$7:$D$24='2.2 Thưởng NCC - ver2'!$D26))} -> 78.429 | I26: {=SUMPRODUCT('2.1. Thưởng NCC - ver1'!$AD$7:$AO$24*('2.1. Thưởng NCC - ver1'!$B$7:$B$24='2.2 Thưởng NCC - ver2'!$B26)*('2.1. Thưởng NCC - ver1'!$AD$6:$AO$6='2.2 Thưởng NCC - ver2'!$F26)*('2.1. Thưởng NCC - ver1'!$D$7:$D$24='2.2 Thưởng NCC - ver2'!$D26))} -> 78.429 | J26: =IFERROR(H26/G26,0) -> 1.30715 | N26: =IF(J26<95%,0,150) -> 150 | O26: =IF(E26<>"",_xlfn.XLOOKUP($E26,'1. CS Hỗ trợ vận chuyển'!$D$8:$D$42,'1. CS Hỗ trợ vận chuyển'!$H$8:$H$42),0) -> 400 | Q26: =N26*H26/10^3 -> 11.76435 | R26: =I26*O26/10^3 -> 31.3716 | S26: 0 | T26: 0 | U26: =SUM(Q26,R26,S26,T26) -> 43.13595
A27: =ROWS($A$6:A27) -> 22 | B27: Đại Lộc | C27: 001J300000AtDEeIAN | D27: HKD Hoàng Vân - Trần Duy Nhất | E27: Khánh Hòa | F27: 3 | G27: {=SUMPRODUCT('2.1. Thưởng NCC - ver1'!$F$7:$Q$24*('2.1. Thưởng NCC - ver1'!$B$7:$B$24='2.2 Thưởng NCC - ver2'!$B27)*('2.1. Thưởng NCC - ver1'!$F$6:$Q$6='2.2 Thưởng NCC - ver2'!$F27)*('2.1. Thưởng NCC - ver1'!$D$7:$D$24='2.2 Thưởng NCC - ver2'!$D27))} -> 80 | H27: {=SUMPRODUCT('2.1. Thưởng NCC - ver1'!$R$7:$AC$24*('2.1. Thưởng NCC - ver1'!$B$7:$B$24='2.2 Thưởng NCC - ver2'!$B27)*('2.1. Thưởng NCC - ver1'!$R$6:$AC$6='2.2 Thưởng NCC - ver2'!$F27)*('2.1. Thưởng NCC - ver1'!$D$7:$D$24='2.2 Thưởng NCC - ver2'!$D27))} -> 88.111 | I27: {=SUMPRODUCT('2.1. Thưởng NCC - ver1'!$AD$7:$AO$24*('2.1. Thưởng NCC - ver1'!$B$7:$B$24='2.2 Thưởng NCC - ver2'!$B27)*('2.1. Thưởng NCC - ver1'!$AD$6:$AO$6='2.2 Thưởng NCC - ver2'!$F27)*('2.1. Thưởng NCC - ver1'!$D$7:$D$24='2.2 Thưởng NCC - ver2'!$D27))} -> 88.111 | J27: =IFERROR(H27/G27,0) -> 1.1013875 | N27: =IF(J27<95%,0,150) -> 150 | O27: =IF(E27<>"",_xlfn.XLOOKUP($E27,'1. CS Hỗ trợ vận chuyển'!$D$8:$D$42,'1. CS Hỗ trợ vận chuyển'!$H$8:$H$42),0) -> 400 | Q27: =N27*H27/10^3 -> 13.21665 | R27: =I27*O27/10^3 -> 35.2444 | S27: 0 | T27: 0 | U27: =SUM(Q27,R27,S27,T27) -> 48.46105
A28: =ROWS($A$6:A28) -> 23 | B28: Đại Lộc | C28: 001J3000002HLfXIAW | D28: HKD Hồ Hoàng | E28: Quảng Nam | F28: 3 | G28: {=SUMPRODUCT('2.1. Thưởng NCC - ver1'!$F$7:$Q$24*('2.1. Thưởng NCC - ver1'!$B$7:$B$24='2.2 Thưởng NCC - ver2'!$B28)*('2.1. Thưởng NCC - ver1'!$F$6:$Q$6='2.2 Thưởng NCC - ver2'!$F28)*('2.1. Thưởng NCC - ver1'!$D$7:$D$24='2.2 Thưởng NCC - ver2'!$D28))} -> 60 | H28: {=SUMPRODUCT('2.1. Thưởng NCC - ver1'!$R$7:$AC$24*('2.1. Thưởng NCC - ver1'!$B$7:$B$24='2.2 Thưởng NCC - ver2'!$B28)*('2.1. Thưởng NCC - ver1'!$R$6:$AC$6='2.2 Thưởng NCC - ver2'!$F28)*('2.1. Thưởng NCC - ver1'!$D$7:$D$24='2.2 Thưởng NCC - ver2'!$D28))} -> 40.075 | I28: {=SUMPRODUCT('2.1. Thưởng NCC - ver1'!$AD$7:$AO$24*('2.1. Thưởng NCC - ver1'!$B$7:$B$24='2.2 Thưởng NCC - ver2'!$B28)*('2.1. Thưởng NCC - ver1'!$AD$6:$AO$6='2.2 Thưởng NCC - ver2'!$F28)*('2.1. Thưởng NCC - ver1'!$D$7:$D$24='2.2 Thưởng NCC - ver2'!$D28))} -> 40.075 | J28: =IFERROR(H28/G28,0) -> 0.66791667 | N28: =IF(J28<95%,0,150) -> 0 | O28: =IF(E28<>"",_xlfn.XLOOKUP($E28,'1. CS Hỗ trợ vận chuyển'!$D$8:$D$42,'1. CS Hỗ trợ vận chuyển'!$H$8:$H$42),0) -> 500 | Q28: =N28*H28/10^3 -> 0 | R28: =I28*O28/10^3 -> 20.0375 | S28: 0 | T28: 0 | U28: =SUM(Q28,R28,S28,T28) -> 20.0375
A29: =ROWS($A$6:A29) -> 24 | B29: Đại Lộc | C29: 001J3000002HLjfIAG | D29: HKD Tâm Tường | E29: Quảng Ngãi | F29: 3 | G29: {=SUMPRODUCT('2.1. Thưởng NCC - ver1'!$F$7:$Q$24*('2.1. Thưởng NCC - ver1'!$B$7:$B$24='2.2 Thưởng NCC - ver2'!$B29)*('2.1. Thưởng NCC - ver1'!$F$6:$Q$6='2.2 Thưởng NCC - ver2'!$F29)*('2.1. Thưởng NCC - ver1'!$D$7:$D$24='2.2 Thưởng NCC - ver2'!$D29))} -> 60 | H29: {=SUMPRODUCT('2.1. Thưởng NCC - ver1'!$R$7:$AC$24*('2.1. Thưởng NCC - ver1'!$B$7:$B$24='2.2 Thưởng NCC - ver2'!$B29)*('2.1. Thưởng NCC - ver1'!$R$6:$AC$6='2.2 Thưởng NCC - ver2'!$F29)*('2.1. Thưởng NCC - ver1'!$D$7:$D$24='2.2 Thưởng NCC - ver2'!$D29))} -> 71.823 | I29: {=SUMPRODUCT('2.1. Thưởng NCC - ver1'!$AD$7:$AO$24*('2.1. Thưởng NCC - ver1'!$B$7:$B$24='2.2 Thưởng NCC - ver2'!$B29)*('2.1. Thưởng NCC - ver1'!$AD$6:$AO$6='2.2 Thưởng NCC - ver2'!$F29)*('2.1. Thưởng NCC - ver1'!$D$7:$D$24='2.2 Thưởng NCC - ver2'!$D29))} -> 71.823 | J29: =IFERROR(H29/G29,0) -> 1.19705 | N29: =IF(J29<95%,0,150) -> 150 | O29: =IF(E29<>"",_xlfn.XLOOKUP($E29,'1. CS Hỗ trợ vận chuyển'!$D$8:$D$42,'1. CS Hỗ trợ vận chuyển'!$H$8:$H$42),0) -> 500 | Q29: =N29*H29/10^3 -> 10.77345 | R29: =I29*O29/10^3 -> 35.9115 | S29: 0 | T29: 0 | U29: =SUM(Q29,R29,S29,T29) -> 46.68495
A30: =ROWS($A$6:A30) -> 25 | B30: Đại Lộc | C30: 001J3000002HLbQIAW | D30: Thương Viên (Pleiku) | E30: Gia Lai | F30: 3 | G30: {=SUMPRODUCT('2.1. Thưởng NCC - ver1'!$F$7:$Q$24*('2.1. Thưởng NCC - ver1'!$B$7:$B$24='2.2 Thưởng NCC - ver2'!$B30)*('2.1. Thưởng NCC - ver1'!$F$6:$Q$6='2.2 Thưởng NCC - ver2'!$F30)*('2.1. Thưởng NCC - ver1'!$D$7:$D$24='2.2 Thưởng NCC - ver2'!$D30))} -> 100 | H30: {=SUMPRODUCT('2.1. Thưởng NCC - ver1'!$R$7:$AC$24*('2.1. Thưởng NCC - ver1'!$B$7:$B$24='2.2 Thưởng NCC - ver2'!$B30)*('2.1. Thưởng NCC - ver1'!$R$6:$AC$6='2.2 Thưởng NCC - ver2'!$F30)*('2.1. Thưởng NCC - ver1'!$D$7:$D$24='2.2 Thưởng NCC - ver2'!$D30))} -> 131.462 | I30: {=SUMPRODUCT('2.1. Thưởng NCC - ver1'!$AD$7:$AO$24*('2.1. Thưởng NCC - ver1'!$B$7:$B$24='2.2 Thưởng NCC - ver2'!$B30)*('2.1. Thưởng NCC - ver1'!$AD$6:$AO$6='2.2 Thưởng NCC - ver2'!$F30)*('2.1. Thưởng NCC - ver1'!$D$7:$D$24='2.2 Thưởng NCC - ver2'!$D30))} -> 131.462 | J30: =IFERROR(H30/G30,0) -> 1.31462 | N30: =IF(J30<95%,0,150) -> 150 | O30: =IF(E30<>"",_xlfn.XLOOKUP($E30,'1. CS Hỗ trợ vận chuyển'!$D$8:$D$42,'1. CS Hỗ trợ vận chuyển'!$H$8:$H$42),0) -> 500 | Q30: =N30*H30/10^3 -> 19.7193 | R30: =I30*O30/10^3 -> 65.731 | S30: 0 | T30: 0 | U30: =SUM(Q30,R30,S30,T30) -> 85.4503
A31: =ROWS($A$6:A31) -> 26 | B31: Đại Lộc | C31: 001J3000002HqzBIAS | D31: Anh Danh (Ninh Thuận) | E31: Ninh Thuận | F31: 3 | G31: {=SUMPRODUCT('2.1. Thưởng NCC - ver1'!$F$7:$Q$24*('2.1. Thưởng NCC - ver1'!$B$7:$B$24='2.2 Thưởng NCC - ver2'!$B31)*('2.1. Thưởng NCC - ver1'!$F$6:$Q$6='2.2 Thưởng NCC - ver2'!$F31)*('2.1. Thưởng NCC - ver1'!$D$7:$D$24='2.2 Thưởng NCC - ver2'!$D31))} -> 0 | H31: {=SUMPRODUCT('2.1. Thưởng NCC - ver1'!$R$7:$AC$24*('2.1. Thưởng NCC - ver1'!$B$7:$B$24='2.2 Thưởng NCC - ver2'!$B31)*('2.1. Thưởng NCC - ver1'!$R$6:$AC$6='2.2 Thưởng NCC - ver2'!$F31)*('2.1. Thưởng NCC - ver1'!$D$7:$D$24='2.2 Thưởng NCC - ver2'!$D31))} -> 0 | I31: {=SUMPRODUCT('2.1. Thưởng NCC - ver1'!$AD$7:$AO$24*('2.1. Thưởng NCC - ver1'!$B$7:$B$24='2.2 Thưởng NCC - ver2'!$B31)*('2.1. Thưởng NCC - ver1'!$AD$6:$AO$6='2.2 Thưởng NCC - ver2'!$F31)*('2.1. Thưởng NCC - ver1'!$D$7:$D$24='2.2 Thưởng NCC - ver2'!$D31))} -> 0 | J31: =IFERROR(H31/G31,0) -> 0 | N31: =IF(J31<95%,0,150) -> 0 | O31: =IF(E31<>"",_xlfn.XLOOKUP($E31,'1. CS Hỗ trợ vận chuyển'!$D$8:$D$42,'1. CS Hỗ trợ vận chuyển'!$H$8:$H$42),0) -> 400 | Q31: =N31*H31/10^3 -> 0 | R31: =I31*O31/10^3 -> 0 | S31: 0 | T31: 0 | U31: =SUM(Q31,R31,S31,T31) -> 0
A32: =ROWS($A$6:A32) -> 27 | B32: Đại Lộc | C32: 001J3000002HLlsIAG | D32: HKD Trần Thị Phương | E32: Đà Nẵng | F32: 3 | G32: {=SUMPRODUCT('2.1. Thưởng NCC - ver1'!$F$7:$Q$24*('2.1. Thưởng NCC - ver1'!$B$7:$B$24='2.2 Thưởng NCC - ver2'!$B32)*('2.1. Thưởng NCC - ver1'!$F$6:$Q$6='2.2 Thưởng NCC - ver2'!$F32)*('2.1. Thưởng NCC - ver1'!$D$7:$D$24='2.2 Thưởng NCC - ver2'!$D32))} -> 60 | H32: {=SUMPRODUCT('2.1. Thưởng NCC - ver1'!$R$7:$AC$24*('2.1. Thưởng NCC - ver1'!$B$7:$B$24='2.2 Thưởng NCC - ver2'!$B32)*('2.1. Thưởng NCC - ver1'!$R$6:$AC$6='2.2 Thưởng NCC - ver2'!$F32)*('2.1. Thưởng NCC - ver1'!$D$7:$D$24='2.2 Thưởng NCC - ver2'!$D32))} -> 63.79 | I32: {=SUMPRODUCT('2.1. Thưởng NCC - ver1'!$AD$7:$AO$24*('2.1. Thưởng NCC - ver1'!$B$7:$B$24='2.2 Thưởng NCC - ver2'!$B32)*('2.1. Thưởng NCC - ver1'!$AD$6:$AO$6='2.2 Thưởng NCC - ver2'!$F32)*('2.1. Thưởng NCC - ver1'!$D$7:$D$24='2.2 Thưởng NCC - ver2'!$D32))} -> 63.79 | J32: =IFERROR(H32/G32,0) -> 1.0631667 | N32: =IF(J32<95%,0,150) -> 150 | O32: =IF(E32<>"",_xlfn.XLOOKUP($E32,'1. CS Hỗ trợ vận chuyển'!$D$8:$D$42,'1. CS Hỗ trợ vận chuyển'!$H$8:$H$42),0) -> 500 | Q32: =N32*H32/10^3 -> 9.5685 | R32: =I32*O32/10^3 -> 31.895 | S32: 0 | T32: 0 | U32: =SUM(Q32,R32,S32,T32) -> 41.4635
A33: =ROWS($A$6:A33) -> 28 | N33: =IF(J33<95%,0,150) -> 0 | O33: =IF(E33<>"",_xlfn.XLOOKUP($E33,'1. CS Hỗ trợ vận chuyển'!$D$8:$D$42,'1. CS Hỗ trợ vận chuyển'!$H$8:$H$42),0) -> 0 | Q33: =N33*H33/10^3 -> 0 | R33: =I33*O33/10^3 -> 0 | S33: 0 | T33: 0 | U33: =SUM(Q33,R33,S33,T33) -> 0
A34: =ROWS($A$6:A34) -> 29 | N34: =IF(J34<95%,0,150) -> 0 | O34: =IF(E34<>"",_xlfn.XLOOKUP($E34,'1. CS Hỗ trợ vận chuyển'!$D$8:$D$42,'1. CS Hỗ trợ vận chuyển'!$H$8:$H$42),0) -> 0 | Q34: =N34*H34/10^3 -> 0 | R34: =I34*O34/10^3 -> 0 | S34: 0 | T34: 0 | U34: =SUM(Q34,R34,S34,T34) -> 0
B35: TỔNG ĐẠI LỘC | G35: =SUM(G6:G34) -> 1525 | H35: =SUM(H6:H34) -> 1803.168 | I35: =SUM(I6:I34) -> 1803.168 | Q35: =SUM(Q6:Q34) -> 244.56645 | R35: =SUM(R6:R34) -> 711.1849 | S35: =SUM(S6:S34) -> 0 | T35: =SUM(T6:T34) -> 0 | U35: =SUM(U6:U34) -> 955.75135
A36: =ROWS($A$36:A36) -> 1 | B36: Đồng Lâm | C36: 001dc000014oE0DAAU | D36: Hộ Kinh Doanh An Tâm | E36: Kiên Giang | F36: 1 | G36: {=SUMPRODUCT('2.1. Thưởng NCC - ver1'!$F$7:$Q$24*('2.1. Thưởng NCC - ver1'!$B$7:$B$24='2.2 Thưởng NCC - ver2'!$B36)*('2.1. Thưởng NCC - ver1'!$F$6:$Q$6='2.2 Thưởng NCC - ver2'!$F36)*('2.1. Thưởng NCC - ver1'!$D$7:$D$24='2.2 Thưởng NCC - ver2'!$D36))} -> 20 | H36: {=SUMPRODUCT('2.1. Thưởng NCC - ver1'!$R$7:$AC$24*('2.1. Thưởng NCC - ver1'!$B$7:$B$24='2.2 Thưởng NCC - ver2'!$B36)*('2.1. Thưởng NCC - ver1'!$R$6:$AC$6='2.2 Thưởng NCC - ver2'!$F36)*('2.1. Thưởng NCC - ver1'!$D$7:$D$24='2.2 Thưởng NCC - ver2'!$D36))} -> 7.846 | I36: {=SUMPRODUCT('2.1. Thưởng NCC - ver1'!$AD$7:$AO$24*('2.1. Thưởng NCC - ver1'!$B$7:$B$24='2.2 Thưởng NCC - ver2'!$B36)*('2.1. Thưởng NCC - ver1'!$AD$6:$AO$6='2.2 Thưởng NCC - ver2'!$F36)*('2.1. Thưởng NCC - ver1'!$D$7:$D$24='2.2 Thưởng NCC - ver2'!$D36))} -> 7.846 | J36: =IFERROR(H36/G36,0) -> 0.3923 | K36: 9700 | L36: =K36*H36/10^3 -> 76.1062 | N36: =IF(J36<95%,0,150) -> 0 | O36: =IF(E36<>"",_xlfn.XLOOKUP($E36,'1. CS Hỗ trợ vận chuyển'!$D$8:$D$42,'1. CS Hỗ trợ vận chuyển'!$H$8:$H$42),0) -> 400 | Q36: =N36*H36/10^3 -> 0 | R36: =I36*O36/10^3 -> 3.1384 | S36: =10000000/10^6 -> 10 | T36: =5000000/10^6 -> 5 | U36: =SUM(Q36,R36,S36,T36) -> 18.1384 | W36: =IFERROR((SUM(Q36,R36,S36,T36)+(H36*K36/10^3))/H36*10^3,0) -> 12011.802 | X36: 10000
A37: =ROWS($A$36:A37) -> 2 | B37: Đồng Lâm | C37: 001dc000014o4lcAAA | D37: Công Ty TNHH Thiện An Recycling | E37: Cà Mau | F37: 1 | G37: {=SUMPRODUCT('2.1. Thưởng NCC - ver1'!$F$7:$Q$24*('2.1. Thưởng NCC - ver1'!$B$7:$B$24='2.2 Thưởng NCC - ver2'!$B37)*('2.1. Thưởng NCC - ver1'!$F$6:$Q$6='2.2 Thưởng NCC - ver2'!$F37)*('2.1. Thưởng NCC - ver1'!$D$7:$D$24='2.2 Thưởng NCC - ver2'!$D37))} -> 25 | H37: {=SUMPRODUCT('2.1. Thưởng NCC - ver1'!$R$7:$AC$24*('2.1. Thưởng NCC - ver1'!$B$7:$B$24='2.2 Thưởng NCC - ver2'!$B37)*('2.1. Thưởng NCC - ver1'!$R$6:$AC$6='2.2 Thưởng NCC - ver2'!$F37)*('2.1. Thưởng NCC - ver1'!$D$7:$D$24='2.2 Thưởng NCC - ver2'!$D37))} -> 27.077 | I37: {=SUMPRODUCT('2.1. Thưởng NCC - ver1'!$AD$7:$AO$24*('2.1. Thưởng NCC - ver1'!$B$7:$B$24='2.2 Thưởng NCC - ver2'!$B37)*('2.1. Thưởng NCC - ver1'!$AD$6:$AO$6='2.2 Thưởng NCC - ver2'!$F37)*('2.1. Thưởng NCC - ver1'!$D$7:$D$24='2.2 Thưởng NCC - ver2'!$D37))} -> 0 | J37: =IFERROR(H37/G37,0) -> 1.08308 | K37: 9700 | L37: =K37*H37/10^3 -> 262.6469 | N37: =IF(J37<95%,0,150) -> 150 | O37: =IF(E37<>"",_xlfn.XLOOKUP($E37,'1. CS Hỗ trợ vận chuyển'!$D$8:$D$42,'1. CS Hỗ trợ vận chuyển'!$H$8:$H$42),0) -> 400 | Q37: =N37*H37/10^3 -> 4.06155 | R37: =I37*O37/10^3 -> 0 | S37: =10000000/10^6 -> 10 | T37: =5000000/10^6 -> 5 | U37: =SUM(Q37,R37,S37,T37) -> 19.06155 | W37: =IFERROR((SUM(Q37,R37,S37,T37)+(H37*K37/10^3))/H37*10^3,0) -> 10403.976 | X37: 10000
A38: =ROWS($A$36:A38) -> 3 | B38: Đồng Lâm | C38: 001dc000014oE0DAAU | D38: Hộ Kinh Doanh An Tâm | E38: Kiên Giang | F38: 2 | G38: {=SUMPRODUCT('2.1. Thưởng NCC - ver1'!$F$7:$Q$24*('2.1. Thưởng NCC - ver1'!$B$7:$B$24='2.2 Thưởng NCC - ver2'!$B38)*('2.1. Thưởng NCC - ver1'!$F$6:$Q$6='2.2 Thưởng NCC - ver2'!$F38)*('2.1. Thưởng NCC - ver1'!$D$7:$D$24='2.2 Thưởng NCC - ver2'!$D38))} -> 20 | H38: {=SUMPRODUCT('2.1. Thưởng NCC - ver1'!$R$7:$AC$24*('2.1. Thưởng NCC - ver1'!$B$7:$B$24='2.2 Thưởng NCC - ver2'!$B38)*('2.1. Thưởng NCC - ver1'!$R$6:$AC$6='2.2 Thưởng NCC - ver2'!$F38)*('2.1. Thưởng NCC - ver1'!$D$7:$D$24='2.2 Thưởng NCC - ver2'!$D38))} -> 20.579 | I38: {=SUMPRODUCT('2.1. Thưởng NCC - ver1'!$AD$7:$AO$24*('2.1. Thưởng NCC - ver1'!$B$7:$B$24='2.2 Thưởng NCC - ver2'!$B38)*('2.1. Thưởng NCC - ver1'!$AD$6:$AO$6='2.2 Thưởng NCC - ver2'!$F38)*('2.1. Thưởng NCC - ver1'!$D$7:$D$24='2.2 Thưởng NCC - ver2'!$D38))} -> 20.579 | J38: =IFERROR(H38/G38,0) -> 1.02895 | K38: 9472.6689 | L38: =K38*H38/10^3 -> 194.93805 | N38: =IF(J38<95%,0,150) -> 150 | O38: =IF(E38<>"",_xlfn.XLOOKUP($E38,'1. CS Hỗ trợ vận chuyển'!$D$8:$D$42,'1. CS Hỗ trợ vận chuyển'!$H$8:$H$42),0) -> 400 | Q38: =N38*H38/10^3 -> 3.08685 | R38: =I38*O38/10^3 -> 8.2316 | S38: =10000000/10^6 -> 10 | T38: =5000000/10^6 -> 5 | U38: =SUM(Q38,R38,S38,T38) -> 26.31845 | W38: =IFERROR((SUM(Q38,R38,S38,T38)+(H38*K38/10^3))/H38*10^3,0) -> 10751.567 | X38: 10000
A39: =ROWS($A$36:A39) -> 4 | B39: Đồng Lâm | C39: 001dc000014o4lcAAA | D39: Công Ty TNHH Thiện An Recycling | E39: Cà Mau | F39: 2 | G39: {=SUMPRODUCT('2.1. Thưởng NCC - ver1'!$F$7:$Q$24*('2.1. Thưởng NCC - ver1'!$B$7:$B$24='2.2 Thưởng NCC - ver2'!$B39)*('2.1. Thưởng NCC - ver1'!$F$6:$Q$6='2.2 Thưởng NCC - ver2'!$F39)*('2.1. Thưởng NCC - ver1'!$D$7:$D$24='2.2 Thưởng NCC - ver2'!$D39))} -> 20 | H39: {=SUMPRODUCT('2.1. Thưởng NCC - ver1'!$R$7:$AC$24*('2.1. Thưởng NCC - ver1'!$B$7:$B$24='2.2 Thưởng NCC - ver2'!$B39)*('2.1. Thưởng NCC - ver1'!$R$6:$AC$6='2.2 Thưởng NCC - ver2'!$F39)*('2.1. Thưởng NCC - ver1'!$D$7:$D$24='2.2 Thưởng NCC - ver2'!$D39))} -> 20.287 | I39: {=SUMPRODUCT('2.1. Thưởng NCC - ver1'!$AD$7:$AO$24*('2.1. Thưởng NCC - ver1'!$B$7:$B$24='2.2 Thưởng NCC - ver2'!$B39)*('2.1. Thưởng NCC - ver1'!$AD$6:$AO$6='2.2 Thưởng NCC - ver2'!$F39)*('2.1. Thưởng NCC - ver1'!$D$7:$D$24='2.2 Thưởng NCC - ver2'!$D39))} -> 6.11 | J39: =IFERROR(H39/G39,0) -> 1.01435 | K39: 9628.8479 | L39: =K39*H39/10^3 -> 195.34044 | N39: =IF(J39<95%,0,150) -> 150 | O39: =IF(E39<>"",_xlfn.XLOOKUP($E39,'1. CS Hỗ trợ vận chuyển'!$D$8:$D$42,'1. CS Hỗ trợ vận chuyển'!$H$8:$H$42),0) -> 400 | Q39: =N39*H39/10^3 -> 3.04305 | R39: =I39*O39/10^3 -> 2.444 | S39: =10000000/10^6 -> 10 | T39: =5000000/10^6 -> 5 | U39: =SUM(Q39,R39,S39,T39) -> 20.48705 | W39: =IFERROR((SUM(Q39,R39,S39,T39)+(H39*K39/10^3))/H39*10^3,0) -> 10638.709 | X39: 10000
A40: =ROWS($A$36:A40) -> 5 | B40: Đồng Lâm | C40: 001dc000014oE0DAAU | D40: Hộ Kinh Doanh An Tâm | E40: Kiên Giang | F40: 3 | G40: {=SUMPRODUCT('2.1. Thưởng NCC - ver1'!$F$7:$Q$24*('2.1. Thưởng NCC - ver1'!$B$7:$B$24='2.2 Thưởng NCC - ver2'!$B40)*('2.1. Thưởng NCC - ver1'!$F$6:$Q$6='2.2 Thưởng NCC - ver2'!$F40)*('2.1. Thưởng NCC - ver1'!$D$7:$D$24='2.2 Thưởng NCC - ver2'!$D40))} -> 30 | H40: {=SUMPRODUCT('2.1. Thưởng NCC - ver1'!$R$7:$AC$24*('2.1. Thưởng NCC - ver1'!$B$7:$B$24='2.2 Thưởng NCC - ver2'!$B40)*('2.1. Thưởng NCC - ver1'!$R$6:$AC$6='2.2 Thưởng NCC - ver2'!$F40)*('2.1. Thưởng NCC - ver1'!$D$7:$D$24='2.2 Thưởng NCC - ver2'!$D40))} -> 8.811 | I40: {=SUMPRODUCT('2.1. Thưởng NCC - ver1'!$AD$7:$AO$24*('2.1. Thưởng NCC - ver1'!$B$7:$B$24='2.2 Thưởng NCC - ver2'!$B40)*('2.1. Thưởng NCC - ver1'!$AD$6:$AO$6='2.2 Thưởng NCC - ver2'!$F40)*('2.1. Thưởng NCC - ver1'!$D$7:$D$24='2.2 Thưởng NCC - ver2'!$D40))} -> 8.811 | J40: =IFERROR(H40/G40,0) -> 0.2937 | L40: =K40*H40/10^3 -> 0 | N40: =IF(J40<95%,0,150) -> 0 | O40: =IF(E40<>"",_xlfn.XLOOKUP($E40,'1. CS Hỗ trợ vận chuyển'!$D$8:$D$42,'1. CS Hỗ trợ vận chuyển'!$H$8:$H$42),0) -> 400 | Q40: =N40*H40/10^3 -> 0 | R40: =I40*O40/10^3 -> 3.5244 | S40: =10000000/10^6 -> 10 | T40: =5000000/10^6 -> 5 | U40: =SUM(Q40,R40,S40,T40) -> 18.5244 | W40: =IFERROR((SUM(Q40,R40,S40,T40)+(H40*K40/10^3))/H40*10^3,0) -> 2102.4174 | X40: 10000
A41: =ROWS($A$36:A41) -> 6 | B41: Đồng Lâm | C41: 001dc000014o4lcAAA | D41: Công Ty TNHH Thiện An Recycling | E41: Cà Mau | F41: 3 | G41: {=SUMPRODUCT('2.1. Thưởng NCC - ver1'!$F$7:$Q$24*('2.1. Thưởng NCC - ver1'!$B$7:$B$24='2.2 Thưởng NCC - ver2'!$B41)*('2.1. Thưởng NCC - ver1'!$F$6:$Q$6='2.2 Thưởng NCC - ver2'!$F41)*('2.1. Thưởng NCC - ver1'!$D$7:$D$24='2.2 Thưởng NCC - ver2'!$D41))} -> 40 | H41: {=SUMPRODUCT('2.1. Thưởng NCC - ver1'!$R$7:$AC$24*('2.1. Thưởng NCC - ver1'!$B$7:$B$24='2.2 Thưởng NCC - ver2'!$B41)*('2.1. Thưởng NCC - ver1'!$R$6:$AC$6='2.2 Thưởng NCC - ver2'!$F41)*('2.1. Thưởng NCC - ver1'!$D$7:$D$24='2.2 Thưởng NCC - ver2'!$D41))} -> 44.265 | I41: {=SUMPRODUCT('2.1. Thưởng NCC - ver1'!$AD$7:$AO$24*('2.1. Thưởng NCC - ver1'!$B$7:$B$24='2.2 Thưởng NCC - ver2'!$B41)*('2.1. Thưởng NCC - ver1'!$AD$6:$AO$6='2.2 Thưởng NCC - ver2'!$F41)*('2.1. Thưởng NCC - ver1'!$D$7:$D$24='2.2 Thưởng NCC - ver2'!$D41))} -> 0 | J41: =IFERROR(H41/G41,0) -> 1.106625 | N41: =IF(J41<95%,0,150) -> 150 | O41: =IF(E41<>"",_xlfn.XLOOKUP($E41,'1. CS Hỗ trợ vận chuyển'!$D$8:$D$42,'1. CS Hỗ trợ vận chuyển'!$H$8:$H$42),0) -> 400 | Q41: =N41*H41/10^3 -> 6.63975 | R41: =I41*O41/10^3 -> 0 | S41: =10000000/10^6 -> 10 | T41: =5000000/10^6 -> 5 | U41: =SUM(Q41,R41,S41,T41) -> 21.63975
A42: =ROWS($A$36:A42) -> 7 | G42: {=SUMPRODUCT('2.1. Thưởng NCC - ver1'!$F$7:$Q$24*('2.1. Thưởng NCC - ver1'!$B$7:$B$24='2.2 Thưởng NCC - ver2'!$B42)*('2.1. Thưởng NCC - ver1'!$F$6:$Q$6='2.2 Thưởng NCC - ver2'!$F42)*('2.1. Thưởng NCC - ver1'!$D$7:$D$24='2.2 Thưởng NCC - ver2'!$D42))} -> 0 | H42: {=SUMPRODUCT('2.1. Thưởng NCC - ver1'!$R$7:$AC$24*('2.1. Thưởng NCC - ver1'!$B$7:$B$24='2.2 Thưởng NCC - ver2'!$B42)*('2.1. Thưởng NCC - ver1'!$R$6:$AC$6='2.2 Thưởng NCC - ver2'!$F42)*('2.1. Thưởng NCC - ver1'!$D$7:$D$24='2.2 Thưởng NCC - ver2'!$D42))} -> 0 | I42: {=SUMPRODUCT('2.1. Thưởng NCC - ver1'!$AD$7:$AO$24*('2.1. Thưởng NCC - ver1'!$B$7:$B$24='2.2 Thưởng NCC - ver2'!$B42)*('2.1. Thưởng NCC - ver1'!$AD$6:$AO$6='2.2 Thưởng NCC - ver2'!$F42)*('2.1. Thưởng NCC - ver1'!$D$7:$D$24='2.2 Thưởng NCC - ver2'!$D42))} -> 0 | J42: =IFERROR(H42/G42,0) -> 0 | N42: =IF(J42<95%,0,150) -> 0 | O42: =IF(E42<>"",_xlfn.XLOOKUP($E42,'1. CS Hỗ trợ vận chuyển'!$D$8:$D$42,'1. CS Hỗ trợ vận chuyển'!$H$8:$H$42),0) -> 0 | Q42: =N42*H42/10^3 -> 0 | R42: =I42*O42/10^3 -> 0 | S42: 0 | T42: 0 | U42: =SUM(Q42,R42,S42,T42) -> 0
A43: =ROWS($A$36:A43) -> 8 | G43: {=SUMPRODUCT('2.1. Thưởng NCC - ver1'!$F$7:$Q$24*('2.1. Thưởng NCC - ver1'!$B$7:$B$24='2.2 Thưởng NCC - ver2'!$B43)*('2.1. Thưởng NCC - ver1'!$F$6:$Q$6='2.2 Thưởng NCC - ver2'!$F43)*('2.1. Thưởng NCC - ver1'!$D$7:$D$24='2.2 Thưởng NCC - ver2'!$D43))} -> 0 | H43: {=SUMPRODUCT('2.1. Thưởng NCC - ver1'!$R$7:$AC$24*('2.1. Thưởng NCC - ver1'!$B$7:$B$24='2.2 Thưởng NCC - ver2'!$B43)*('2.1. Thưởng NCC - ver1'!$R$6:$AC$6='2.2 Thưởng NCC - ver2'!$F43)*('2.1. Thưởng NCC - ver1'!$D$7:$D$24='2.2 Thưởng NCC - ver2'!$D43))} -> 0 | I43: {=SUMPRODUCT('2.1. Thưởng NCC - ver1'!$AD$7:$AO$24*('2.1. Thưởng NCC - ver1'!$B$7:$B$24='2.2 Thưởng NCC - ver2'!$B43)*('2.1. Thưởng NCC - ver1'!$AD$6:$AO$6='2.2 Thưởng NCC - ver2'!$F43)*('2.1. Thưởng NCC - ver1'!$D$7:$D$24='2.2 Thưởng NCC - ver2'!$D43))} -> 0 | J43: =IFERROR(H43/G43,0) -> 0 | N43: =IF(J43<95%,0,150) -> 0 | O43: =IF(E43<>"",_xlfn.XLOOKUP($E43,'1. CS Hỗ trợ vận chuyển'!$D$8:$D$42,'1. CS Hỗ trợ vận chuyển'!$H$8:$H$42),0) -> 0 | Q43: =N43*H43/10^3 -> 0 | R43: =I43*O43/10^3 -> 0 | S43: 0 | T43: 0 | U43: =SUM(Q43,R43,S43,T43) -> 0
B44: TỔNG ĐỒNG LÂM | G44: =SUM(G36:G43) -> 155 | H44: =SUM(H36:H43) -> 128.865 | I44: =SUM(I36:I43) -> 43.346 | Q44: =SUM(Q36:Q43) -> 16.8312 | R44: =SUM(R36:R43) -> 17.3384 | S44: =SUM(S36:S43) -> 60 | T44: =SUM(T36:T43) -> 30 | U44: =SUM(U36:U43) -> 124.1696
A45: =ROWS($A$45:A45) -> 1 | B45: Khánh Nga | C45: 001J3000002HLmlIAG | D45: HKD Nguyễn Thị Thúy An | E45: Tây Ninh | F45: 1 | G45: {=SUMPRODUCT('2.1. Thưởng NCC - ver1'!$F$7:$Q$24*('2.1. Thưởng NCC - ver1'!$B$7:$B$24='2.2 Thưởng NCC - ver2'!$B45)*('2.1. Thưởng NCC - ver1'!$F$6:$Q$6='2.2 Thưởng NCC - ver2'!$F45)*('2.1. Thưởng NCC - ver1'!$D$7:$D$24='2.2 Thưởng NCC - ver2'!$D45))} -> 100 | H45: {=SUMPRODUCT('2.1. Thưởng NCC - ver1'!$R$7:$AC$24*('2.1. Thưởng NCC - ver1'!$B$7:$B$24='2.2 Thưởng NCC - ver2'!$B45)*('2.1. Thưởng NCC - ver1'!$R$6:$AC$6='2.2 Thưởng NCC - ver2'!$F45)*('2.1. Thưởng NCC - ver1'!$D$7:$D$24='2.2 Thưởng NCC - ver2'!$D45))} -> 103.225 | I45: {=SUMPRODUCT('2.1. Thưởng NCC - ver1'!$AD$7:$AO$24*('2.1. Thưởng NCC - ver1'!$B$7:$B$24='2.2 Thưởng NCC - ver2'!$B45)*('2.1. Thưởng NCC - ver1'!$AD$6:$AO$6='2.2 Thưởng NCC - ver2'!$F45)*('2.1. Thưởng NCC - ver1'!$D$7:$D$24='2.2 Thưởng NCC - ver2'!$D45))} -> 103.225 | J45: =IFERROR(H45/G45,0) -> 1.03225 | K45: 9700 | L45: =K45*H45/10^3 -> 1001.2825 | N45: =IF(J45<95%,0,150) -> 150 | O45: =IF(E45<>"",_xlfn.XLOOKUP($E45,'1. CS Hỗ trợ vận chuyển'!$D$8:$D$42,'1. CS Hỗ trợ vận chuyển'!$H$8:$H$42),0) -> 300 | Q45: =N45*H45/10^3 -> 15.48375 | R45: =I45*O45/10^3 -> 30.9675 | S45: 0 | T45: 0 | U45: =SUM(Q45,R45,S45,T45) -> 46.45125 | W45: =IFERROR((SUM(Q45,R45,S45,T45)+(H45*K45/10^3))/H45*10^3,0) -> 10150 | X45: 10000
A46: =ROWS($A$45:A46) -> 2 | B46: Khánh Nga | C46: 001J3000002HLmlIAG | D46: Công ty Phước Lộc Tân | E46: Tây Ninh | F46: 1 | G46: {=SUMPRODUCT('2.1. Thưởng NCC - ver1'!$F$7:$Q$24*('2.1. Thưởng NCC - ver1'!$B$7:$B$24='2.2 Thưởng NCC - ver2'!$B46)*('2.1. Thưởng NCC - ver1'!$F$6:$Q$6='2.2 Thưởng NCC - ver2'!$F46)*('2.1. Thưởng NCC - ver1'!$D$7:$D$24='2.2 Thưởng NCC - ver2'!$D46))} -> 0 | H46: {=SUMPRODUCT('2.1. Thưởng NCC - ver1'!$R$7:$AC$24*('2.1. Thưởng NCC - ver1'!$B$7:$B$24='2.2 Thưởng NCC - ver2'!$B46)*('2.1. Thưởng NCC - ver1'!$R$6:$AC$6='2.2 Thưởng NCC - ver2'!$F46)*('2.1. Thưởng NCC - ver1'!$D$7:$D$24='2.2 Thưởng NCC - ver2'!$D46))} -> 0 | I46: {=SUMPRODUCT('2.1. Thưởng NCC - ver1'!$AD$7:$AO$24*('2.1. Thưởng NCC - ver1'!$B$7:$B$24='2.2 Thưởng NCC - ver2'!$B46)*('2.1. Thưởng NCC - ver1'!$AD$6:$AO$6='2.2 Thưởng NCC - ver2'!$F46)*('2.1. Thưởng NCC - ver1'!$D$7:$D$24='2.2 Thưởng NCC - ver2'!$D46))} -> 0 | J46: =IFERROR(H46/G46,0) -> 0 | K46: 9615.7426 | L46: =K46*H46/10^3 -> 0 | N46: =IF(J46<95%,0,150) -> 0 | O46: =IF(E46<>"",_xlfn.XLOOKUP($E46,'1. CS Hỗ trợ vận chuyển'!$D$8:$D$42,'1. CS Hỗ trợ vận chuyển'!$H$8:$H$42),0) -> 300 | Q46: =N46*H46/10^3 -> 0 | R46: =I46*O46/10^3 -> 0 | S46: 0 | T46: 0 | U46: =SUM(Q46,R46,S46,T46) -> 0 | W46: =IFERROR((SUM(Q46,R46,S46,T46)+(H46*K46/10^3))/H46*10^3,0) -> 0 | X46: 10000
A47: =ROWS($A$45:A47) -> 3 | B47: Khánh Nga | C47: 001J3000002HLZuIAO | D47: HKD Bùi Văn Dương | E47: Bình Dương | F47: 1 | G47: {=SUMPRODUCT('2.1. Thưởng NCC - ver1'!$F$7:$Q$24*('2.1. Thưởng NCC - ver1'!$B$7:$B$24='2.2 Thưởng NCC - ver2'!$B47)*('2.1. Thưởng NCC - ver1'!$F$6:$Q$6='2.2 Thưởng NCC - ver2'!$F47)*('2.1. Thưởng NCC - ver1'!$D$7:$D$24='2.2 Thưởng NCC - ver2'!$D47))} -> 0 | H47: {=SUMPRODUCT('2.1. Thưởng NCC - ver1'!$R$7:$AC$24*('2.1. Thưởng NCC - ver1'!$B$7:$B$24='2.2 Thưởng NCC - ver2'!$B47)*('2.1. Thưởng NCC - ver1'!$R$6:$AC$6='2.2 Thưởng NCC - ver2'!$F47)*('2.1. Thưởng NCC - ver1'!$D$7:$D$24='2.2 Thưởng NCC - ver2'!$D47))} -> 0 | I47: {=SUMPRODUCT('2.1. Thưởng NCC - ver1'!$AD$7:$AO$24*('2.1. Thưởng NCC - ver1'!$B$7:$B$24='2.2 Thưởng NCC - ver2'!$B47)*('2.1. Thưởng NCC - ver1'!$AD$6:$AO$6='2.2 Thưởng NCC - ver2'!$F47)*('2.1. Thưởng NCC - ver1'!$D$7:$D$24='2.2 Thưởng NCC - ver2'!$D47))} -> 0 | J47: =IFERROR(H47/G47,0) -> 0 | N47: =IF(J47<95%,0,150) -> 0 | O47: =IF(E47<>"",_xlfn.XLOOKUP($E47,'1. CS Hỗ trợ vận chuyển'!$D$8:$D$42,'1. CS Hỗ trợ vận chuyển'!$H$8:$H$42),0) -> 300 | Q47: =N47*H47/10^3 -> 0 | R47: =I47*O47/10^3 -> 0 | S47: 0 | T47: 0 | U47: =SUM(Q47,R47,S47,T47) -> 0
A48: =ROWS($A$45:A48) -> 4 | B48: Khánh Nga | C48: 001J3000002HLmlIAG | D48: HKD Nguyễn Thị Thúy An | E48: Tây Ninh | F48: 2 | G48: {=SUMPRODUCT('2.1. Thưởng NCC - ver1'!$F$7:$Q$24*('2.1. Thưởng NCC - ver1'!$B$7:$B$24='2.2 Thưởng NCC - ver2'!$B48)*('2.1. Thưởng NCC - ver1'!$F$6:$Q$6='2.2 Thưởng NCC - ver2'!$F48)*('2.1. Thưởng NCC - ver1'!$D$7:$D$24='2.2 Thưởng NCC - ver2'!$D48))} -> 0 | H48: {=SUMPRODUCT('2.1. Thưởng NCC - ver1'!$R$7:$AC$24*('2.1. Thưởng NCC - ver1'!$B$7:$B$24='2.2 Thưởng NCC - ver2'!$B48)*('2.1. Thưởng NCC - ver1'!$R$6:$AC$6='2.2 Thưởng NCC - ver2'!$F48)*('2.1. Thưởng NCC - ver1'!$D$7:$D$24='2.2 Thưởng NCC - ver2'!$D48))} -> 0 | I48: {=SUMPRODUCT('2.1. Thưởng NCC - ver1'!$AD$7:$AO$24*('2.1. Thưởng NCC - ver1'!$B$7:$B$24='2.2 Thưởng NCC - ver2'!$B48)*('2.1. Thưởng NCC - ver1'!$AD$6:$AO$6='2.2 Thưởng NCC - ver2'!$F48)*('2.1. Thưởng NCC - ver1'!$D$7:$D$24='2.2 Thưởng NCC - ver2'!$D48))} -> 0 | J48: =IFERROR(H48/G48,0) -> 0 | N48: =IF(J48<95%,0,150) -> 0 | O48: =IF(E48<>"",_xlfn.XLOOKUP($E48,'1. CS Hỗ trợ vận chuyển'!$D$8:$D$42,'1. CS Hỗ trợ vận chuyển'!$H$8:$H$42),0) -> 300 | Q48: =N48*H48/10^3 -> 0 | R48: =I48*O48/10^3 -> 0 | S48: 0 | T48: 0 | U48: =SUM(Q48,R48,S48,T48) -> 0
A49: =ROWS($A$45:A49) -> 5 | B49: Khánh Nga | C49: 001J3000002HLmlIAG | D49: Công ty Phước Lộc Tân | E49: Tây Ninh | F49: 2 | G49: {=SUMPRODUCT('2.1. Thưởng NCC - ver1'!$F$7:$Q$24*('2.1. Thưởng NCC - ver1'!$B$7:$B$24='2.2 Thưởng NCC - ver2'!$B49)*('2.1. Thưởng NCC - ver1'!$F$6:$Q$6='2.2 Thưởng NCC - ver2'!$F49)*('2.1. Thưởng NCC - ver1'!$D$7:$D$24='2.2 Thưởng NCC - ver2'!$D49))} -> 50 | H49: {=SUMPRODUCT('2.1. Thưởng NCC - ver1'!$R$7:$AC$24*('2.1. Thưởng NCC - ver1'!$B$7:$B$24='2.2 Thưởng NCC - ver2'!$B49)*('2.1. Thưởng NCC - ver1'!$R$6:$AC$6='2.2 Thưởng NCC - ver2'!$F49)*('2.1. Thưởng NCC - ver1'!$D$7:$D$24='2.2 Thưởng NCC - ver2'!$D49))} -> 78.64 | I49: {=SUMPRODUCT('2.1. Thưởng NCC - ver1'!$AD$7:$AO$24*('2.1. Thưởng NCC - ver1'!$B$7:$B$24='2.2 Thưởng NCC - ver2'!$B49)*('2.1. Thưởng NCC - ver1'!$AD$6:$AO$6='2.2 Thưởng NCC - ver2'!$F49)*('2.1. Thưởng NCC - ver1'!$D$7:$D$24='2.2 Thưởng NCC - ver2'!$D49))} -> 78.64 | J49: =IFERROR(H49/G49,0) -> 1.5728 | N49: =IF(J49<95%,0,150) -> 150 | O49: =IF(E49<>"",_xlfn.XLOOKUP($E49,'1. CS Hỗ trợ vận chuyển'!$D$8:$D$42,'1. CS Hỗ trợ vận chuyển'!$H$8:$H$42),0) -> 300 | Q49: =N49*H49/10^3 -> 11.796 | R49: =I49*O49/10^3 -> 23.592 | S49: 0 | T49: 0 | U49: =SUM(Q49,R49,S49,T49) -> 35.388
A50: =ROWS($A$45:A50) -> 6 | B50: Khánh Nga | C50: 001J3000002HLZuIAO | D50: HKD Bùi Văn Dương | E50: Bình Dương | F50: 2 | G50: {=SUMPRODUCT('2.1. Thưởng NCC - ver1'!$F$7:$Q$24*('2.1. Thưởng NCC - ver1'!$B$7:$B$24='2.2 Thưởng NCC - ver2'!$B50)*('2.1. Thưởng NCC - ver1'!$F$6:$Q$6='2.2 Thưởng NCC - ver2'!$F50)*('2.1. Thưởng NCC - ver1'!$D$7:$D$24='2.2 Thưởng NCC - ver2'!$D50))} -> 0 | H50: {=SUMPRODUCT('2.1. Thưởng NCC - ver1'!$R$7:$AC$24*('2.1. Thưởng NCC - ver1'!$B$7:$B$24='2.2 Thưởng NCC - ver2'!$B50)*('2.1. Thưởng NCC - ver1'!$R$6:$AC$6='2.2 Thưởng NCC - ver2'!$F50)*('2.1. Thưởng NCC - ver1'!$D$7:$D$24='2.2 Thưởng NCC - ver2'!$D50))} -> 0 | I50: {=SUMPRODUCT('2.1. Thưởng NCC - ver1'!$AD$7:$AO$24*('2.1. Thưởng NCC - ver1'!$B$7:$B$24='2.2 Thưởng NCC - ver2'!$B50)*('2.1. Thưởng NCC - ver1'!$AD$6:$AO$6='2.2 Thưởng NCC - ver2'!$F50)*('2.1. Thưởng NCC - ver1'!$D$7:$D$24='2.2 Thưởng NCC - ver2'!$D50))} -> 0 | J50: =IFERROR(H50/G50,0) -> 0 | N50: =IF(J50<95%,0,150) -> 0 | O50: =IF(E50<>"",_xlfn.XLOOKUP($E50,'1. CS Hỗ trợ vận chuyển'!$D$8:$D$42,'1. CS Hỗ trợ vận chuyển'!$H$8:$H$42),0) -> 300 | Q50: =N50*H50/10^3 -> 0 | R50: =I50*O50/10^3 -> 0 | S50: 0 | T50: 0 | U50: =SUM(Q50,R50,S50,T50) -> 0
A51: =ROWS($A$45:A51) -> 7 | B51: Khánh Nga | C51: 001J3000002HLmlIAG | D51: HKD Nguyễn Thị Thúy An | E51: Tây Ninh | F51: 3 | G51: {=SUMPRODUCT('2.1. Thưởng NCC - ver1'!$F$7:$Q$24*('2.1. Thưởng NCC - ver1'!$B$7:$B$24='2.2 Thưởng NCC - ver2'!$B51)*('2.1. Thưởng NCC - ver1'!$F$6:$Q$6='2.2 Thưởng NCC - ver2'!$F51)*('2.1. Thưởng NCC - ver1'!$D$7:$D$24='2.2 Thưởng NCC - ver2'!$D51))} -> 0 | H51: {=SUMPRODUCT('2.1. Thưởng NCC - ver1'!$R$7:$AC$24*('2.1. Thưởng NCC - ver1'!$B$7:$B$24='2.2 Thưởng NCC - ver2'!$B51)*('2.1. Thưởng NCC - ver1'!$R$6:$AC$6='2.2 Thưởng NCC - ver2'!$F51)*('2.1. Thưởng NCC - ver1'!$D$7:$D$24='2.2 Thưởng NCC - ver2'!$D51))} -> 0 | I51: {=SUMPRODUCT('2.1. Thưởng NCC - ver1'!$AD$7:$AO$24*('2.1. Thưởng NCC - ver1'!$B$7:$B$24='2.2 Thưởng NCC - ver2'!$B51)*('2.1. Thưởng NCC - ver1'!$AD$6:$AO$6='2.2 Thưởng NCC - ver2'!$F51)*('2.1. Thưởng NCC - ver1'!$D$7:$D$24='2.2 Thưởng NCC - ver2'!$D51))} -> 0 | J51: =IFERROR(H51/G51,0) -> 0 | N51: =IF(J51<95%,0,150) -> 0 | O51: =IF(E51<>"",_xlfn.XLOOKUP($E51,'1. CS Hỗ trợ vận chuyển'!$D$8:$D$42,'1. CS Hỗ trợ vận chuyển'!$H$8:$H$42),0) -> 300 | Q51: =N51*H51/10^3 -> 0 | R51: =I51*O51/10^3 -> 0 | S51: 0 | T51: 0 | U51: =SUM(Q51,R51,S51,T51) -> 0
A52: =ROWS($A$45:A52) -> 8 | B52: Khánh Nga | C52: 001J3000002HLmlIAG | D52: Công ty Phước Lộc Tân | E52: Tây Ninh | F52: 3 | G52: {=SUMPRODUCT('2.1. Thưởng NCC - ver1'!$F$7:$Q$24*('2.1. Thưởng NCC - ver1'!$B$7:$B$24='2.2 Thưởng NCC - ver2'!$B52)*('2.1. Thưởng NCC - ver1'!$F$6:$Q$6='2.2 Thưởng NCC - ver2'!$F52)*('2.1. Thưởng NCC - ver1'!$D$7:$D$24='2.2 Thưởng NCC - ver2'!$D52))} -> 100 | H52: {=SUMPRODUCT('2.1. Thưởng NCC - ver1'!$R$7:$AC$24*('2.1. Thưởng NCC - ver1'!$B$7:$B$24='2.2 Thưởng NCC - ver2'!$B52)*('2.1. Thưởng NCC - ver1'!$R$6:$AC$6='2.2 Thưởng NCC - ver2'!$F52)*('2.1. Thưởng NCC - ver1'!$D$7:$D$24='2.2 Thưởng NCC - ver2'!$D52))} -> 137.63 | I52: {=SUMPRODUCT('2.1. Thưởng NCC - ver1'!$AD$7:$AO$24*('2.1. Thưởng NCC - ver1'!$B$7:$B$24='2.2 Thưởng NCC - ver2'!$B52)*('2.1. Thưởng NCC - ver1'!$AD$6:$AO$6='2.2 Thưởng NCC - ver2'!$F52)*('2.1. Thưởng NCC - ver1'!$D$7:$D$24='2.2 Thưởng NCC - ver2'!$D52))} -> 137.63 | J52: =IFERROR(H52/G52,0) -> 1.3763 | N52: =IF(J52<95%,0,150) -> 150 | O52: =IF(E52<>"",_xlfn.XLOOKUP($E52,'1. CS Hỗ trợ vận chuyển'!$D$8:$D$42,'1. CS Hỗ trợ vận chuyển'!$H$8:$H$42),0) -> 300 | Q52: =N52*H52/10^3 -> 20.6445 | R52: =I52*O52/10^3 -> 41.289 | S52: 0 | T52: 0 | U52: =SUM(Q52,R52,S52,T52) -> 61.9335
A53: =ROWS($A$45:A53) -> 9 | B53: Khánh Nga | C53: 001J3000002HLZuIAO | D53: HKD Bùi Văn Dương | E53: Bình Dương | F53: 3 | G53: {=SUMPRODUCT('2.1. Thưởng NCC - ver1'!$F$7:$Q$24*('2.1. Thưởng NCC - ver1'!$B$7:$B$24='2.2 Thưởng NCC - ver2'!$B53)*('2.1. Thưởng NCC - ver1'!$F$6:$Q$6='2.2 Thưởng NCC - ver2'!$F53)*('2.1. Thưởng NCC - ver1'!$D$7:$D$24='2.2 Thưởng NCC - ver2'!$D53))} -> 100 | H53: {=SUMPRODUCT('2.1. Thưởng NCC - ver1'!$R$7:$AC$24*('2.1. Thưởng NCC - ver1'!$B$7:$B$24='2.2 Thưởng NCC - ver2'!$B53)*('2.1. Thưởng NCC - ver1'!$R$6:$AC$6='2.2 Thưởng NCC - ver2'!$F53)*('2.1. Thưởng NCC - ver1'!$D$7:$D$24='2.2 Thưởng NCC - ver2'!$D53))} -> 22.127 | I53: {=SUMPRODUCT('2.1. Thưởng NCC - ver1'!$AD$7:$AO$24*('2.1. Thưởng NCC - ver1'!$B$7:$B$24='2.2 Thưởng NCC - ver2'!$B53)*('2.1. Thưởng NCC - ver1'!$AD$6:$AO$6='2.2 Thưởng NCC - ver2'!$F53)*('2.1. Thưởng NCC - ver1'!$D$7:$D$24='2.2 Thưởng NCC - ver2'!$D53))} -> 22.127 | J53: =IFERROR(H53/G53,0) -> 0.22127 | N53: =IF(J53<95%,0,150) -> 0 | O53: =IF(E53<>"",_xlfn.XLOOKUP($E53,'1. CS Hỗ trợ vận chuyển'!$D$8:$D$42,'1. CS Hỗ trợ vận chuyển'!$H$8:$H$42),0) -> 300 | Q53: =N53*H53/10^3 -> 0 | R53: =I53*O53/10^3 -> 6.6381 | S53: 0 | T53: 0 | U53: =SUM(Q53,R53,S53,T53) -> 6.6381
A54: =ROWS($A$45:A54) -> 10 | G54: {=SUMPRODUCT('2.1. Thưởng NCC - ver1'!$F$7:$Q$24*('2.1. Thưởng NCC - ver1'!$B$7:$B$24='2.2 Thưởng NCC - ver2'!$B54)*('2.1. Thưởng NCC - ver1'!$F$6:$Q$6='2.2 Thưởng NCC - ver2'!$F54)*('2.1. Thưởng NCC - ver1'!$D$7:$D$24='2.2 Thưởng NCC - ver2'!$D54))} -> 0 | H54: {=SUMPRODUCT('2.1. Thưởng NCC - ver1'!$R$7:$AC$24*('2.1. Thưởng NCC - ver1'!$B$7:$B$24='2.2 Thưởng NCC - ver2'!$B54)*('2.1. Thưởng NCC - ver1'!$R$6:$AC$6='2.2 Thưởng NCC - ver2'!$F54)*('2.1. Thưởng NCC - ver1'!$D$7:$D$24='2.2 Thưởng NCC - ver2'!$D54))} -> 0 | I54: {=SUMPRODUCT('2.1. Thưởng NCC - ver1'!$AD$7:$AO$24*('2.1. Thưởng NCC - ver1'!$B$7:$B$24='2.2 Thưởng NCC - ver2'!$B54)*('2.1. Thưởng NCC - ver1'!$AD$6:$AO$6='2.2 Thưởng NCC - ver2'!$F54)*('2.1. Thưởng NCC - ver1'!$D$7:$D$24='2.2 Thưởng NCC - ver2'!$D54))} -> 0 | J54: =IFERROR(H54/G54,0) -> 0 | N54: =IF(J54<95%,0,150) -> 0 | O54: =IF(E54<>"",_xlfn.XLOOKUP($E54,'1. CS Hỗ trợ vận chuyển'!$D$8:$D$42,'1. CS Hỗ trợ vận chuyển'!$H$8:$H$42),0) -> 0 | Q54: =N54*H54/10^3 -> 0 | R54: =I54*O54/10^3 -> 0 | S54: 0 | T54: 0 | U54: =SUM(Q54,R54,S54,T54) -> 0
A55: =ROWS($A$45:A55) -> 11 | G55: {=SUMPRODUCT('2.1. Thưởng NCC - ver1'!$F$7:$Q$24*('2.1. Thưởng NCC - ver1'!$B$7:$B$24='2.2 Thưởng NCC - ver2'!$B55)*('2.1. Thưởng NCC - ver1'!$F$6:$Q$6='2.2 Thưởng NCC - ver2'!$F55)*('2.1. Thưởng NCC - ver1'!$D$7:$D$24='2.2 Thưởng NCC - ver2'!$D55))} -> 0 | H55: {=SUMPRODUCT('2.1. Thưởng NCC - ver1'!$R$7:$AC$24*('2.1. Thưởng NCC - ver1'!$B$7:$B$24='2.2 Thưởng NCC - ver2'!$B55)*('2.1. Thưởng NCC - ver1'!$R$6:$AC$6='2.2 Thưởng NCC - ver2'!$F55)*('2.1. Thưởng NCC - ver1'!$D$7:$D$24='2.2 Thưởng NCC - ver2'!$D55))} -> 0 | I55: {=SUMPRODUCT('2.1. Thưởng NCC - ver1'!$AD$7:$AO$24*('2.1. Thưởng NCC - ver1'!$B$7:$B$24='2.2 Thưởng NCC - ver2'!$B55)*('2.1. Thưởng NCC - ver1'!$AD$6:$AO$6='2.2 Thưởng NCC - ver2'!$F55)*('2.1. Thưởng NCC - ver1'!$D$7:$D$24='2.2 Thưởng NCC - ver2'!$D55))} -> 0 | J55: =IFERROR(H55/G55,0) -> 0 | N55: =IF(J55<95%,0,150) -> 0 | O55: =IF(E55<>"",_xlfn.XLOOKUP($E55,'1. CS Hỗ trợ vận chuyển'!$D$8:$D$42,'1. CS Hỗ trợ vận chuyển'!$H$8:$H$42),0) -> 0 | Q55: =N55*H55/10^3 -> 0 | R55: =I55*O55/10^3 -> 0 | S55: 0 | T55: 0 | U55: =SUM(Q55,R55,S55,T55) -> 0
B56: TỔNG KHÁNH NGA | G56: =SUM(G45:G55) -> 350 | H56: =SUM(H45:H55) -> 341.622 | I56: =SUM(I45:I55) -> 341.622 | Q56: =SUM(Q45:Q55) -> 47.92425 | R56: =SUM(R45:R55) -> 102.4866 | S56: =SUM(S45:S55) -> 0 | T56: =SUM(T45:T55) -> 0 | U56: =SUM(U45:U55) -> 150.41085
B57: TỔNG CỘNG | G57: =SUM(G35,G44,G56) -> 2030 | H57: =SUM(H35,H44,H56) -> 2273.655 | I57: =SUM(I35,I44,I56) -> 2188.136 | L57: =SUM(L6:L45) -> 12983.621 | Q57: =SUM(Q35,Q44,Q56) -> 309.3219 | R57: =SUM(R35,R44,R56) -> 831.0099 | S57: =SUM(S35,S44,S56) -> 60 | T57: =SUM(T35,T44,T56) -> 30 | U57: =SUM(U35,U44,U56) -> 1230.3318

Sheet 3. DS NCC Trạm
A1: Quay lại
B2: DANH SÁCH NCC NVL 3 TRẠM
A5: STT | B5: TRẠM | C5: MÃ NCC THỐNG NHẤT | D5: KHÁCH HÀNG | E5: PHÂN LOẠI | F5: TỈNH | G5: KHU VỰC
A6: =ROWS($A$6:A6) -> 1 | B6: Đại Lộc | C6: NCC0986088098 | D6: Anh Khánh | E6: NCU phổ thông | F6: Đồng Nai | G6: TP. Hồ Chí Minh
A7: =ROWS($A$6:A7) -> 2 | B7: Đại Lộc | C7: NCC0358333717 | D7: HKD Cô Tư | E7: NCU phổ thông | F7: Đồng Nai | G7: TP. Hồ Chí Minh
A8: =ROWS($A$6:A8) -> 3 | B8: Đại Lộc | C8: NCC0946409351 | D8: HKD Tạ Khánh Linh | E8: NCU phổ thông | F8: Đồng Nai | G8: TP. Hồ Chí Minh
A9: =ROWS($A$6:A9) -> 4 | B9: Đại Lộc | C9: NCC0979575602 | D9: Anh Năm | E9: NCU phổ thông | F9: Đồng Nai | G9: TP. Hồ Chí Minh
A10: =ROWS($A$6:A10) -> 5 | B10: Đại Lộc | C10: NCC0357125780 | D10: Phan Thị Mỹ Hòa | E10: NCU phổ thông | F10: Đồng Nai | G10: TP. Hồ Chí Minh
A11: =ROWS($A$6:A11) -> 6 | B11: Đại Lộc | C11: NCC0932737937 | D11: Chị Thủy (Dầu Giây) | E11: NCU phổ thông | F11: Đồng Nai | G11: TP. Hồ Chí Minh
A12: =ROWS($A$6:A12) -> 7 | B12: Đại Lộc | C12: NCC0332593828 | D12: Anh Chuẩn (Cẩm Mỹ) | E12: NCU phổ thông | F12: Đồng Nai | G12: TP. Hồ Chí Minh
A13: =ROWS($A$6:A13) -> 8 | B13: Đại Lộc | C13: NCC0917222724 | D13: CTY Khánh Nga | E13: NCU phổ thông | F13: Đồng Tháp | G13: Miền Tây 1
A14: =ROWS($A$6:A14) -> 9 | B14: Đại Lộc | C14: NCC0867856222 | D14: Huấn (Lâm Đồng) | E14: NCU phổ thông | F14: Lâm Đồng | G14: Tây Nguyên
A15: =ROWS($A$6:A15) -> 10 | B15: Đại Lộc | C15: NCC0983655534 | D15: Chị Miền (Gia Kiệm) | E15: NCU phổ thông | F15: Đồng Nai | G15: TP. Hồ Chí Minh
A16: =ROWS($A$6:A16) -> 11 | B16: Đại Lộc | C16: NCC0965303303 | D16: Anh Cừ (Cẩm Mỹ) | E16: NCU phổ thông | F16: Đồng Nai | G16: TP. Hồ Chí Minh
A17: =ROWS($A$6:A17) -> 12 | B17: Đại Lộc | C17: NCC0777435707 | D17: Anh Vương (Hố Nai) | E17: NCU phổ thông | F17: Đồng Nai | G17: TP. Hồ Chí Minh
... A542: =ROWS($A$6:A542) -> 537 | B542: Khánh Nga | C542: NCC0914532832 | D542: Anh Hai Trà Vinh | E542: NCU phổ thông | F542: Vĩnh Long | G542: Miền Tây 2

Sheet Bảng tính T2
C1: BẢNG TÍNH GIÁ TRỊ THƯỞNG ĐỒNG HÀNH BA TRẠM THÁNG 02 NĂM 2026
A5: 1. BẢNG TÍNH SẢN LƯỢNG MUA VÀO BA TRẠM
A6: STT | B6: Trạm | C6: Sản phẩm Mua | D6: Sản Lượng Đầu Vào | E6: Tỷ trọng | F6: Giá Mua TB | G6: Đơn Giá Thưởng | H6: Tổng Giá Mua | I6: Giá TGĐ Duyệt | J6: Chênh Lệch | K6: Giá mua TB bao gồm hỗ trợ
A7: [1] | B7: [2] | C7: [3] | D7: [4] | E7: [5] | F7: [6] | G7: [7] | H7: [8]=[6]+[7] | I7: [9] | J7: [10]=[9]-[8]
A8: I. | B8: Nhà Cung Ứng Đồng Hành: | D8: =SUM(D9:D11) -> 591526 | E8: =D8/D16 -> 0.35328209 | F8: 9661.0759 | G8: =O34/Table2[[#This Row],[Sản Lượng Đầu Vào]] -> 502.81112 | H8: =Table2[[#This Row],[Giá Mua TB]]+Table2[[#This Row],[Đơn Giá Thưởng]] -> 10163.887 | I8: 10000 | J8: =Table2[[#This Row],[Tổng Giá Mua]]-Table2[[#This Row],[Giá TGĐ Duyệt]] -> 163.88706
A9: 1 | B9: Đại lộc | C9: Chai B0 | D9: 472020 | E9: =(D9/$D$8) -> 0.79797 | F9: 9658.3676 | G9: {=SUMPRODUCT((Table1[Trạm]=Table2[[#This Row],[Trạm]])*1,Table1[Tổng Thành Tiền Hỗ Trợ Chưa Thuế])/Table2[[#This Row],[Sản Lượng Đầu Vào]]} -> 455.98142 | H9: =Table2[[#This Row],[Giá Mua TB]]+Table2[[#This Row],[Đơn Giá Thưởng]] -> 10114.349 | I9: 10000 | J9: =Table2[[#This Row],[Tổng Giá Mua]]-Table2[[#This Row],[Giá TGĐ Duyệt]] -> 114.34907 | K9: =(Table2[[#This Row],[Sản Lượng Đầu Vào]]*Table2[[#This Row],[Giá Mua TB]]+(D13*F13))/SUM(Table2[[#This Row],[Sản Lượng Đầu Vào]],D13) -> 9541.1564
A10: 2 | B10: Đồng lâm | C10: Chai B0 | D10: =F29+F30 -> 40866 | E10: =(D10/$D$8) -> 0.069085721 | F10: 9779.4254 | G10: {=SUMPRODUCT((Table1[Trạm]=Table2[[#This Row],[Trạm]])*1,Table1[Tổng Thành Tiền Hỗ Trợ Chưa Thuế])/Table2[[#This Row],[Sản Lượng Đầu Vào]]} -> 1145.3409 | H10: =Table2[[#This Row],[Giá Mua TB]]+Table2[[#This Row],[Đơn Giá Thưởng]] -> 10924.766 | I10: 10000 | J10: =Table2[[#This Row],[Tổng Giá Mua]]-Table2[[#This Row],[Giá TGĐ Duyệt]] -> 924.76631 | K10: =(Table2[[#This Row],[Sản Lượng Đầu Vào]]*Table2[[#This Row],[Giá Mua TB]]+(D14*F14))/SUM(Table2[[#This Row],[Sản Lượng Đầu Vào]],D14) -> 9763.3303
A11: 3 | B11: Khánh Nga | C11: Chai B0 | D11: 78640 | E11: =(D11/$D$8) -> 0.13294428 | F11: 9615.7426 | G11: {=SUMPRODUCT((Table1[Trạm]=Table2[[#This Row],[Trạm]])*1,Table1[Tổng Thành Tiền Hỗ Trợ Chưa Thuế])/Table2[[#This Row],[Sản Lượng Đầu Vào]]} -> 450 | H11: =Table2[[#This Row],[Giá Mua TB]]+Table2[[#This Row],[Đơn Giá Thưởng]] -> 10065.743 | I11: 10000 | J11: =Table2[[#This Row],[Tổng Giá Mua]]-Table2[[#This Row],[Giá TGĐ Duyệt]] -> 65.742625 | K11: =(Table2[[#This Row],[Sản Lượng Đầu Vào]]*Table2[[#This Row],[Giá Mua TB]]+(D15*F15))/SUM(Table2[[#This Row],[Sản Lượng Đầu Vào]],D15) -> 9183.8271
A12: II. | B12: Nhà Cung Ứng Phổ Thông: | D12: =SUM(D13:D15) -> 1082847 | E12: =D12/D16 -> 0.64671791 | F12: 9367.7124 | G12: 0 | H12: =Table2[[#This Row],[Giá Mua TB]]+Table2[[#This Row],[Đơn Giá Thưởng]] -> 9367.7124 | I12: 10000 | J12: =Table2[[#This Row],[Tổng Giá Mua]]-Table2[[#This Row],[Giá TGĐ Duyệt]] -> -632.28762
A13: 1 | B13: Đại lộc | C13: Chai B0 | D13: 250781 | E13: =(D13/$D$12) -> 0.23159412 | F13: 9320.5413 | G13: 0 | H13: =Table2[[#This Row],[Giá Mua TB]]+Table2[[#This Row],[Đơn Giá Thưởng]] -> 9320.5413 | I13: 10000 | J13: =Table2[[#This Row],[Tổng Giá Mua]]-Table2[[#This Row],[Giá TGĐ Duyệt]] -> -679.45873
A14: 2 | B14: Đồng lâm | C14: Chai B0 | D14: 342040 | E14: =(D14/$D$12) -> 0.31587103 | F14: 9761.4073 | G14: 0 | H14: =Table2[[#This Row],[Giá Mua TB]]+Table2[[#This Row],[Đơn Giá Thưởng]] -> 9761.4073 | I14: 10000 | J14: =Table2[[#This Row],[Tổng Giá Mua]]-Table2[[#This Row],[Giá TGĐ Duyệt]] -> -238.59274
A15: 3 | B15: Khánh Nga | C15: Chai B0 | D15: 490026 | E15: =(D15/$D$12) -> 0.45253485 | F15: 9114.5127 | G15: 0 | H15: =Table2[[#This Row],[Giá Mua TB]]+Table2[[#This Row],[Đơn Giá Thưởng]] -> 9114.5127 | I15: 10000 | J15: =Table2[[#This Row],[Tổng Giá Mua]]-Table2[[#This Row],[Giá TGĐ Duyệt]] -> -885.48729
A16: (I)+(II) | B16: Tổng | D16: =D12+D8 -> 1674373 | E16: =D16/$D$16 -> 1 | F16: 9473.5772 | G16: =O34/Table2[[#This Row],[Sản Lượng Đầu Vào]] -> 177.63417 | H16: =Table2[[#This Row],[Giá Mua TB]]+Table2[[#This Row],[Đơn Giá Thưởng]] -> 9651.2114 | I16: 10000 | J16: =Table2[[#This Row],[Tổng Giá Mua]]-Table2[[#This Row],[Giá TGĐ Duyệt]] -> -348.78862
A19: 2. BẢNG TÍNH GIÁ TRỊ THƯỞNG SẢN LƯỢNG (Nhà Cung Ứng Đồng Hành)
A20: STT | B20: Trạm | C20: Tên Nhà Cung Ứng | D20: Tỉnh | E20: Chỉ Tiêu | F20: Sản Lượng | G20: % Đạt | H20: Mức Thưởng Tháng | I20: Giá Trị Thưởng Sản Lượng | J20: Sản Lượng Hỗ Trợ Vận Chuyển | K20: Mức Hỗ Trợ Vận Chuyển | L20: Giá Trị Hỗ Trợ Vận Chuyển | M20: Chi Phí Mặt Bằng | N20: Chi Phí Nhập Liệu | O20: Tổng Thành Tiền Hỗ Trợ Chưa Thuế
A21: [1] | B21: [2] | C21: [3] | D21: [4] | E21: [5] | F21: [6] | G21: [7]=[6]/[5] | H21: [8] | I21: [9] | J21: [10] | K21: [11] | L21: [12]=[10]*[11] | M21: [13] | N21: [14] | O21: [15]=[9]+[12]+[13]+[14]
A22: =ROW()-23 -> -1 | B22: Đại Lộc | C22: HKD Tâm Tường | D22: Quảng Ngãi | E22: 30000 | F22: 16620 | G22: =F22/E22 -> 0.554 | H22: 150 | I22: =IF(F22>=E22*95%,H22*F22,0) -> 0 | J22: =Table1[[#This Row],[Sản Lượng]] -> 16620 | K22: 500 | L22: =K22*J22 -> 8310000 | M22: 0 | N22: 0 | O22: =N22+M22+L22+I22 -> 8310000
A23: =ROW()-23 -> 0 | B23: Đại Lộc | C23: HKD Đinh Thị Thúy | D23: Phú Yên | E23: 30000 | F23: 32518 | G23: =F23/E23 -> 1.0839333 | H23: 150 | I23: =IF(F23>=E23*95%,H23*F23,0) -> 4877700 | J23: =Table1[[#This Row],[Sản Lượng]] -> 32518 | K23: 400 | L23: =K23*J23 -> 13007200 | M23: 0 | N23: 0 | O23: =N23+M23+L23+I23 -> 17884900
A24: =ROW()-23 -> 1 | B24: Đại Lộc | C24: HKD Hoàng Vân - Trần Duy Nhất | D24: Khánh Hòa | E24: 50000 | F24: 36857 | G24: =F24/E24 -> 0.73714 | H24: 150 | I24: =IF(F24>=E24*95%,H24*F24,0) -> 0 | J24: =Table1[[#This Row],[Sản Lượng]] -> 36857 | K24: 400 | L24: =K24*J24 -> 14742800 | M24: 0 | N24: 0 | O24: =N24+M24+L24+I24 -> 14742800
A25: =ROW()-23 -> 2 | B25: Đại Lộc | C25: HKD Bùi Văn Dương | D25: Bình Dương | E25: 100000 | F25: 279767 | G25: =F25/E25 -> 2.79767 | H25: 150 | I25: =IF(F25>=E25*95%,H25*F25,0) -> 41965050 | J25: =Table1[[#This Row],[Sản Lượng]] -> 279767 | K25: 300 | L25: =K25*J25 -> 83930100 | M25: 0 | N25: 0 | O25: =N25+M25+L25+I25 -> 125895150
A26: =ROW()-23 -> 3 | B26: Đại Lộc | C26: HKD Vạn Phát | D26: Ninh Thuận | E26: 30000 | F26: 31650 | G26: =F26/E26 -> 1.055 | H26: 150 | I26: =IF(F26>=E26*95%,H26*F26,0) -> 4747500 | J26: =Table1[[#This Row],[Sản Lượng]] -> 31650 | K26: 400 | L26: =K26*J26 -> 12660000 | M26: 0 | N26: 0 | O26: =N26+M26+L26+I26 -> 17407500
A27: =ROW()-23 -> 4 | B27: Đại Lộc | C27: CTY Thương Viên | D27: Gia Lai | E27: 40000 | F27: 47680 | G27: =F27/E27 -> 1.192 | H27: 150 | I27: =IF(F27>=E27*95%,H27*F27,0) -> 7152000 | J27: =Table1[[#This Row],[Sản Lượng]] -> 47680 | K27: 500 | L27: =K27*J27 -> 23840000 | M27: 0 | N27: 0 | O27: =N27+M27+L27+I27 -> 30992000
I28: =IF(F28>=E28*95%,H28*F28,0) -> 0 | J28: =Table1[[#This Row],[Sản Lượng]] -> 0 | L28: =K28*J28 -> 0 | O28: =SUM(O22:O27) -> 215232350
A29: =ROW()-21 -> 8 | B29: Đồng Lâm | C29: Hộ Kinh Doanh An Tâm | D29: Kiên Giang | E29: 20000 | F29: 20579 | G29: =F29/E29 -> 1.02895 | H29: 150 | I29: =IF(F29>=E29*95%,H29*F29,0) -> 3086850 | J29: 20579 | K29: 400 | L29: =K29*J29 -> 8231600 | M29: 10000000 | N29: 5000000 | O29: =N29+M29+L29+I29 -> 26318450
A30: =ROW()-21 -> 9 | B30: Đồng Lâm | C30: Công Ty TNHH Thiện An Recycling | D30: Cà Mau | E30: 20000 | F30: 20287 | G30: =F30/E30 -> 1.01435 | H30: 150 | I30: =IF(F30>=E30*95%,H30*F30,0) -> 3043050 | J30: 6110 | K30: 400 | L30: =K30*J30 -> 2444000 | M30: 10000000 | N30: 5000000 | O30: =N30+M30+L30+I30 -> 20487050
O31: =SUM(O29:O30) -> 46805500
A32: =ROW()-22 -> 10 | B32: Khánh Nga | C32: Công Ty Phước Lộc tân | D32: Tây Ninh | E32: 50000 | F32: 78640 | G32: =F32/E32 -> 1.5728 | H32: 150 | I32: =IF(F32>=E32*95%,H32*F32,0) -> 11796000 | J32: =Table1[[#This Row],[Sản Lượng]] -> 78640 | K32: 300 | L32: =K32*J32 -> 23592000 | M32: 0 | N32: 0 | O32: =N32+M32+L32+I32 -> 35388000
I33: =IF(F33>=E33*95%,H33*F33,0) -> 0 | J33: =Table1[[#This Row],[Sản Lượng]] -> 0 | L33: =K33*J33 -> 0 | O33: =O32 -> 35388000
E34: =SUM(E29:E33) -> 90000 | F34: =SUM(F29:F33) -> 119506 | G34: =Table1[[#This Row],[Sản Lượng]]/Table1[[#This Row],[Chỉ Tiêu]] -> 1.3278444 | I34: =SUM(I29:I33) -> 17925900 | J34: =SUM(J29:J33) -> 105329 | L34: =SUM(L29:L33) -> 34267600 | M34: =SUM(M29:M33) -> 20000000 | N34: =SUM(N29:N33) -> 10000000 | O34: =O28+O33+O31 -> 297425850
A36: 3. BẢNG TÍNH SẢN LƯỢNG BÁN BA TRẠM
A37: STT | B37: Trạm | C37: Sản Lượng Xuất Về DTR | D37: Giá Trị Thưởng | E37: Đơn Giá Thưởng
A38: 1 | B38: Đại lộc | C38: 513643 | D38: =O28 -> 215232350 | E38: =O28/C38 -> 419.03102
A39: 2 | B39: Đồng lâm | C39: 321709 | D39: =O31 -> 46805500 | E39: =O31/C39 -> 145.49018
A40: 3 | B40: Khánh Nga | C40: 464909 | D40: =O33 -> 35388000 | E40: =O33/C40 -> 76.118122
A41: (I)+(II) | B41: Tổng | C41: =SUM(C38:C40) -> 1300261 | D41: =SUM(D38:D40) -> 297425850 | E41: =D41/C41 -> 228.74319

Sheet Bảng tính T1
C1: BẢNG TÍNH GIÁ TRỊ THƯỞNG ĐỒNG HÀNH BA TRẠM THÁNG 01 NĂM 2026
A5: 1. BẢNG TÍNH SẢN LƯỢNG MUA VÀO BA TRẠM
A6: STT | B6: Trạm | C6: Sản phẩm Mua | D6: Sản Lượng Đầu Vào | E6: Tỷ trọng | F6: Giá Mua TB | G6: Đơn Giá Thưởng | H6: Tổng Giá Mua | I6: Giá TGĐ Duyệt | J6: Chênh Lệch
A7: [1] | B7: [2] | C7: [3] | D7: [4] | E7: [5] | F7: [6] | G7: [7] | H7: [8]=[6]+[7] | I7: [9] | J7: [10]=[9]-[8]
A8: I. | B8: Nhà Cung Ứng Đồng Hành: | D8: =SUM(D9:D11) -> 933850 | E8: =D8/D16 -> 0.30905955 | F8: 9661.0759 | G8: =O36/Table210[[#This Row],[Sản Lượng Đầu Vào]] -> 495.98747 | H8: =Table210[[#This Row],[Giá Mua TB]]+Table210[[#This Row],[Đơn Giá Thưởng]] -> 10157.063 | I8: 10000 | J8: =Table210[[#This Row],[Tổng Giá Mua]]-Table210[[#This Row],[Giá TGĐ Duyệt]] -> 157.06341
A9: 1 | B9: Đại lộc | C9: Chai B0 | D9: 794780 | E9: =(D9/$D$8) -> 0.85107887 | F9: 9909.606 | G9: {=SUMPRODUCT((Table19[Trạm]=Table210[[#This Row],[Trạm]])*1,Table19[Tổng Thành Tiền Hỗ Trợ Chưa Thuế])/Table210[[#This Row],[Sản Lượng Đầu Vào]]} -> 477.52422 | H9: =Table210[[#This Row],[Giá Mua TB]]+Table210[[#This Row],[Đơn Giá Thưởng]] -> 10387.13 | I9: 10000 | J9: =Table210[[#This Row],[Tổng Giá Mua]]-Table210[[#This Row],[Giá TGĐ Duyệt]] -> 387.13017
A10: 2 | B10: Đồng lâm | C10: Chai B0 | D10: 35280 | E10: =(D10/$D$8) -> 0.037779087 | F10: 9799.1581 | G10: {=SUMPRODUCT((Table19[Trạm]=Table210[[#This Row],[Trạm]])*1,Table19[Tổng Thành Tiền Hỗ Trợ Chưa Thuế])/Table210[[#This Row],[Sản Lượng Đầu Vào]]} -> 1054.4204 | H10: =Table210[[#This Row],[Giá Mua TB]]+Table210[[#This Row],[Đơn Giá Thưởng]] -> 10853.578 | I10: 10000 | J10: =Table210[[#This Row],[Tổng Giá Mua]]-Table210[[#This Row],[Giá TGĐ Duyệt]] -> 853.5785
A11: 3 | B11: Khánh Nga | C11: Chai B0 | D11: 103790 | E11: =(D11/$D$8) -> 0.11114205 | F11: 9700 | G11: {=SUMPRODUCT((Table19[Trạm]=Table210[[#This Row],[Trạm]])*1,Table19[Tổng Thành Tiền Hỗ Trợ Chưa Thuế])/Table210[[#This Row],[Sản Lượng Đầu Vào]]} -> 447.55034 | H11: =Table210[[#This Row],[Giá Mua TB]]+Table210[[#This Row],[Đơn Giá Thưởng]] -> 10147.55 | I11: 10000 | J11: =Table210[[#This Row],[Tổng Giá Mua]]-Table210[[#This Row],[Giá TGĐ Duyệt]] -> 147.55034
A12: II. | B12: Nhà Cung Ứng Phổ Thông: | D12: =SUM(D13:D15) -> 2087736 | E12: =D12/D16 -> 0.69094045 | F12: 9367.7124 | G12: 0 | H12: =Table210[[#This Row],[Giá Mua TB]]+Table210[[#This Row],[Đơn Giá Thưởng]] -> 9367.7124 | I12: 10000 | J12: =Table210[[#This Row],[Tổng Giá Mua]]-Table210[[#This Row],[Giá TGĐ Duyệt]] -> -632.28762
A13: 1 | B13: Đại lộc | C13: Chai B0 | D13: 581736 | E13: =(D13/$D$12) -> 0.27864443 | F13: 9663.608 | G13: 0 | H13: =Table210[[#This Row],[Giá Mua TB]]+Table210[[#This Row],[Đơn Giá Thưởng]] -> 9663.608 | I13: 10000 | J13: =Table210[[#This Row],[Tổng Giá Mua]]-Table210[[#This Row],[Giá TGĐ Duyệt]] -> -336.39202
A14: 2 | B14: Đồng lâm | C14: Chai B0 | D14: 713100 | E14: =(D14/$D$12) -> 0.34156618 | F14: 10101.496 | G14: 0 | H14: =Table210[[#This Row],[Giá Mua TB]]+Table210[[#This Row],[Đơn Giá Thưởng]] -> 10101.496 | I14: 10000 | J14: =Table210[[#This Row],[Tổng Giá Mua]]-Table210[[#This Row],[Giá TGĐ Duyệt]] -> 101.49614
A15: 3 | B15: Khánh Nga | C15: Chai B0 | D15: 792900 | E15: =(D15/$D$12) -> 0.3797894 | F15: 9286.497 | G15: 0 | H15: =Table210[[#This Row],[Giá Mua TB]]+Table210[[#This Row],[Đơn Giá Thưởng]] -> 9286.497 | I15: 10000 | J15: =Table210[[#This Row],[Tổng Giá Mua]]-Table210[[#This Row],[Giá TGĐ Duyệt]] -> -713.50301
A16: (I)+(II) | B16: Tổng | D16: =D12+D8 -> 3021586 | E16: =D16/$D$16 -> 1 | F16: 9736.934 | G16: =O36/Table210[[#This Row],[Sản Lượng Đầu Vào]] -> 153.28966 | H16: =Table210[[#This Row],[Giá Mua TB]]+Table210[[#This Row],[Đơn Giá Thưởng]] -> 9890.2237 | I16: 10000 | J16: =Table210[[#This Row],[Tổng Giá Mua]]-Table210[[#This Row],[Giá TGĐ Duyệt]] -> -109.77633
A19: 2. BẢNG TÍNH GIÁ TRỊ THƯỞNG SẢN LƯỢNG (Nhà Cung Ứng Đồng Hành)
A20: STT | B20: Trạm | C20: Tên Nhà Cung Ứng | D20: Tỉnh | E20: Chỉ Tiêu | F20: Sản Lượng | G20: % Đạt | H20: Mức Thưởng Tháng | I20: Giá Trị Thưởng Sản Lượng | J20: Sản Lượng Hỗ Trợ Vận Chuyển | K20: Mức Hỗ Trợ Vận Chuyển | L20: Giá Trị Hỗ Trợ Vận Chuyển | M20: Chi Phí Mặt Bằng | N20: Chi Phí Nhập Liệu | O20: Tổng Thành Tiền Hỗ Trợ Chưa Thuế
A21: [1] | B21: [2] | C21: [3] | D21: [4] | E21: [5] | F21: [6] | G21: [7]=[6]/[5] | H21: [8] | I21: [9] | J21: [10] | K21: [11] | L21: [12]=[10]*[11] | M21: [13] | N21: [14] | O21: [15]=[9]+[12]+[13]+[14]
A22: =ROW()-21 -> 1 | B22: Đại Lộc | C22: HKD Tâm Tường | D22: Quảng Ngãi | E22: 50000 | F22: 62456 | G22: =F22/E22 -> 1.24912 | H22: 150 | I22: =IF(F22>=E22*95%,H22*F22,0) -> 9368400 | J22: =Table19[[#This Row],[Sản Lượng]] -> 62456 | K22: 500 | L22: =K22*J22 -> 31228000 | M22: 0 | N22: 0 | O22: =N22+M22+L22+I22 -> 40596400
A23: =ROW()-21 -> 2 | B23: Đại Lộc | C23: HKD Đinh Thị Thúy | D23: Phú Yên | E23: 50000 | F23: 62032 | G23: =F23/E23 -> 1.24064 | H23: 150 | I23: =IF(F23>=E23*95%,H23*F23,0) -> 9304800 | J23: =Table19[[#This Row],[Sản Lượng]] -> 62032 | K23: 400 | L23: =K23*J23 -> 24812800 | M23: 0 | N23: 0 | O23: =N23+M23+L23+I23 -> 34117600
A24: =ROW()-21 -> 3 | B24: Đại Lộc | C24: Anh Danh (Ninh Thuận) | D24: Ninh Thuận | E24: 15000 | F24: 12453 | G24: =F24/E24 -> 0.8302 | H24: 150 | I24: =IF(F24>=E24*95%,H24*F24,0) -> 0 | J24: =Table19[[#This Row],[Sản Lượng]] -> 12453 | K24: 400 | L24: =K24*J24 -> 4981200 | M24: 0 | N24: 0 | O24: =N24+M24+L24+I24 -> 4981200
A25: =ROW()-21 -> 4 | B25: Đại Lộc | C25: HKD Vạn Phát | D25: Ninh Thuận | E25: 30000 | F25: 28539 | G25: =F25/E25 -> 0.9513 | H25: 150 | I25: =IF(F25>=E25*95%,H25*F25,0) -> 4280850 | J25: =Table19[[#This Row],[Sản Lượng]] -> 28539 | K25: 400 | L25: =K25*J25 -> 11415600 | M25: 0 | N25: 0 | O25: =N25+M25+L25+I25 -> 15696450
A26: =ROW()-21 -> 5 | B26: Đại Lộc | C26: HKD Hoàng Vân - Trần Duy Nhất | D26: Khánh Hòa | E26: 80000 | F26: 85920 | G26: =F26/E26 -> 1.074 | H26: 150 | I26: =IF(F26>=E26*95%,H26*F26,0) -> 12888000 | J26: =Table19[[#This Row],[Sản Lượng]] -> 85920 | K26: 400 | L26: =K26*J26 -> 34368000 | M26: 0 | N26: 0 | O26: =N26+M26+L26+I26 -> 47256000
A27: =ROW()-21 -> 6 | B27: Đại Lộc | C27: Thương Viên (Pleiku) | D27: Gia Lai | E27: 80000 | F27: 136231 | G27: =F27/E27 -> 1.7028875 | H27: 150 | I27: =IF(F27>=E27*95%,H27*F27,0) -> 20434650 | J27: =Table19[[#This Row],[Sản Lượng]] -> 136231 | K27: 500 | L27: =K27*J27 -> 68115500 | O27: =N27+M27+L27+I27 -> 88550150
A28: =ROW()-21 -> 7 | B28: Đại Lộc | C28: HKD Bùi Văn Dương | D28: Bình Dương | E28: 200000 | F28: 286462 | G28: =F28/E28 -> 1.43231 | H28: 150 | I28: =IF(F28>=E28*95%,H28*F28,0) -> 42969300 | J28: =Table19[[#This Row],[Sản Lượng]] -> 286462 | K28: 300 | L28: =K28*J28 -> 85938600 | O28: =N28+M28+L28+I28 -> 128907900
A29: =ROW()-21 -> 8 | B29: Đại Lộc | C29: HKD Hồ Hoàng | D29: Quảng Nam | E29: 80000 | F29: 38842 | G29: =F29/E29 -> 0.485525 | H29: 150 | I29: =IF(F29>=E29*95%,H29*F29,0) -> 0 | J29: =Table19[[#This Row],[Sản Lượng]] -> 38842 | K29: 500 | L29: =K29*J29 -> 19421000 | M29: 0 | N29: 0 | O29: =N29+M29+L29+I29 -> 19421000
F30: =SUM(F22:F29) -> 712935 | I30: =IF(F30>=E30*95%,H30*F30,0) -> 0 | J30: =Table19[[#This Row],[Sản Lượng]] -> 712935 | L30: =K30*J30 -> 0 | O30: =SUM(O22:O29) -> 379526700
A31: =ROW()-28 -> 3 | B31: Đồng Lâm | C31: Hộ Kinh Doanh An Tâm | D31: Kiên Giang | E31: 20000 | F31: 7846 | G31: =F31/E31 -> 0.3923 | H31: 150 | I31: =IF(F31>=E31*95%,H31*F31,0) -> 0 | J31: 7846 | K31: 400 | L31: =K31*J31 -> 3138400 | M31: 10000000 | N31: 5000000 | O31: =N31+M31+L31+I31 -> 18138400
A32: =ROW()-28 -> 4 | B32: Đồng Lâm | C32: Công Ty TNHH Thiện An Recycling | D32: Cà Mau | E32: 25000 | F32: 27077 | G32: =F32/E32 -> 1.08308 | H32: 150 | I32: =IF(F32>=E32*95%,H32*F32,0) -> 4061550 | J32: 0 | K32: 0 | L32: =K32*J32 -> 0 | M32: 10000000 | N32: 5000000 | O32: =N32+M32+L32+I32 -> 19061550
F33: =F32+F31 -> 34923 | O33: =SUM(O31:O32) -> 37199950
A34: =ROW()-31 -> 3 | B34: Khánh Nga | C34: HKD Nguyễn Thị Thúy An | D34: Tây Ninh | E34: 100000 | F34: 103225 | G34: =F34/E34 -> 1.03225 | H34: 150 | I34: =IF(F34>=E34*95%,H34*F34,0) -> 15483750 | J34: =Table19[[#This Row],[Sản Lượng]] -> 103225 | K34: 300 | L34: =K34*J34 -> 30967500 | M34: 0 | N34: 0 | O34: =N34+M34+L34+I34 -> 46451250
F35: =F34 -> 103225 | I35: =IF(F35>=E35*95%,H35*F35,0) -> 0 | J35: =Table19[[#This Row],[Sản Lượng]] -> 103225 | L35: =K35*J35 -> 0 | O35: =O34 -> 46451250
E36: =SUM(E31:E35) -> 145000 | F36: =SUM(F31:F35) -> 276296 | G36: =Table19[[#This Row],[Sản Lượng]]/Table19[[#This Row],[Chỉ Tiêu]] -> 1.9054897 | I36: =SUM(I31:I35) -> 19545300 | J36: =SUM(J31:J35) -> 214296 | L36: =SUM(L31:L35) -> 34105900 | M36: =SUM(M31:M35) -> 20000000 | N36: =SUM(N31:N35) -> 10000000 | O36: =O30+O35+O33 -> 463177900
A38: 3. BẢNG TÍNH SẢN LƯỢNG BÁN BA TRẠM
A39: STT | B39: Trạm | C39: Sản Lượng Xuất Về DTR | D39: Giá Trị Thưởng | E39: Đơn Giá Thưởng
A40: 1 | B40: Đại lộc | C40: 777722 | D40: =O30 -> 379526700 | E40: =O30/C40 -> 487.9979
A41: 2 | B41: Đồng lâm | C41: 513461 | D41: =O33 -> 37199950 | E41: =O33/C41 -> 72.449417
A42: 3 | B42: Khánh Nga | C42: 580272 | D42: =O35 -> 46451250 | E42: =O35/C42 -> 80.050821
A43: (I)+(II) | B43: Tổng | C43: =SUM(C40:C42) -> 1871455 | D43: =SUM(D40:D42) -> 463177900 | E43: =D43/C43 -> 247.49615

Sheet Tóm tắt
D1: Nội dung
B3: Hợp đồng nguyên tắc
B4: Tiêu chuẩn chai PET | C4: PL01 | D4: Chai PET xá (B0) ép thành kiện, chưa tách nhãn, kiện không dính bùn đất, dầu nhớt,… Các thành phần không đạt: chai hóa chất, chai dơ, chai dính bùn đất, độ ẩm, tạp kim loại, nhựa khác, chai màu khác, gỗ, cao su, cát đá,…
B5: Thỏa thuận nhập hàng | C5: PL02 | D5: 1.1. Bên A có trách nhiệm nhận toàn bộ hàng hóa của Bên B, bao gồm thành phần không đạt (không trả hàng). 1.2. Tỷ lệ các thành phần không đạt sẽ được Bên A kiểm tra và báo kết quả cho Bên B. Trong đó, Bên A hỗ trợ bì tạp 1% cho Bên B như sau: - Trường hợp Bên B giao hàng với tổng tỷ lệ các thành phần không đạt (tỷ lệ bì tạp) dưới hoặc bằng 1% thì tính tỷ lệ bì tạp bằng 0%. - Trường hợp Bên B giao hàng với tổng tỷ lệ các thành phần không đạt (tỷ lệ bì tạp) trên 1% thì hỗ trợ trừ 1%, cụ thể tính theo công thức sau: Tỷ lệ trừ bì tạp = Tỷ lệ bì tạp thực tế - 1% 1.3. Bên B có trách nhiệm đảm bảo chất lượng hàng bán đúng theo yêu cầu của Bên A.
B6: Thưởng sản lượng | C6: PL03 | D6: Sản lượng cung ứng: Bên B cam kết bán cho Bên A theo sản lượng chi tiết bên dưới, với dung sai được phép dao động - 5% Ký kết sản lượng ngay từ đầu năm Thưởng sản lượng tháng: 50đ/kg Thưởng sản lượng quý: 50đ/kg Thưởng sản lượng năm: 50đ/kg
B7: Vận chuyển hàng hóa | C7: PL04 | D7: Chi phí bốc dỡ hàng hóa: Mỗi bên chịu một đầu. Bên A hỗ trợ một phần chi phí cho Bên B với mức hỗ trợ là: ... VNĐ/kg Trường hợp xe bên A đến vận chuyển hàng bên B thì mức hỗ trợ không áp dụng
B8: Thỏa thuận hợp tác | C8: PL05 | D8: Chi phí mặt bằng Chi phí cập nhật dữ liệu
B9: Đơn giá | C9: Từng PO
D16: hỗ trợ vận chuyển
D17: tiêu chuẩn chất lượng
D18: thưởng sản lượng
D19: nhập hàng trừ bì tạp
